-- --------------------------------------------------------
-- 호스트:                          stg-yswa-kr-practice-db-master.mariadb.database.azure.com
-- 서버 버전:                        10.3.23-MariaDB - MariaDB Server
-- 서버 OS:                        Win64
-- HeidiSQL 버전:                  12.3.0.6589
-- --------------------------------------------------------

/*!40101 SET @OLD_CHARACTER_SET_CLIENT=@@CHARACTER_SET_CLIENT */;
/*!40101 SET NAMES utf8 */;
/*!50503 SET NAMES utf8mb4 */;
/*!40103 SET @OLD_TIME_ZONE=@@TIME_ZONE */;
/*!40103 SET TIME_ZONE='+00:00' */;
/*!40014 SET @OLD_FOREIGN_KEY_CHECKS=@@FOREIGN_KEY_CHECKS, FOREIGN_KEY_CHECKS=0 */;
/*!40101 SET @OLD_SQL_MODE=@@SQL_MODE, SQL_MODE='NO_AUTO_VALUE_ON_ZERO' */;
/*!40111 SET @OLD_SQL_NOTES=@@SQL_NOTES, SQL_NOTES=0 */;


-- s10p12a409 데이터베이스 구조 내보내기
CREATE DATABASE IF NOT EXISTS `s10p12a409` /*!40100 DEFAULT CHARACTER SET utf8mb4 COLLATE utf8mb4_bin */;
USE `s10p12a409`;

-- 테이블 s10p12a409.answer 구조 내보내기
CREATE TABLE IF NOT EXISTS `answer` (
  `answer_id` bigint(20) NOT NULL AUTO_INCREMENT,
  `content` varchar(255) COLLATE utf8mb4_bin DEFAULT NULL,
  `question_id` bigint(20) DEFAULT NULL,
  PRIMARY KEY (`answer_id`),
  KEY `FK8frr4bcabmmeyyu60qt7iiblo` (`question_id`),
  CONSTRAINT `FK8frr4bcabmmeyyu60qt7iiblo` FOREIGN KEY (`question_id`) REFERENCES `question` (`question_id`)
) ENGINE=InnoDB AUTO_INCREMENT=23 DEFAULT CHARSET=utf8mb4 COLLATE=utf8mb4_bin;

-- 테이블 데이터 s10p12a409.answer:~22 rows (대략적) 내보내기
INSERT INTO `answer` (`answer_id`, `content`, `question_id`) VALUES
	(1, '역시 돈이 최고지~!~~!!!', 1),
	(2, '무슨 소리야 명예가 있어야지', 1),
	(3, '달달한 성공', 1),
	(4, '노력은 배신하지 않아 ...', 1),
	(5, '천재 한 명이 똑똑한 열 명보다 낫다!', 2),
	(6, '똑똑한 열 명이 천재 한 명보다 낫다!', 2),
	(7, '빨강빨강~', 3),
	(8, '스타워즈 칼 색깔은? 주황~', 3),
	(9, '파랑파랑~', 3),
	(10, '스파이더맨 거미줄 색깔은? 초록-!', 3),
	(11, '노랑노랑~', 3),
	(12, '내 심장의 색깔은 블랙', 3),
	(13, '공격이지 !', 4),
	(14, '? 당연히 패스지', 4),
	(15, '역시 수비지', 4),
	(16, '아니 팀워크지 ~', 4),
	(17, '아니? 결과만 좋으면 돼', 5),
	(18, '당연히 과정이 중요하지', 5),
	(19, '장관이네요 절경이고요, 나는 공기 좋은 산 !', 6),
	(20, '와우 여름이다 !!! 바다로 갈랭 ~', 6),
	(21, '과거를 잊은 자에겐 미래란 없다 !', 7),
	(22, '현재 is present (한국어로 선물)', 7);

-- 테이블 s10p12a409.answer_seq 구조 내보내기
CREATE TABLE IF NOT EXISTS `answer_seq` (
  `next_not_cached_value` bigint(21) NOT NULL,
  `minimum_value` bigint(21) NOT NULL,
  `maximum_value` bigint(21) NOT NULL,
  `start_value` bigint(21) NOT NULL COMMENT 'start value when sequences is created or value if RESTART is used',
  `increment` bigint(21) NOT NULL COMMENT 'increment value',
  `cache_size` bigint(21) unsigned NOT NULL,
  `cycle_option` tinyint(1) unsigned NOT NULL COMMENT '0 if no cycles are allowed, 1 if the sequence should begin a new cycle when maximum_value is passed',
  `cycle_count` bigint(21) NOT NULL COMMENT 'How many cycles have been done'
) ENGINE=InnoDB SEQUENCE=1;

-- 테이블 데이터 s10p12a409.answer_seq:~1 rows (대략적) 내보내기
INSERT INTO `answer_seq` (`next_not_cached_value`, `minimum_value`, `maximum_value`, `start_value`, `increment`, `cache_size`, `cycle_option`, `cycle_count`) VALUES
	(1, 1, 9223372036854775806, 1, 50, 0, 0, 0);

-- 테이블 s10p12a409.badge 구조 내보내기
CREATE TABLE IF NOT EXISTS `badge` (
  `badge_id` int(11) NOT NULL AUTO_INCREMENT,
  `buy_at` datetime(6) DEFAULT NULL,
  `badge_detail_id` int(11) DEFAULT NULL,
  `user_id` int(11) DEFAULT NULL,
  PRIMARY KEY (`badge_id`),
  KEY `FKi1j1pm83ictummm52fr2eljvv` (`badge_detail_id`),
  KEY `FK4aamfo6o0h5ejqjn40fv40jdw` (`user_id`),
  CONSTRAINT `FK4aamfo6o0h5ejqjn40fv40jdw` FOREIGN KEY (`user_id`) REFERENCES `user` (`user_id`),
  CONSTRAINT `FKi1j1pm83ictummm52fr2eljvv` FOREIGN KEY (`badge_detail_id`) REFERENCES `badge_detail` (`badge_detail_id`)
) ENGINE=InnoDB AUTO_INCREMENT=60 DEFAULT CHARSET=utf8mb4 COLLATE=utf8mb4_bin;

-- 테이블 데이터 s10p12a409.badge:~59 rows (대략적) 내보내기
INSERT INTO `badge` (`badge_id`, `buy_at`, `badge_detail_id`, `user_id`) VALUES
	(1, '2024-02-05 10:30:41.271609', 1, 1),
	(2, '2024-02-05 10:31:52.367712', 1, 14),
	(3, '2024-02-05 10:32:11.622713', 2, 14),
	(4, '2024-02-06 15:21:39.570331', 12, 17),
	(5, '2024-02-06 16:24:29.834679', 5, 2),
	(6, '2024-02-07 00:12:57.427828', 10, 3),
	(7, '2024-02-07 19:21:36.649241', 2, 2),
	(8, '2024-02-07 19:21:41.066702', 3, 2),
	(9, '2024-02-07 19:21:50.168956', 4, 2),
	(10, '2024-02-07 19:21:54.129266', 6, 2),
	(11, '2024-02-07 19:22:52.655499', 7, 2),
	(12, '2024-02-07 19:22:55.643376', 8, 2),
	(13, '2024-02-07 19:23:03.234754', 9, 2),
	(14, '2024-02-07 19:23:05.546120', 10, 2),
	(15, '2024-02-07 19:23:09.340493', 11, 2),
	(16, '2024-02-07 19:23:12.157465', 12, 2),
	(17, '2024-02-11 12:24:44.357672', 1, 12),
	(18, '2024-02-11 14:05:27.097853', 1, 2),
	(19, '2024-02-11 15:06:17.070037', 2, 1),
	(20, '2024-02-11 19:57:46.276550', 2, 5),
	(21, '2024-02-11 19:57:52.222968', 1, 5),
	(22, '2024-02-11 19:57:56.934975', 4, 5),
	(23, '2024-02-11 19:58:02.617470', 9, 5),
	(24, '2024-02-12 00:14:08.097115', 10, 1),
	(25, '2024-02-12 00:53:58.462474', 2, 16),
	(26, '2024-02-12 00:56:25.865776', 1, 23),
	(27, '2024-02-12 14:04:30.143263', 10, 5),
	(28, '2024-02-12 14:04:37.774059', 11, 5),
	(29, '2024-02-12 14:43:57.495529', 12, 5),
	(30, '2024-02-12 16:04:02.053006', 5, 1),
	(31, '2024-02-12 17:55:37.003571', 5, 24),
	(32, '2024-02-12 23:47:18.262257', 3, 3),
	(33, '2024-02-13 00:26:08.373846', 7, 12),
	(34, '2024-02-13 00:30:34.120799', 6, 12),
	(35, '2024-02-13 00:31:18.915360', 10, 12),
	(36, '2024-02-13 01:10:22.558188', 11, 12),
	(37, '2024-02-13 09:16:09.904276', 1, 22),
	(38, '2024-02-13 09:16:13.754105', 4, 22),
	(39, '2024-02-13 15:32:03.103476', 3, 5),
	(40, '2024-02-14 15:55:07.601545', 4, 27),
	(41, '2024-02-15 08:30:42.579108', 1, 4),
	(42, '2024-02-15 08:30:50.830152', 4, 4),
	(43, '2024-02-15 10:21:29.468331', 11, 1),
	(44, '2024-02-15 10:21:35.598543', 10, 13),
	(45, '2024-02-15 10:22:01.872045', 12, 14),
	(46, '2024-02-15 10:22:23.944393', 3, 34),
	(47, '2024-02-15 10:22:32.200931', 1, 3),
	(48, '2024-02-15 10:22:38.208444', 2, 3),
	(49, '2024-02-15 10:28:07.794803', 8, 12),
	(50, '2024-02-15 10:37:58.790984', 5, 17),
	(51, '2024-02-15 10:38:05.182967', 6, 17),
	(52, '2024-02-15 11:00:36.807896', 5, 35),
	(53, '2024-02-15 12:12:10.849992', 5, 36),
	(54, '2024-02-15 14:01:40.431685', 2, 4),
	(55, '2024-02-15 22:18:34.775819', 1, 16),
	(56, '2024-02-15 23:11:45.774417', 3, 16),
	(57, '2024-02-15 23:22:50.672994', 4, 16),
	(58, '2024-02-16 00:05:28.750265', 7, 16),
	(59, '2024-02-16 01:04:02.194067', 12, 16);

-- 테이블 s10p12a409.badge_detail 구조 내보내기
CREATE TABLE IF NOT EXISTS `badge_detail` (
  `badge_detail_id` int(11) NOT NULL AUTO_INCREMENT,
  `code` varchar(255) COLLATE utf8mb4_bin DEFAULT NULL,
  `description` varchar(255) COLLATE utf8mb4_bin DEFAULT NULL,
  `price` int(11) DEFAULT NULL,
  PRIMARY KEY (`badge_detail_id`)
) ENGINE=InnoDB AUTO_INCREMENT=13 DEFAULT CHARSET=utf8mb4 COLLATE=utf8mb4_bin;

-- 테이블 데이터 s10p12a409.badge_detail:~12 rows (대략적) 내보내기
INSERT INTO `badge_detail` (`badge_detail_id`, `code`, `description`, `price`) VALUES
	(1, '1', '울산 현대', 1000),
	(2, '2', '포항 스틸러스', 1000),
	(3, '3', '제주 유나이티드', 1000),
	(4, '4', '전북 현대 모터스', 1000),
	(5, '5', 'FC 서울', 1000),
	(6, '6', '대전 하나 시티즌', 1000),
	(7, '7', '대구 FC', 1000),
	(8, '8', '인천 유나이티드', 1000),
	(9, '9', '강원 FC', 1000),
	(10, '10', '광주 FC', 1000),
	(11, '11', '수원 FC', 1000),
	(12, '12', '김천 상무', 1000);

-- 테이블 s10p12a409.betting 구조 내보내기
CREATE TABLE IF NOT EXISTS `betting` (
  `betting_id` int(11) NOT NULL AUTO_INCREMENT,
  `amount` int(11) DEFAULT NULL,
  `betting_team_id` int(11) DEFAULT NULL,
  `match_id` int(11) DEFAULT NULL,
  `user_id` int(11) DEFAULT NULL,
  PRIMARY KEY (`betting_id`)
) ENGINE=InnoDB DEFAULT CHARSET=utf8mb4 COLLATE=utf8mb4_bin;

-- 테이블 데이터 s10p12a409.betting:~0 rows (대략적) 내보내기

-- 테이블 s10p12a409.board 구조 내보내기
CREATE TABLE IF NOT EXISTS `board` (
  `board_id` bigint(20) NOT NULL AUTO_INCREMENT,
  `board_type` enum('WAGGLE','MATE','PRODUCT') COLLATE utf8mb4_bin DEFAULT NULL,
  `content` varchar(255) COLLATE utf8mb4_bin DEFAULT NULL,
  `create_at` datetime(6) DEFAULT NULL,
  `board_image` text COLLATE utf8mb4_bin DEFAULT NULL,
  `delete_at` datetime(6) DEFAULT NULL,
  `title` varchar(255) COLLATE utf8mb4_bin DEFAULT NULL,
  `update_at` datetime(6) DEFAULT NULL,
  `user_id` int(11) DEFAULT NULL,
  PRIMARY KEY (`board_id`)
) ENGINE=InnoDB AUTO_INCREMENT=49 DEFAULT CHARSET=utf8mb4 COLLATE=utf8mb4_bin;

-- 테이블 데이터 s10p12a409.board:~38 rows (대략적) 내보내기
INSERT INTO `board` (`board_id`, `board_type`, `content`, `create_at`, `board_image`, `delete_at`, `title`, `update_at`, `user_id`) VALUES
	(1, 'WAGGLE', '손흥민이랑 싸운거 실화?\n\n#대표팀불화 #이강인 #손흥민', '2024-02-15 14:00:23.578350', NULL, NULL, '이강인 인성 이슈', '2024-02-15 14:16:34.651255', 4),
	(2, 'MATE', '저랑 축구 직관 데이트 해요~', '2024-02-15 14:03:06.392102', NULL, NULL, '3월 울산 첫경기 보러가실분?', '2024-02-15 14:04:22.987332', 4),
	(3, 'WAGGLE', '울산 문수 경기장 가서 울산FC 경기 볼 예정인데요~\n맛집 좀 추천해주세요~~\n근데 울산 분들은 진짜 고래 타고 다니시나요~~?\n\n#울산 #울산fc #울산맛집', '2024-02-15 14:07:24.041846', 'https://k-l1verse.s3.ap-northeast-2.amazonaws.com/32f15e87-b41a-4e99-b6a5-9dfe97a73402.jpg', NULL, '울산 맛집 추천해주세요~', '2024-02-15 14:28:57.508029', 16),
	(4, 'PRODUCT', '네고X\n\n정품 인증 가능합니다!', '2024-02-15 14:12:44.470765', 'https://k-l1verse.s3.ap-northeast-2.amazonaws.com/deb40364-b380-4f71-bb61-385e14c1f900.jpg,https://k-l1verse.s3.ap-northeast-2.amazonaws.com/79d7b8fe-5f71-4aa4-a324-de555877c0bf.jpg', '2024-02-15 14:13:27.101457', '손흥민 싸인 유니폼 팝니다!', '2024-02-15 14:13:27.112942', 4),
	(5, 'MATE', '울산 경기. 보고. 맛집. 같이 가실 분. 구하요.\n40대. 남잡니다.', '2024-02-15 14:15:40.553221', NULL, NULL, '밑에분이랑. 가기싫어서. 새로 글 올림다.', '2024-02-15 14:15:40.553258', 16),
	(6, 'PRODUCT', '박주영 K리그 200경기 기념 유니폼 팝니다!\n\n네고X', '2024-02-15 14:16:05.545974', 'https://k-l1verse.s3.ap-northeast-2.amazonaws.com/814d927b-113c-4f6a-ba18-51f452525cf3.jpg', NULL, '박주영 K리그 200경기 기념 유니폼 2벌', '2024-02-15 14:16:05.577840', 4),
	(7, 'WAGGLE', '전북현대 2024경기 일정 공유합니다!\n\n#전북 #전북현대 #K리그 #우승', '2024-02-15 14:23:12.569151', 'https://k-l1verse.s3.ap-northeast-2.amazonaws.com/edd415fe-286e-400d-a8b2-1dc081a32be7.jpg', NULL, '전북현대 2024경기 일정 공유', '2024-02-15 14:23:12.599722', 22),
	(8, 'PRODUCT', '23시즌 전북현대 홈 조규성 유니폼 판매합니다!\n네고 절대 불가,,,', '2024-02-15 14:25:52.403795', 'https://k-l1verse.s3.ap-northeast-2.amazonaws.com/7f38c8b5-269f-4505-8116-6fda816bebc6.jpg', NULL, '23시즌 전북현대 홈 조규성 유니폼 판매', '2024-02-15 14:25:52.435855', 22),
	(9, 'PRODUCT', '아들방에 있던건데~ 안 쓰는 거 같아서 팔아용~~\n유희왕 카드 같네요~~', '2024-02-15 14:34:52.201482', 'https://k-l1verse.s3.ap-northeast-2.amazonaws.com/da136678-4ae4-468b-9d63-fed1cacbdb5d.jpg', '2024-02-15 14:35:26.650638', '케이리그 카드 팔아요~', '2024-02-15 14:35:26.660555', 3),
	(10, 'PRODUCT', '울아들.방에 있던카드.\n안 쓰는 거 같아서. \n팝니다.\n유희왕 카드. 같습니다.', '2024-02-15 14:36:30.764898', 'https://k-l1verse.s3.ap-northeast-2.amazonaws.com/7d0b0298-2783-4f7e-a455-24b531d95f42.jpg', NULL, '케이리그. 카드 팝니다', '2024-02-15 14:36:30.795051', 16),
	(11, 'WAGGLE', '울 딸이 케이리그 좋아하면 들어와보라고 해서~\n가입했습니다~~ 반가워요 ㅎㅎ~\n\n제가 찍은 꽃 사진들 입니다~~\n즐감 해주세요~\n\n#케이리그 #케사모 #딸맘 #꽃', '2024-02-15 14:41:00.406869', 'https://k-l1verse.s3.ap-northeast-2.amazonaws.com/fcab0911-3c5a-415c-92c4-17c9288faa03.jpg,https://k-l1verse.s3.ap-northeast-2.amazonaws.com/df53a1e6-cd8b-477c-932f-31dc05cd124c.jpg,https://k-l1verse.s3.ap-northeast-2.amazonaws.com/40ec8305-b69f-41ca-9b70-7574a17f76ed.jpg', NULL, '울 딸이 추천해줘서~ 가입했습니다~', '2024-02-15 14:41:00.436803', 37),
	(12, 'WAGGLE', '재작년 월드컵 보고 푹 빠져서 케이리그 팬까지 됐습니다. \n아직 응원하는 팀은 없는데 직관은 한 번 하고 왔습니다 ㅎㅎ \n다들 언제 케이리그 좋아하기 시작하셨나요?', '2024-02-15 14:55:02.000168', NULL, NULL, '재작년 월드컵 보고 축구 팬 됐습니다!', '2024-02-15 14:55:02.000168', 17),
	(13, 'WAGGLE', '제가 더 잘생긴듯 ㅎㅎ ^;^\n\n#이승우 #셀카', '2024-02-15 15:15:47.594189', 'https://k-l1verse.s3.ap-northeast-2.amazonaws.com/4e9f711e-5b81-4e19-97cb-a172456b81de.jpg', NULL, 'K리그 인기남 이승우 선수랑 셀카 찰칵', '2024-02-15 17:19:10.523258', 34),
	(14, 'PRODUCT', '1장에 10000원입니당ㅎㅎ', '2024-02-15 15:18:06.821330', 'https://k-l1verse.s3.ap-northeast-2.amazonaws.com/47bef672-2917-4eda-b79b-3a4fa010017a.jpg', NULL, 'K리그 카드 팔아요~~~', '2024-02-15 15:18:06.853323', 4),
	(15, 'WAGGLE', '축구에 이제 막 관심을 갖기 시작했는데 이런곳이 있을줄이야\n잘 부탁드립니다^^', '2024-02-15 15:30:24.182131', NULL, NULL, '안녕하세요! 방금 막 가입했네요!', '2024-02-15 15:30:24.182166', 39),
	(16, 'MATE', '울산 포항 경기  같이 보러 가실 분 구합니다!\n저는 서울 사는 20대 입니다 ~\n여자분 환영', '2024-02-15 15:55:13.544481', NULL, '2024-02-15 16:10:29.054183', '', '2024-02-15 16:10:29.065253', 17),
	(17, 'WAGGLE', 'ㅌㄹㅇㄴㅁㅇ', '2024-02-15 15:58:11.912265', NULL, '2024-02-15 15:58:16.756474', '', '2024-02-15 15:58:16.780979', 34),
	(18, 'MATE', '', '2024-02-15 16:08:52.771855', NULL, '2024-02-15 16:10:12.841161', 'ㅊㅇㅇ', '2024-02-15 16:10:12.871503', 17),
	(19, 'MATE', 'ㅇㄹㅇㄹㅇㄹ', '2024-02-15 16:09:42.117361', NULL, '2024-02-15 16:45:03.700122', 'ㅈㅈㅈㅈ', '2024-02-15 16:45:03.715167', 17),
	(20, 'WAGGLE', 'ㅇㅇ', '2024-02-15 16:14:13.962633', 'https://k-l1verse.s3.ap-northeast-2.amazonaws.com/922471a9-9608-4e12-9af0-eb9d66bacf3b.jpeg', '2024-02-15 16:14:53.045498', '역삼 맛집 추천이용 !!', '2024-02-15 16:14:53.076219', 2),
	(21, 'WAGGLE', '계신가요?\n\n#k리그 #셀카', '2024-02-15 16:19:29.333480', NULL, NULL, 'k리그 선수들이랑 셀카 찍어본 사람???', '2024-02-15 16:19:29.333553', 4),
	(22, 'WAGGLE', 'ㅁㄴㅇㄹ', '2024-02-15 17:05:48.862345', 'https://k-l1verse.s3.ap-northeast-2.amazonaws.com/bde4c6bc-5a17-4304-9317-872ecc7cbab3.blob', '2024-02-15 17:14:33.048843', '사진 용량 큰 거 올리기 테스트', '2024-02-15 17:14:33.074756', 16),
	(23, 'WAGGLE', 'ㅁㄴㅇㄹ', '2024-02-15 17:05:51.780591', 'https://k-l1verse.s3.ap-northeast-2.amazonaws.com/bde4c6bc-5a17-4304-9317-872ecc7cbab3.blob', '2024-02-15 17:14:28.386919', '사진 용량 큰 거 올리기 테스트', '2024-02-15 17:14:28.439743', 16),
	(24, 'WAGGLE', 'ㅁㄴㅇㄹ', '2024-02-15 17:08:07.367256', NULL, '2024-02-15 17:14:42.896985', '제발 되라', '2024-02-15 17:14:42.929876', 16),
	(25, 'WAGGLE', '이름은 나.비  입니다.', '2024-02-15 17:10:51.297747', 'https://k-l1verse.s3.ap-northeast-2.amazonaws.com/c582184a-6bb2-483d-8f6a-4e43339b5f17.blob', NULL, '제.고양이.자랑함니다', '2024-02-15 17:14:18.342206', 16),
	(26, 'WAGGLE', '저메추 받아요 ㅎㅎ\n딸램이 알려준 엠제트 단어입니다 ㅎㅎㅎ', '2024-02-15 17:28:33.590400', 'https://k-l1verse.s3.ap-northeast-2.amazonaws.com/c6ea8cd8-7c1a-4ec2-8d41-42307ba79728.blob', NULL, '다들 저녁 뭐 드시나용~~?', '2024-02-15 17:28:33.643167', 37),
	(27, 'WAGGLE', '전북의 라이벌 울산,,,\n잘하는건 ㅇㅈ할게 ㅠ\n\n#설영우 #K리그 #울산', '2024-02-15 22:08:41.311694', 'https://k-l1verse.s3.ap-northeast-2.amazonaws.com/17d6bbf7-5ef8-4325-9302-0b2dc75f0a24.blob', NULL, '돌아온 설영우 \'스마일 복귀골\' 작렬! 주민규도 멀티골 폭발!', '2024-02-15 22:08:58.213636', 22),
	(28, 'WAGGLE', 'g', '2024-02-15 22:35:01.172111', NULL, '2024-02-15 22:35:11.811781', 'g', '2024-02-15 22:35:11.848887', 1),
	(29, 'WAGGLE', '야야야~~', '2024-02-15 22:46:44.284284', 'https://k-l1verse.s3.ap-northeast-2.amazonaws.com/89788a92-0a3c-4e23-a9d4-1f3856a7a1fe.blob', '2024-02-16 01:20:49.021938', '야야', '2024-02-16 01:20:49.045720', 16),
	(30, 'WAGGLE', '와~~', '2024-02-15 23:12:49.001176', 'https://k-l1verse.s3.ap-northeast-2.amazonaws.com/8e0b20c1-87e4-43d5-ae57-baf145be9249.blob', '2024-02-16 11:16:06.627905', 'ㅁㄴㅇ', '2024-02-16 11:16:06.651493', 16),
	(31, 'WAGGLE', '와~~', '2024-02-15 23:24:00.663590', 'https://k-l1verse.s3.ap-northeast-2.amazonaws.com/80781801-6e73-4e37-b36e-f834cacc4407.blob', NULL, '신난다', '2024-02-15 23:24:00.696078', 16),
	(32, 'WAGGLE', '수원 지게 해주세요 제발\n\n#무승부 #30만원', '2024-02-15 23:49:55.682426', NULL, NULL, '우와 곧 경기 시작해!!!!! 넘떨령', '2024-02-15 23:49:55.682513', 12),
	(33, 'WAGGLE', '이이~~~ 정성스럽게 이이~~~', '2024-02-16 00:06:42.574397', 'https://k-l1verse.s3.ap-northeast-2.amazonaws.com/4a8a7cf3-499b-42d8-895c-15ea6fefffa7.blob', '2024-02-16 01:11:42.527516', '야야~~', '2024-02-16 01:11:42.560903', 16),
	(34, 'PRODUCT', '몇 번 안 찼어요~\n제가', '2024-02-16 01:14:27.395792', 'https://k-l1verse.s3.ap-northeast-2.amazonaws.com/a718aa70-2897-445b-b8d4-915dd915a4bf.blob', NULL, '축구공 팔아요~', '2024-02-16 01:14:27.432352', 3),
	(35, 'MATE', '성심당 같이 사러 갔다 와요~~', '2024-02-16 01:15:07.806899', NULL, NULL, '대전 가서 경기 보실 분~', '2024-02-16 01:15:07.806931', 3),
	(36, 'WAGGLE', 'ㅎㅎ', '2024-02-16 01:50:25.937016', NULL, '2024-02-16 01:50:57.954443', 'ㅎ', '2024-02-16 01:50:57.984733', 1),
	(37, 'WAGGLE', '내나이.47세\n20년.전.축구응원.사진.공유합니다...\n47년동안.백슉.과 케이리그.만.팠습니다..\n이런.사이트.가 생겨서.좋습니다.', '2024-02-16 08:14:37.769166', 'https://k-l1verse.s3.ap-northeast-2.amazonaws.com/37615282-6063-410e-b861-6a3fc1a2d1db.blob,https://k-l1verse.s3.ap-northeast-2.amazonaws.com/9aa4cab5-fa68-4dc7-80a2-59846ef4bf98.blob', '2024-02-16 08:16:32.955820', '젊은.시절.사진입니다.', '2024-02-16 08:16:32.988422', 16),
	(38, 'MATE', '같이 무적 전북현대 응원하러 갑시다^^\n티켓은 지인이 줘서 무료입니다 ㅎㅎ', '2024-02-16 08:19:49.948439', NULL, NULL, '전북현대 응원하러 갑니다!(무료 티켓 나눔)', '2024-02-16 08:19:49.948473', 4),
	(39, 'WAGGLE', 'ㅎ', '2024-02-16 09:00:29.392113', NULL, '2024-02-16 09:00:48.878025', 'ㅎ', '2024-02-16 09:00:48.903762', 1),
	(40, 'WAGGLE', 'ㅎ', '2024-02-16 09:00:29.614177', NULL, '2024-02-16 09:00:45.833502', 'ㅎ', '2024-02-16 09:00:45.869410', 1),
	(41, 'MATE', 'gg', '2024-02-16 10:11:05.096304', NULL, '2024-02-16 10:11:19.679224', 'gg', '2024-02-16 10:11:19.699015', 1),
	(42, 'MATE', 'ㅎㅎ', '2024-02-16 10:11:34.828141', NULL, '2024-02-16 10:11:39.298783', 'ㅎㅎ', '2024-02-16 10:11:39.310123', 1),
	(43, 'WAGGLE', '안녕하세요.\n\n이번 시즌부터 K리그 FC서울 팀에서 뛰는 제시 린가드라고 합니다.\n\n작년에 FC서울 직관을 갔었는데, 수호신 여러분들의 응원 열기에 반해서 이적을 결심하게 되었습니다.\n\nK리그 팬 여러분들 앞으로 저 린가드의 활약 기대해주세요.\n\n상암 직관 가보세요. 재미있습니다.', '2024-02-16 10:48:10.633693', 'https://k-l1verse.s3.ap-northeast-2.amazonaws.com/3590c197-284a-40ec-baf9-133261599bd2.blob,https://k-l1verse.s3.ap-northeast-2.amazonaws.com/a56f9321-5f8c-48fb-9fd3-7e6f48b3cb3d.blob,https://k-l1verse.s3.ap-northeast-2.amazonaws.com/e716ddc9-f0bf-4a4a-a099-d34bfb1f4a2b.blob,https://k-l1verse.s3.ap-northeast-2.amazonaws.com/8ba5a2e6-30a7-4f9d-89ef-009765987605.blob', NULL, '린가드입니다.', '2024-02-16 10:49:07.397623', 35),
	(44, 'MATE', '3월 10일 일요일 4시 경인더비 저 린가드의 홈 데뷔전 직관오실 수호신분들 구합니다^^', '2024-02-16 10:52:19.591967', NULL, NULL, '경인더비 상암 홈 개막전 보러가실 분 구합니다.', '2024-02-16 10:54:12.112081', 35),
	(45, 'WAGGLE', '이야이야오~~', '2024-02-16 10:53:58.063503', 'https://k-l1verse.s3.ap-northeast-2.amazonaws.com/07803e61-0a42-49a4-b7c1-e8ff291e7ba3.blob', '2024-02-16 11:01:06.785503', 'ㄹㄹㄹ', '2024-02-16 11:01:06.818847', 16),
	(46, 'WAGGLE', '안녕하세요. TEAM 거뮤니티입니다.', '2024-02-16 11:02:42.156551', 'https://k-l1verse.s3.ap-northeast-2.amazonaws.com/23eb5d9d-87c0-4867-8754-839b3b69e3d6.blob', '2024-02-16 11:03:03.576697', '거뮤니티 많은 사랑 부탁드립니다.', '2024-02-16 11:03:03.600880', 43),
	(47, 'PRODUCT', '경기 같이 뛰던 시절에 호날두 싸인 받은 유니폼입니다.\n\n특별히 여러분한테 얻을 수 있는 기회를 드립니다.', '2024-02-16 11:05:25.706094', 'https://k-l1verse.s3.ap-northeast-2.amazonaws.com/db6493cc-d637-47b5-aec6-db0518f22eef.blob', NULL, '22-23 호날두 맨유 유니폼', '2024-02-16 11:05:33.154766', 35),
	(48, 'WAGGLE', '야야야~`이이~~정성~~', '2024-02-16 11:10:48.473690', 'https://k-l1verse.s3.ap-northeast-2.amazonaws.com/88c5a13c-33d8-4881-b102-dc39ad3ab3ba.blob,https://k-l1verse.s3.ap-northeast-2.amazonaws.com/88e34700-8f48-42a7-a9d9-b56b1b59f9ba.blob', '2024-02-16 11:16:01.779180', '야양', '2024-02-16 11:16:01.803177', 16);

-- 테이블 s10p12a409.board_image 구조 내보내기
CREATE TABLE IF NOT EXISTS `board_image` (
  `board_image_id` bigint(20) NOT NULL AUTO_INCREMENT,
  `board_id` bigint(20) DEFAULT NULL,
  `file_id` bigint(20) DEFAULT NULL,
  PRIMARY KEY (`board_image_id`),
  UNIQUE KEY `UK_5r6n28euo8m82bwq6qhiebbuy` (`file_id`),
  KEY `FKp567mlnww479xgirmd98kcqnp` (`board_id`),
  CONSTRAINT `FK3j893qg8c7dn0vfrga7ihbln7` FOREIGN KEY (`file_id`) REFERENCES `file` (`file_id`),
  CONSTRAINT `FKp567mlnww479xgirmd98kcqnp` FOREIGN KEY (`board_id`) REFERENCES `board` (`board_id`)
) ENGINE=InnoDB AUTO_INCREMENT=516 DEFAULT CHARSET=utf8mb4 COLLATE=utf8mb4_bin;

-- 테이블 데이터 s10p12a409.board_image:~472 rows (대략적) 내보내기
INSERT INTO `board_image` (`board_image_id`, `board_id`, `file_id`) VALUES
	(1, 1, 128),
	(2, 2, 129),
	(3, 3, 130),
	(4, 4, 131),
	(5, 5, 132),
	(6, 6, 133),
	(7, 7, 134),
	(8, 8, 135),
	(10, 10, 137),
	(11, 11, 138),
	(12, 11, 139),
	(13, 12, 140),
	(14, 13, 141),
	(15, 14, 142),
	(16, 15, 143),
	(17, 16, 144),
	(18, 17, 145),
	(19, 18, 146),
	(20, 4, 147),
	(21, 4, 148),
	(22, 18, 149),
	(23, 18, 150),
	(24, 18, 151),
	(25, 19, 152),
	(26, 18, 153),
	(27, 18, 154),
	(28, 20, 155),
	(30, 22, 157),
	(31, 20, 159),
	(32, 20, 160),
	(34, 24, 162),
	(35, 25, 163),
	(36, 26, 164),
	(37, 27, 165),
	(38, 28, 166),
	(39, 20, 167),
	(40, 20, 168),
	(41, 19, 169),
	(42, 19, 170),
	(43, 29, 171),
	(44, 30, 172),
	(45, 31, 173),
	(47, 33, 175),
	(48, 34, 176),
	(49, 35, 177),
	(50, 36, 178),
	(51, 37, 179),
	(52, 37, 180),
	(53, 35, 181),
	(54, 35, 182),
	(55, 35, 183),
	(56, 35, 184),
	(57, 25, 185),
	(58, 38, 186),
	(59, 38, 187),
	(60, 38, 188),
	(61, 38, 189),
	(62, 3, 190),
	(63, 2, 193),
	(64, 39, 196),
	(65, 39, 197),
	(72, 43, 204),
	(74, 45, 206),
	(75, 46, 207),
	(76, 47, 208),
	(77, 48, 209),
	(78, 49, 210),
	(79, 50, 211),
	(80, 51, 212),
	(81, 52, 213),
	(82, 53, 214),
	(83, 54, 215),
	(84, 54, 216),
	(85, 53, 217),
	(86, 55, 218),
	(87, 56, 219),
	(88, 57, 220),
	(89, 58, 221),
	(90, 59, 222),
	(91, 60, 223),
	(92, 61, 224),
	(93, 59, 225),
	(94, 60, 226),
	(95, 65, 228),
	(96, 60, 229),
	(98, 68, 232),
	(106, 37, 240),
	(108, 83, 242),
	(109, 83, 243),
	(112, 92, 246),
	(113, 93, 247),
	(114, 83, 248),
	(115, 95, 249),
	(116, 96, 250),
	(117, 97, 251),
	(118, 94, 252),
	(119, 118, 253),
	(120, 118, 254),
	(121, 118, 255),
	(122, 118, 256),
	(123, 122, 257),
	(124, 123, 258),
	(125, 124, 259),
	(126, 125, 260),
	(127, 126, 261),
	(128, 126, 262),
	(129, 126, 263),
	(130, 126, 264),
	(131, 126, 265),
	(132, 126, 269),
	(133, 126, 270),
	(134, 126, 271),
	(135, 126, 272),
	(136, 126, 273),
	(137, 126, 274),
	(138, 126, 275),
	(139, 126, 276),
	(140, 126, 277),
	(141, 126, 278),
	(142, 132, 279),
	(143, 132, 280),
	(144, 133, 281),
	(145, 133, 282),
	(146, 135, 283),
	(147, 135, 284),
	(148, 135, 285),
	(149, 135, 286),
	(150, 135, 287),
	(151, 135, 288),
	(152, 135, 289),
	(153, 137, 290),
	(154, 138, 291),
	(155, 137, 292),
	(156, 137, 293),
	(157, 137, 294),
	(158, 139, 295),
	(159, 140, 296),
	(160, 140, 297),
	(161, 141, 298),
	(162, 139, 299),
	(163, 139, 300),
	(164, 141, 301),
	(165, 135, 302),
	(166, 135, 303),
	(167, 135, 304),
	(168, 135, 305),
	(169, 135, 306),
	(170, 135, 307),
	(171, 135, 308),
	(172, 135, 309),
	(173, 135, 310),
	(174, 135, 311),
	(175, 142, 312),
	(176, 143, 313),
	(177, 142, 314),
	(178, 143, 315),
	(179, 143, 316),
	(180, 144, 317),
	(181, 144, 318),
	(182, 149, 319),
	(183, 150, 320),
	(184, 152, 321),
	(185, 153, 322),
	(186, 154, 323),
	(187, 156, 324),
	(188, 157, 325),
	(189, 159, 326),
	(190, 160, 327),
	(191, 161, 328),
	(192, 162, 329),
	(193, 163, 330),
	(194, 164, 331),
	(195, 169, 332),
	(196, 99, 333),
	(197, 170, 334),
	(198, 171, 335),
	(199, 171, 336),
	(200, 172, 337),
	(201, 192, 338),
	(202, 192, 339),
	(203, 192, 340),
	(204, 192, 341),
	(205, 192, 342),
	(207, 201, 344),
	(208, 201, 345),
	(211, 204, 348),
	(212, 204, 349),
	(213, 205, 350),
	(214, 206, 351),
	(217, 209, 354),
	(218, 209, 355),
	(224, 215, 361),
	(225, 216, 362),
	(226, 217, 363),
	(227, 218, 364),
	(228, 219, 365),
	(229, 220, 366),
	(230, 221, 367),
	(231, 222, 368),
	(232, 223, 369),
	(233, 224, 370),
	(234, 225, 371),
	(235, 225, 372),
	(236, 226, 373),
	(237, 228, 374),
	(238, 229, 375),
	(239, 230, 376),
	(240, 231, 377),
	(241, 234, 378),
	(242, 235, 383),
	(243, 144, 387),
	(244, 236, 388),
	(245, 236, 389),
	(246, 236, 390),
	(247, 237, 391),
	(248, 238, 392),
	(249, 239, 395),
	(250, 239, 396),
	(251, 239, 397),
	(252, 239, 398),
	(253, 239, 399),
	(254, 239, 400),
	(255, 239, 401),
	(256, 239, 402),
	(257, 239, 403),
	(258, 239, 404),
	(259, 240, 405),
	(260, 240, 406),
	(261, 240, 407),
	(262, 240, 408),
	(263, 240, 409),
	(264, 240, 410),
	(265, 240, 411),
	(266, 241, 412),
	(267, 241, 413),
	(268, 241, 414),
	(269, 241, 415),
	(270, 241, 416),
	(271, 241, 417),
	(272, 241, 420),
	(273, 241, 421),
	(274, 241, 422),
	(275, 241, 423),
	(276, 241, 424),
	(277, 241, 425),
	(278, 241, 426),
	(279, 241, 427),
	(280, 241, 428),
	(281, 241, 429),
	(282, 241, 430),
	(283, 241, 431),
	(284, 241, 432),
	(285, 241, 433),
	(286, 241, 434),
	(287, 241, 435),
	(288, 241, 436),
	(289, 243, 437),
	(290, 243, 438),
	(291, 243, 439),
	(292, 243, 440),
	(293, 243, 441),
	(294, 243, 442),
	(295, 243, 443),
	(296, 243, 444),
	(297, 243, 445),
	(298, 243, 446),
	(299, 243, 447),
	(300, 243, 448),
	(301, 243, 449),
	(302, 243, 450),
	(303, 243, 451),
	(304, 243, 452),
	(305, 243, 453),
	(306, 243, 454),
	(307, 243, 455),
	(308, 243, 456),
	(309, 243, 457),
	(310, 243, 458),
	(311, 243, 459),
	(312, 243, 460),
	(313, 243, 461),
	(314, 243, 462),
	(315, 243, 463),
	(316, 243, 464),
	(317, 243, 465),
	(318, 243, 466),
	(319, 244, 468),
	(320, 243, 469),
	(321, 243, 470),
	(322, 243, 471),
	(323, 243, 472),
	(324, 244, 473),
	(325, 243, 474),
	(326, 243, 475),
	(327, 243, 476),
	(328, 243, 477),
	(329, 243, 478),
	(330, 243, 479),
	(331, 243, 480),
	(332, 243, 481),
	(333, 243, 482),
	(334, 243, 483),
	(335, 243, 484),
	(336, 243, 485),
	(337, 243, 486),
	(338, 243, 487),
	(339, 243, 488),
	(340, 243, 489),
	(341, 243, 490),
	(342, 243, 491),
	(343, 243, 492),
	(344, 243, 493),
	(345, 244, 494),
	(346, 245, 495),
	(347, 245, 496),
	(348, 245, 497),
	(349, 245, 498),
	(350, 245, 499),
	(351, 245, 500),
	(352, 245, 501),
	(353, 245, 502),
	(354, 245, 503),
	(355, 241, 504),
	(356, 241, 505),
	(357, 241, 506),
	(358, 241, 507),
	(359, 243, 509),
	(360, 243, 510),
	(361, 243, 511),
	(362, 243, 512),
	(363, 243, 514),
	(364, 241, 515),
	(365, 241, 516),
	(366, 241, 517),
	(367, 241, 518),
	(368, 241, 519),
	(369, 241, 520),
	(370, 244, 521),
	(371, 241, 522),
	(372, 241, 523),
	(373, 236, 524),
	(374, 236, 525),
	(375, 236, 526),
	(376, 236, 527),
	(377, 246, 528),
	(378, 247, 529),
	(379, 248, 530),
	(380, 249, 531),
	(381, 249, 532),
	(382, 249, 533),
	(383, 250, 534),
	(384, 251, 535),
	(385, 252, 536),
	(386, 252, 537),
	(387, 252, 538),
	(388, 252, 539),
	(389, 252, 540),
	(390, 252, 541),
	(391, 252, 542),
	(392, 144, 543),
	(393, 144, 544),
	(394, 144, 545),
	(395, 144, 546),
	(396, 144, 547),
	(397, 144, 548),
	(398, 144, 549),
	(399, 253, 550),
	(400, 253, 551),
	(401, 253, 552),
	(402, 144, 553),
	(403, 144, 554),
	(404, 144, 555),
	(405, 254, 556),
	(406, 255, 557),
	(407, 256, 558),
	(408, 257, 559),
	(409, 258, 560),
	(410, 258, 561),
	(411, 259, 562),
	(412, 144, 563),
	(413, 144, 564),
	(414, 144, 565),
	(415, 261, 566),
	(416, 260, 567),
	(417, 262, 568),
	(418, 263, 569),
	(419, 264, 570),
	(420, 265, 571),
	(421, 266, 572),
	(422, 267, 573),
	(423, 269, 574),
	(424, 269, 575),
	(425, 270, 576),
	(426, 271, 577),
	(427, 270, 578),
	(428, 274, 580),
	(429, 274, 581),
	(430, 246, 582),
	(431, 272, 583),
	(432, 275, 584),
	(433, 276, 585),
	(434, 277, 586),
	(435, 278, 587),
	(436, 279, 588),
	(437, 280, 589),
	(438, 281, 590),
	(439, 281, 591),
	(440, 281, 592),
	(441, 281, 593),
	(442, 281, 594),
	(443, 281, 595),
	(444, 281, 596),
	(445, 281, 597),
	(446, 283, 599),
	(447, 284, 600),
	(448, 284, 601),
	(449, 285, 602),
	(450, 286, 603),
	(451, 287, 604),
	(452, 289, 605),
	(453, 293, 606),
	(454, 157, 607),
	(455, 295, 608),
	(456, 296, 609),
	(457, 297, 612),
	(458, 298, 613),
	(459, 267, 615),
	(460, 265, 616),
	(461, 266, 617),
	(462, 2, 619),
	(463, 2, 620),
	(464, 3, 621),
	(465, 4, 622),
	(466, 4, 623),
	(467, 5, 624),
	(468, 6, 625),
	(469, 1, 627),
	(470, 7, 629),
	(471, 8, 631),
	(472, 3, 635),
	(473, 9, 636),
	(474, 9, 637),
	(475, 10, 638),
	(476, 11, 640),
	(477, 13, 641),
	(478, 13, 642),
	(479, 14, 643),
	(480, 16, 645),
	(481, 18, 646),
	(482, 19, 647),
	(483, 20, 649),
	(484, 22, 650),
	(485, 23, 651),
	(486, 24, 652),
	(487, 25, 653),
	(488, 25, 654),
	(489, 25, 655),
	(490, 25, 656),
	(491, 24, 657),
	(492, 13, 658),
	(493, 26, 659),
	(494, 27, 660),
	(495, 27, 661),
	(496, 29, 662),
	(497, 30, 663),
	(498, 31, 664),
	(499, 33, 665),
	(500, 34, 668),
	(501, 35, 669),
	(502, 36, 670),
	(503, 37, 671),
	(504, 38, 672),
	(505, 41, 673),
	(506, 42, 674),
	(507, 43, 675),
	(508, 43, 676),
	(509, 44, 677),
	(510, 45, 678),
	(511, 44, 679),
	(512, 46, 681),
	(513, 47, 683),
	(514, 47, 684),
	(515, 48, 686);

-- 테이블 s10p12a409.comment 구조 내보내기
CREATE TABLE IF NOT EXISTS `comment` (
  `comment_id` bigint(20) NOT NULL AUTO_INCREMENT,
  `content` varchar(255) COLLATE utf8mb4_bin DEFAULT NULL,
  `create_at` datetime(6) DEFAULT NULL,
  `delete_at` datetime(6) DEFAULT NULL,
  `is_secret` bit(1) DEFAULT NULL,
  `update_at` datetime(6) DEFAULT NULL,
  `user_id` int(11) DEFAULT NULL,
  `board_id` bigint(20) DEFAULT NULL,
  `parent_id` bigint(20) DEFAULT NULL,
  PRIMARY KEY (`comment_id`),
  KEY `FKlij9oor1nav89jeat35s6kbp1` (`board_id`),
  KEY `FKde3rfu96lep00br5ov0mdieyt` (`parent_id`),
  CONSTRAINT `FKde3rfu96lep00br5ov0mdieyt` FOREIGN KEY (`parent_id`) REFERENCES `comment` (`comment_id`),
  CONSTRAINT `FKlij9oor1nav89jeat35s6kbp1` FOREIGN KEY (`board_id`) REFERENCES `board` (`board_id`)
) ENGINE=InnoDB AUTO_INCREMENT=39 DEFAULT CHARSET=utf8mb4 COLLATE=utf8mb4_bin;

-- 테이블 데이터 s10p12a409.comment:~34 rows (대략적) 내보내기
INSERT INTO `comment` (`comment_id`, `content`, `create_at`, `delete_at`, `is_secret`, `update_at`, `user_id`, `board_id`, `parent_id`) VALUES
	(1, '포항항 ^^', '2024-02-15 14:10:13.600692', NULL, b'0', '2024-02-15 14:10:13.600730', 4, 3, NULL),
	(2, '이런.정보없는.댓글은.삼가주시요', '2024-02-15 14:29:42.358628', NULL, b'0', '2024-02-15 14:29:42.358666', 16, 3, 1),
	(3, '현대는.울산것인디.전북현대모터스로.바꾸시오', '2024-02-15 14:30:19.424363', NULL, b'0', '2024-02-15 14:30:19.424396', 16, 7, NULL),
	(4, '우리.흥민이를.누가 화나게.하나요', '2024-02-15 14:30:38.215666', NULL, b'0', '2024-02-15 14:30:38.215709', 16, 1, NULL),
	(5, '어머나~~ 울 규성님 유니폼 너무 비싸게 파네요~~ ~ ㅠㅜ 딸한테 사달라고 해볼게요~', '2024-02-15 14:41:46.756541', NULL, b'0', '2024-02-15 14:41:46.756579', 37, 8, NULL),
	(6, '저는.96학번인데.그때부터 좋아했심다.\n그 때도 울산 현대 호랑이.팬이었심더.\n', '2024-02-15 15:04:13.251140', NULL, b'0', '2024-02-15 15:04:13.251164', 16, 12, NULL),
	(7, '오호 감사합니다', '2024-02-15 15:13:48.922858', NULL, b'0', '2024-02-15 15:13:48.922858', 17, 7, NULL),
	(8, '관심을 가져주셔서 감사합니다!', '2024-02-15 15:36:53.987924', NULL, b'0', '2024-02-15 15:36:53.987960', 34, 15, NULL),
	(9, '관심을 가져주셔서 감사합니다!', '2024-02-15 15:36:58.137030', '2024-02-15 15:37:17.474458', b'0', '2024-02-15 15:37:17.486452', 34, 15, NULL),
	(10, '아이고. 반갑슴다. ', '2024-02-15 15:39:08.270016', NULL, b'0', '2024-02-15 15:39:08.270054', 16, 15, NULL),
	(11, '케이리그 홧팅!', '2024-02-15 15:39:14.874961', NULL, b'0', '2024-02-15 15:39:14.874997', 34, 12, NULL),
	(12, '혹시.백슉맛집.아시나요.', '2024-02-15 15:39:26.268026', NULL, b'0', '2024-02-15 15:40:01.826690', 16, 15, NULL),
	(13, '미안하지만 \n전 굽네 고추바사삭 파입니다 ㅋ', '2024-02-15 15:56:21.213708', NULL, b'0', '2024-02-15 15:56:21.213747', 39, 15, NULL),
	(14, '설영우. 카드 나오면. 연락주십쇼.', '2024-02-15 16:10:54.395006', NULL, b'0', '2024-02-15 16:10:54.395102', 16, 14, NULL),
	(15, '헉 있으신가요??', '2024-02-15 16:58:09.672392', NULL, b'0', '2024-02-15 16:58:09.672392', 17, 21, NULL),
	(16, '데이트요? ㅎㅎ', '2024-02-15 17:01:56.101308', NULL, b'0', '2024-02-15 17:01:56.101308', 17, 2, NULL),
	(17, '어머 너무 귀여워요ㅠㅠ', '2024-02-15 17:31:08.601052', NULL, b'0', '2024-02-15 17:31:08.601096', 2, 25, NULL),
	(18, '곱창 어떠세요?? ㅎㅎ', '2024-02-15 20:34:39.156914', NULL, b'0', '2024-02-15 20:34:39.156951', 22, 26, NULL),
	(19, '없어요 ㅠㅠ', '2024-02-15 20:35:15.653053', NULL, b'0', '2024-02-15 20:35:15.653088', 22, 21, 15),
	(20, '40대 여자인데 가능할까요??? ㅎㅎ', '2024-02-15 21:10:52.710744', NULL, b'0', '2024-02-15 21:10:52.710794', 22, 5, NULL),
	(21, '000/ 00~~', '2024-02-15 22:38:18.292730', NULL, b'1', '2024-02-15 22:38:18.292781', 16, 26, NULL),
	(22, '000/000-000-0000', '2024-02-15 22:56:04.166849', NULL, b'1', '2024-02-15 22:56:04.166888', 16, 29, NULL),
	(23, '000/00-00-000', '2024-02-15 23:16:11.989695', NULL, b'1', '2024-02-15 23:16:11.989735', 16, 30, NULL),
	(24, '저두요~', '2024-02-15 23:24:40.260854', NULL, b'0', '2024-02-15 23:24:40.260892', 16, 30, NULL),
	(25, '너무 귀엽네요.', '2024-02-15 23:25:17.937256', NULL, b'0', '2024-02-15 23:25:17.937300', 16, 25, NULL),
	(26, '저는요?', '2024-02-15 23:25:35.489568', NULL, b'0', '2024-02-15 23:25:35.489605', 16, 25, 17),
	(27, '네네', '2024-02-15 23:25:46.592833', NULL, b'0', '2024-02-15 23:25:46.592872', 16, 25, NULL),
	(28, '예~?..? 아니지?', '2024-02-15 23:34:07.501559', NULL, b'1', '2024-02-15 23:34:07.501598', 16, 30, NULL),
	(29, 'ㅇㅇ!??', '2024-02-16 00:06:58.402662', '2024-02-16 01:11:22.150851', b'0', '2024-02-16 01:11:22.168798', 16, 32, NULL),
	(30, '000/0000-00-00', '2024-02-16 00:09:43.642715', NULL, b'1', '2024-02-16 00:09:43.642751', 16, 33, NULL),
	(31, '잉이', '2024-02-16 01:11:24.637231', '2024-02-16 01:11:28.047823', b'0', '2024-02-16 01:11:28.057964', 16, 32, NULL),
	(32, 'ㅎ', '2024-02-16 01:50:46.511382', '2024-02-16 01:50:54.063033', b'0', '2024-02-16 01:50:54.074832', 1, 36, NULL),
	(33, 'ㅎ', '2024-02-16 01:50:48.619919', '2024-02-16 01:50:55.821399', b'1', '2024-02-16 01:50:55.830878', 1, 36, NULL),
	(34, '발 힘이 대단하신가봐요 ^^~', '2024-02-16 02:14:25.741865', NULL, b'1', '2024-02-16 02:14:25.741904', 10, 34, NULL),
	(35, '네고 가능한가요?', '2024-02-16 11:03:41.112196', '2024-02-16 11:07:03.405061', b'0', '2024-02-16 11:07:03.416839', 43, 34, NULL),
	(36, '15,000원 있어요...', '2024-02-16 11:03:56.278833', '2024-02-16 11:07:01.386233', b'0', '2024-02-16 11:07:01.396623', 43, 34, 35),
	(37, '네고 가능할까요...꼭 구매하고 싶습니다', '2024-02-16 11:06:04.295760', '2024-02-16 11:07:09.563766', b'0', '2024-02-16 11:07:09.576510', 43, 47, NULL),
	(38, '현금영수증 가능한가요?', '2024-02-16 11:06:28.573054', NULL, b'0', '2024-02-16 11:06:28.573117', 43, 47, 37);

-- 테이블 s10p12a409.file 구조 내보내기
CREATE TABLE IF NOT EXISTS `file` (
  `file_id` bigint(20) NOT NULL AUTO_INCREMENT,
  `created_at` datetime(6) DEFAULT NULL,
  `uri` text COLLATE utf8mb4_bin DEFAULT NULL,
  PRIMARY KEY (`file_id`)
) ENGINE=InnoDB AUTO_INCREMENT=687 DEFAULT CHARSET=utf8mb4 COLLATE=utf8mb4_bin;

-- 테이블 데이터 s10p12a409.file:~660 rows (대략적) 내보내기
INSERT INTO `file` (`file_id`, `created_at`, `uri`) VALUES
	(1, '2024-02-02 10:00:23.830154', 'https://lh3.googleusercontent.com/a/ACg8ocIEjlIuYZw4JIMb_AOEUHiYFB9_WUiyYRi7PR9FqLAw=s96-c'),
	(2, '2024-02-02 10:02:58.088531', 'https://lh3.googleusercontent.com/a/ACg8ocIcgE22yiCI3r9Zj6kPsrtXlnNWiTnB-KwPAC18OGwsMw=s96-c'),
	(3, '2024-02-02 13:45:42.043384', 'https://lh3.googleusercontent.com/a/ACg8ocIQU3Tqm-sInHtx92Uw5E1USi58_oNadeTKlyN23Mgs=s96-c'),
	(4, '2024-02-02 13:50:43.306556', 'http://k.kakaocdn.net/dn/b5A6YM/btsC9zpBXND/0LTprQNob7NqBUyyh6oxV1/img_640x640.jpg'),
	(5, '2024-02-02 13:55:58.378900', 'http://k.kakaocdn.net/dn/1G9kp/btsAot8liOn/8CWudi3uy07rvFNUkk3ER0/img_640x640.jpg'),
	(6, '2024-02-02 14:58:36.516434', 'https://lh3.googleusercontent.com/a/ACg8ocK7MumBjB8r97phrek1kTrMq2lbKBMWO-KqPadSo23K=s96-c'),
	(7, '2024-02-02 15:22:49.236218', 'http://k.kakaocdn.net/dn/1G9kp/btsAot8liOn/8CWudi3uy07rvFNUkk3ER0/img_640x640.jpg'),
	(8, '2024-02-02 16:50:05.893654', 'http://k.kakaocdn.net/dn/1G9kp/btsAot8liOn/8CWudi3uy07rvFNUkk3ER0/img_640x640.jpg'),
	(9, '2024-02-02 19:55:36.369819', 'http://k.kakaocdn.net/dn/cfn5v4/btsCtHjyHdo/zKFBiGSMFuUVPRrhol2qn0/img_640x640.jpg'),
	(10, '2024-02-02 20:25:59.669735', 'http://k.kakaocdn.net/dn/1G9kp/btsAot8liOn/8CWudi3uy07rvFNUkk3ER0/img_640x640.jpg'),
	(11, '2024-02-04 14:46:58.152789', 'https://ssl.pstatic.net/static/pwe/address/img_profile.png'),
	(12, '2024-02-04 15:40:20.726186', 'https://ssl.pstatic.net/static/pwe/address/img_profile.png'),
	(13, '2024-02-04 22:47:15.185560', 'https://ssl.pstatic.net/static/pwe/address/img_profile.png'),
	(14, '2024-02-04 22:51:17.723176', 'http://k.kakaocdn.net/dn/yxtkI/btsB7kujEgB/JA3oMYkQgG8wUpXnpSaFe1/img_640x640.jpg'),
	(15, '2024-02-05 13:00:26.681747', 'https://k-l1verse.s3.ap-northeast-2.amazonaws.com/be4826e6-eb90-4a67-9f59-cce3286bd844.png'),
	(16, '2024-02-05 15:34:47.541048', 'https://k-l1verse.s3.ap-northeast-2.amazonaws.com/43c6555c-0694-46fa-86e8-bc314fe4d170.png'),
	(17, '2024-02-05 15:35:22.510812', 'https://k-l1verse.s3.ap-northeast-2.amazonaws.com/64b34cf1-2d15-4e27-896f-8ffa2137c25a.png'),
	(18, '2024-02-06 15:21:14.179594', 'https://lh3.googleusercontent.com/a/ACg8ocKKPOQP7zuEnXD-0ckgVbU1dB9xMYwYv3KJslEn-f2YsQ=s96-c'),
	(19, '2024-02-06 16:18:04.205806', NULL),
	(22, '2024-02-06 16:19:52.733158', 'https://k-l1verse.s3.ap-northeast-2.amazonaws.com/6cd2d67f-a8ce-4d6b-bca7-4b11dc2c90f5.jpg'),
	(23, '2024-02-06 16:50:16.775424', NULL),
	(24, '2024-02-06 16:50:25.520647', NULL),
	(25, '2024-02-06 16:53:32.963682', NULL),
	(26, '2024-02-06 17:27:01.605196', NULL),
	(27, '2024-02-06 17:27:06.829951', NULL),
	(28, '2024-02-06 19:29:28.317949', 'http://k.kakaocdn.net/dn/1G9kp/btsAot8liOn/8CWudi3uy07rvFNUkk3ER0/img_640x640.jpg'),
	(29, '2024-02-06 20:31:33.092109', NULL),
	(30, '2024-02-06 20:31:47.204574', NULL),
	(31, '2024-02-06 20:32:05.382581', NULL),
	(32, '2024-02-06 21:36:45.841173', NULL),
	(33, '2024-02-06 21:41:55.802192', NULL),
	(34, '2024-02-06 21:46:23.643401', NULL),
	(35, '2024-02-06 21:51:53.267694', NULL),
	(36, '2024-02-06 21:54:50.774093', NULL),
	(37, '2024-02-06 21:58:36.733092', NULL),
	(38, '2024-02-06 22:01:13.123123', NULL),
	(39, '2024-02-06 22:03:54.947951', NULL),
	(40, '2024-02-06 22:09:08.910482', NULL),
	(41, '2024-02-06 22:14:26.737256', 'http://k.kakaocdn.net/dn/1G9kp/btsAot8liOn/8CWudi3uy07rvFNUkk3ER0/img_640x640.jpg'),
	(42, '2024-02-06 22:14:44.179806', NULL),
	(43, '2024-02-06 22:18:21.280565', NULL),
	(44, '2024-02-06 22:19:51.685676', NULL),
	(45, '2024-02-07 00:01:37.995624', NULL),
	(46, '2024-02-07 00:12:19.170581', 'https://k-l1verse.s3.ap-northeast-2.amazonaws.com/bd816c51-ac28-41ae-8985-7299935c3017.jpeg'),
	(47, '2024-02-07 01:54:11.633057', NULL),
	(48, '2024-02-07 17:28:48.402453', 'https://lh3.googleusercontent.com/a/ACg8ocI0U6rRq2QihGa6biVUU7HmjV6Rp6LSMuiCVJfjSIGL=s96-c'),
	(49, '2024-02-07 17:29:52.876571', 'https://k-l1verse.s3.ap-northeast-2.amazonaws.com/abbbd898-1b0d-4d84-94ef-8fa2708315ca.png'),
	(50, '2024-02-08 01:48:26.133013', NULL),
	(51, '2024-02-08 02:22:35.917480', NULL),
	(52, '2024-02-08 02:23:11.980760', NULL),
	(53, '2024-02-08 04:40:26.251198', NULL),
	(54, '2024-02-08 04:41:57.644406', NULL),
	(55, '2024-02-08 04:48:55.465248', NULL),
	(56, '2024-02-08 04:50:20.813183', NULL),
	(57, '2024-02-09 03:37:15.914155', NULL),
	(58, '2024-02-09 03:39:33.109619', NULL),
	(59, '2024-02-09 03:42:12.775138', NULL),
	(60, '2024-02-09 04:21:26.982499', 'https://k-l1verse.s3.ap-northeast-2.amazonaws.com/2c47faea-87ac-433d-93e9-04d9cc3781c9.jpeg'),
	(61, '2024-02-09 04:45:45.450022', 'https://k-l1verse.s3.ap-northeast-2.amazonaws.com/c1c06f22-ebf4-416e-b412-bf2466477254.jpeg'),
	(62, '2024-02-09 04:46:42.297660', 'https://k-l1verse.s3.ap-northeast-2.amazonaws.com/f830e1ed-e518-4e9e-913b-aef7684b420f.jpeg'),
	(63, '2024-02-09 04:50:13.667471', 'https://k-l1verse.s3.ap-northeast-2.amazonaws.com/3583973b-bc91-42d8-8266-3b48aeff301a.png'),
	(64, '2024-02-09 05:57:36.109682', 'https://k-l1verse.s3.ap-northeast-2.amazonaws.com/60c240e3-cd1f-44ff-8627-1ed564028264.png'),
	(65, '2024-02-09 13:36:50.624342', 'https://lh3.googleusercontent.com/a/ACg8ocJle5xVX-wWoJ3CKA8kKtySS6ghQQxInFjSidBj6Qk=s96-c'),
	(66, '2024-02-09 14:47:57.047085', 'image1'),
	(67, '2024-02-09 16:54:01.127567', 'https://k-l1verse.s3.ap-northeast-2.amazonaws.com/ff160c4c-a4fc-4b95-a82f-feb7a5dea374.jpeg'),
	(68, '2024-02-09 17:24:02.302506', NULL),
	(69, '2024-02-09 17:58:16.829023', 'https://k-l1verse.s3.ap-northeast-2.amazonaws.com/f4695a03-104b-4faf-b203-988bf79c2924.jpeg'),
	(70, '2024-02-09 19:48:54.784677', NULL),
	(71, '2024-02-09 20:00:51.495527', 'https://k-l1verse.s3.ap-northeast-2.amazonaws.com/09cbff66-17b4-4e95-ad8e-44947e4f71fe.png'),
	(72, '2024-02-09 20:27:51.630265', 'https://k-l1verse.s3.ap-northeast-2.amazonaws.com/e59554bb-39c5-4124-b5bc-2edbf85de849.png'),
	(73, '2024-02-09 21:52:58.462730', NULL),
	(74, '2024-02-09 22:05:40.866570', NULL),
	(75, '2024-02-09 23:48:06.566241', 'https://k-l1verse.s3.ap-northeast-2.amazonaws.com/f37f16b6-7998-4688-9a57-902809c02af1.jpeg'),
	(76, '2024-02-09 23:48:28.215318', NULL),
	(77, '2024-02-09 23:48:36.967285', 'https://k-l1verse.s3.ap-northeast-2.amazonaws.com/fe9bbc90-9d2d-49c0-9b55-36ae51f38545.jpeg'),
	(78, '2024-02-09 23:50:58.885832', NULL),
	(79, '2024-02-09 23:51:05.407982', 'https://k-l1verse.s3.ap-northeast-2.amazonaws.com/5c905205-c6ee-42aa-b87a-6ecdf711c0e3.jpeg'),
	(80, '2024-02-10 00:03:57.974548', NULL),
	(81, '2024-02-10 00:56:26.714613', 'https://lh3.googleusercontent.com/a/ACg8ocL4A7X9UyEjyNJzMAYyW64rNDG1rMf0g-6ERRWhSOo=s96-c'),
	(82, '2024-02-10 01:41:47.930016', 'https://k-l1verse.s3.ap-northeast-2.amazonaws.com/573fb20d-b987-4bca-946f-b1c58fe409a6.jpg'),
	(83, '2024-02-10 02:27:28.355247', 'https://k-l1verse.s3.ap-northeast-2.amazonaws.com/4c9dbd55-1e56-4b71-a199-c9090f8a92fd.png'),
	(84, '2024-02-10 14:01:27.178665', NULL),
	(85, '2024-02-10 14:02:00.134993', NULL),
	(86, '2024-02-10 14:04:35.639010', 'https://k-l1verse.s3.ap-northeast-2.amazonaws.com/e1c791c2-4c0f-4f8e-94b9-bad5bc90916b.png'),
	(87, '2024-02-10 14:09:15.390562', 'https://k-l1verse.s3.ap-northeast-2.amazonaws.com/da56c866-595c-46c5-a8f4-0c07f85c31b1.jpeg'),
	(88, '2024-02-10 17:37:41.333529', NULL),
	(89, '2024-02-10 17:39:26.234240', 'https://k-l1verse.s3.ap-northeast-2.amazonaws.com/4111dbb5-7cad-47be-b427-74c384147df7.jpg'),
	(90, '2024-02-10 20:43:48.649806', 'https://k-l1verse.s3.ap-northeast-2.amazonaws.com/7f390bdd-9ad7-48ed-8b61-1e68d2f8a3e9.jpeg'),
	(91, '2024-02-10 20:52:08.033224', 'https://k-l1verse.s3.ap-northeast-2.amazonaws.com/ecc0d8c6-5416-4f8a-af4e-fd1dad0310d5.png'),
	(92, '2024-02-10 20:52:21.647648', 'https://k-l1verse.s3.ap-northeast-2.amazonaws.com/dcadbaf5-6426-4fcc-9f80-650dc0ec9f23.jpg'),
	(93, '2024-02-10 20:52:38.670572', 'https://k-l1verse.s3.ap-northeast-2.amazonaws.com/27779c9a-2ee1-4305-a6ab-164ad9ab9cea.png'),
	(94, '2024-02-10 22:52:43.149079', 'https://k-l1verse.s3.ap-northeast-2.amazonaws.com/83df25a8-2d73-476d-bc14-362fcc9cb6ef.png'),
	(95, '2024-02-10 23:20:34.526887', NULL),
	(96, '2024-02-11 00:38:00.558661', 'https://k-l1verse.s3.ap-northeast-2.amazonaws.com/5503859b-c128-454f-8b30-0cdba21bf06b.jfif'),
	(97, '2024-02-11 00:38:26.421266', NULL),
	(98, '2024-02-11 00:38:41.262405', 'https://k-l1verse.s3.ap-northeast-2.amazonaws.com/b0e6dbdd-5004-4869-9643-f7068d83be87.jfif'),
	(99, '2024-02-11 00:38:51.910350', NULL),
	(100, '2024-02-11 00:40:25.161667', 'https://k-l1verse.s3.ap-northeast-2.amazonaws.com/29dee268-671c-40f8-96aa-c5d78a6f5de4.jfif'),
	(101, '2024-02-11 00:55:51.218149', NULL),
	(102, '2024-02-11 01:20:25.076222', NULL),
	(103, '2024-02-11 01:37:44.591248', 'https://k-l1verse.s3.ap-northeast-2.amazonaws.com/023e720f-2b41-4426-98c2-e5771d6bf320.jpg'),
	(104, '2024-02-11 01:37:53.233920', NULL),
	(105, '2024-02-11 01:38:01.264409', NULL),
	(106, '2024-02-11 01:38:44.045999', 'https://k-l1verse.s3.ap-northeast-2.amazonaws.com/5837811a-25f9-43e0-8a0e-414774f30b0e.png'),
	(107, '2024-02-11 01:38:49.181187', NULL),
	(108, '2024-02-11 01:38:58.590898', NULL),
	(109, '2024-02-11 01:39:04.590526', 'https://k-l1verse.s3.ap-northeast-2.amazonaws.com/58476550-0728-4de3-84cc-64798f546a67.png'),
	(110, '2024-02-11 01:43:12.715841', 'https://k-l1verse.s3.ap-northeast-2.amazonaws.com/fdf0a786-6b32-44ba-b040-47a795a0d650.png'),
	(111, '2024-02-11 01:43:18.186788', NULL),
	(112, '2024-02-11 01:43:27.505345', NULL),
	(113, '2024-02-11 01:45:52.268614', 'https://k-l1verse.s3.ap-northeast-2.amazonaws.com/20172b8c-6b18-4938-adc5-99ff5f316cc1.jpg'),
	(114, '2024-02-11 01:46:06.709237', 'https://k-l1verse.s3.ap-northeast-2.amazonaws.com/c95ac831-61ef-4cb9-b779-da5c5a2bafe1.png'),
	(115, '2024-02-11 02:00:49.426535', NULL),
	(116, '2024-02-11 03:44:42.494224', 'https://k-l1verse.s3.ap-northeast-2.amazonaws.com/b543518b-dd35-4cbf-b78a-89d386f87933.PNG'),
	(117, '2024-02-11 04:03:42.169842', NULL),
	(118, '2024-02-11 04:03:54.059416', NULL),
	(119, '2024-02-11 04:05:06.343793', 'https://k-l1verse.s3.ap-northeast-2.amazonaws.com/15fcf821-0f93-42a4-a60d-ffc66c224c88.jpeg'),
	(120, '2024-02-11 04:06:28.977481', 'https://k-l1verse.s3.ap-northeast-2.amazonaws.com/7e4c073f-13b2-4a7b-bba1-1c90d72171ef.jpeg'),
	(121, '2024-02-11 14:42:06.927669', NULL),
	(122, '2024-02-11 14:42:35.240630', NULL),
	(123, '2024-02-11 14:58:46.403123', NULL),
	(124, '2024-02-11 15:02:07.673840', 'https://k-l1verse.s3.ap-northeast-2.amazonaws.com/0f86811b-6643-401d-92b4-8492315454eb.jpg'),
	(125, '2024-02-11 15:07:51.559796', NULL),
	(126, '2024-02-11 15:26:54.082290', NULL),
	(127, '2024-02-11 15:27:08.908755', NULL),
	(128, '2024-02-11 15:32:32.905172', NULL),
	(129, '2024-02-11 15:32:54.102347', 'https://k-l1verse.s3.ap-northeast-2.amazonaws.com/104e8835-be35-4405-83a9-701b35d914e4.jpg'),
	(130, '2024-02-11 15:35:28.098546', 'https://k-l1verse.s3.ap-northeast-2.amazonaws.com/e2fd5c2f-d767-43b7-ba7d-aaf167d0a5b3.png'),
	(131, '2024-02-11 15:36:03.899037', 'https://k-l1verse.s3.ap-northeast-2.amazonaws.com/9819cf75-6d8e-4dcb-a8e2-fa77ab08ae17.jpg'),
	(132, '2024-02-11 15:37:02.112061', 'https://k-l1verse.s3.ap-northeast-2.amazonaws.com/8300d4e5-ab8d-42ed-b9c3-127eb7b8d503.jpeg'),
	(133, '2024-02-11 15:37:51.891950', 'https://k-l1verse.s3.ap-northeast-2.amazonaws.com/997b7831-6ebc-4948-9c41-86ec912a56f3.jpeg'),
	(134, '2024-02-11 15:39:56.504690', 'https://k-l1verse.s3.ap-northeast-2.amazonaws.com/3b5f9f13-065e-440e-908c-0b5c626e20c5.jpeg'),
	(135, '2024-02-11 15:41:01.515251', 'https://k-l1verse.s3.ap-northeast-2.amazonaws.com/b0ecb7a1-c984-415d-84e7-5ae1cc04fe8f.jpeg'),
	(136, '2024-02-11 15:44:16.963800', NULL),
	(137, '2024-02-11 15:57:27.565324', 'https://k-l1verse.s3.ap-northeast-2.amazonaws.com/4f1ab129-34de-4842-97c9-148208ba96bb.PNG'),
	(138, '2024-02-11 15:57:48.557384', 'https://k-l1verse.s3.ap-northeast-2.amazonaws.com/c701fe15-9bf4-4de3-9c7d-2fd53b6e5c1e.jpg'),
	(139, '2024-02-11 15:58:49.400706', 'https://k-l1verse.s3.ap-northeast-2.amazonaws.com/a279c49d-39fa-4d50-9345-e4dc6960b547.jpg'),
	(140, '2024-02-11 16:00:06.491827', 'https://k-l1verse.s3.ap-northeast-2.amazonaws.com/88d30196-fea4-4e4b-8bf4-00c660102e2a.jpg'),
	(141, '2024-02-11 16:00:39.584210', 'https://k-l1verse.s3.ap-northeast-2.amazonaws.com/5e8613d3-0674-4f0b-8815-96313dc157bf.jpg'),
	(142, '2024-02-11 16:16:28.685530', NULL),
	(143, '2024-02-11 16:19:44.546600', NULL),
	(144, '2024-02-11 16:22:40.328642', 'https://k-l1verse.s3.ap-northeast-2.amazonaws.com/ba430672-b27b-4e40-834e-608b84e9f80e.jpg'),
	(145, '2024-02-11 17:36:36.134887', 'https://k-l1verse.s3.ap-northeast-2.amazonaws.com/cb31d0c7-6bf2-47fc-8c8b-a51259fda2fa.jpeg'),
	(146, '2024-02-11 18:39:09.698377', NULL),
	(147, '2024-02-11 19:30:58.477412', NULL),
	(148, '2024-02-11 19:31:06.367466', 'https://k-l1verse.s3.ap-northeast-2.amazonaws.com/5fd46266-b38f-435b-9b48-108814c25d85.jpg'),
	(149, '2024-02-11 20:19:01.126267', NULL),
	(150, '2024-02-11 20:36:45.433698', NULL),
	(151, '2024-02-11 20:36:54.153636', NULL),
	(152, '2024-02-11 20:57:11.629912', 'https://k-l1verse.s3.ap-northeast-2.amazonaws.com/80315ef5-60af-4d29-958d-1bbe47e54ca6.jpg'),
	(153, '2024-02-11 20:59:51.509200', NULL),
	(154, '2024-02-11 21:02:19.626167', NULL),
	(155, '2024-02-11 21:08:54.445140', NULL),
	(156, '2024-02-11 21:13:02.856558', NULL),
	(157, '2024-02-11 21:17:13.103475', NULL),
	(158, '2024-02-11 21:20:29.566286', 'https://ssl.pstatic.net/static/pwe/address/img_profile.png'),
	(159, '2024-02-11 21:52:27.489972', NULL),
	(160, '2024-02-11 21:52:34.556895', NULL),
	(161, '2024-02-11 21:57:48.865900', NULL),
	(162, '2024-02-11 21:58:24.430011', 'https://k-l1verse.s3.ap-northeast-2.amazonaws.com/c6c68d34-856e-437c-856f-166ae7808aee.png'),
	(163, '2024-02-11 21:58:35.770572', NULL),
	(164, '2024-02-11 21:58:41.803537', NULL),
	(165, '2024-02-11 21:59:58.426979', NULL),
	(166, '2024-02-11 22:06:57.960841', NULL),
	(167, '2024-02-11 22:19:21.216329', NULL),
	(168, '2024-02-11 22:19:56.439892', NULL),
	(169, '2024-02-11 23:08:19.727226', NULL),
	(170, '2024-02-11 23:08:27.067036', 'https://k-l1verse.s3.ap-northeast-2.amazonaws.com/8404e2bf-c3c9-4f6f-a177-f2145087726f.jpg'),
	(171, '2024-02-12 02:08:18.210752', 'https://k-l1verse.s3.ap-northeast-2.amazonaws.com/57190d6e-f48d-4fbd-bd0b-81088eae494c.jpg'),
	(172, '2024-02-12 02:14:21.716415', 'https://k-l1verse.s3.ap-northeast-2.amazonaws.com/b55a53f8-2f29-44eb-878a-63781d89a094.jpg'),
	(173, '2024-02-12 02:16:34.119380', NULL),
	(174, '2024-02-12 02:17:23.021192', NULL),
	(175, '2024-02-12 02:18:05.589164', 'https://k-l1verse.s3.ap-northeast-2.amazonaws.com/fdef61bb-3f19-427e-a9af-8524b8d39ec5.png'),
	(176, '2024-02-12 02:32:52.297188', NULL),
	(177, '2024-02-12 02:36:44.594175', NULL),
	(178, '2024-02-12 13:52:03.749200', 'https://k-l1verse.s3.ap-northeast-2.amazonaws.com/ad6aeb22-926b-4f17-b0f4-fb4be60ead6c.png'),
	(179, '2024-02-12 14:04:41.874494', NULL),
	(180, '2024-02-12 14:04:53.296564', NULL),
	(181, '2024-02-12 14:45:32.209361', NULL),
	(182, '2024-02-12 14:48:05.332012', NULL),
	(183, '2024-02-12 14:48:26.961655', NULL),
	(184, '2024-02-12 14:49:53.544859', NULL),
	(185, '2024-02-12 14:59:53.110247', NULL),
	(186, '2024-02-12 15:00:39.644154', NULL),
	(187, '2024-02-12 15:00:51.372846', NULL),
	(188, '2024-02-12 15:00:51.404875', NULL),
	(189, '2024-02-12 15:03:18.896497', NULL),
	(190, '2024-02-12 15:13:41.422047', NULL),
	(191, '2024-02-12 15:19:35.460414', 'https://k-l1verse.s3.ap-northeast-2.amazonaws.com/5a441654-fb75-47b0-b4c1-ee6eba873a25.jpg'),
	(192, '2024-02-12 15:19:49.535242', 'https://k-l1verse.s3.ap-northeast-2.amazonaws.com/8cd83b02-c8e7-418c-a050-cd1bb62e28bc.jpg'),
	(193, '2024-02-12 15:20:58.863303', NULL),
	(194, '2024-02-12 15:26:05.767924', 'https://k-l1verse.s3.ap-northeast-2.amazonaws.com/1214fb41-bf96-4ffe-af40-c2eb8b9860b8.jpg'),
	(195, '2024-02-12 15:26:10.014283', 'https://k-l1verse.s3.ap-northeast-2.amazonaws.com/41464052-56ec-465c-b5bf-1d5703715c8b.jpg'),
	(196, '2024-02-12 15:27:28.804391', 'https://k-l1verse.s3.ap-northeast-2.amazonaws.com/b61f6b5f-72e9-4102-b29c-c432fc2ad7db.jpg'),
	(197, '2024-02-12 15:27:47.613971', NULL),
	(198, '2024-02-12 15:46:17.269224', NULL),
	(199, '2024-02-12 15:46:30.460940', NULL),
	(200, '2024-02-12 16:27:18.111088', NULL),
	(201, '2024-02-12 16:30:54.959050', NULL),
	(202, '2024-02-12 17:16:10.884576', NULL),
	(203, '2024-02-12 17:16:21.161685', NULL),
	(204, '2024-02-12 17:20:23.368793', NULL),
	(205, '2024-02-12 17:25:27.906653', NULL),
	(206, '2024-02-12 17:26:57.420059', NULL),
	(207, '2024-02-12 17:27:09.875396', NULL),
	(208, '2024-02-12 17:27:09.922441', NULL),
	(209, '2024-02-12 17:27:29.266047', NULL),
	(210, '2024-02-12 17:27:59.415645', NULL),
	(211, '2024-02-12 17:28:13.934890', NULL),
	(212, '2024-02-12 17:29:34.319370', NULL),
	(213, '2024-02-12 17:32:29.165394', NULL),
	(214, '2024-02-12 17:32:33.991292', NULL),
	(215, '2024-02-12 17:32:49.824029', NULL),
	(216, '2024-02-12 17:34:03.994565', NULL),
	(217, '2024-02-12 17:34:09.851406', NULL),
	(218, '2024-02-12 17:36:05.979928', NULL),
	(219, '2024-02-12 17:36:43.878078', NULL),
	(220, '2024-02-12 17:37:26.053922', NULL),
	(221, '2024-02-12 17:39:02.914591', 'https://k-l1verse.s3.ap-northeast-2.amazonaws.com/77c7635c-3deb-40e6-9566-8cae58084518.jpg'),
	(222, '2024-02-12 17:41:38.743896', NULL),
	(223, '2024-02-12 17:48:05.640401', NULL),
	(224, '2024-02-12 17:48:05.675433', NULL),
	(225, '2024-02-12 17:48:13.547107', NULL),
	(226, '2024-02-12 17:51:01.407758', NULL),
	(227, '2024-02-12 17:53:01.166594', 'http://k.kakaocdn.net/dn/1G9kp/btsAot8liOn/8CWudi3uy07rvFNUkk3ER0/img_640x640.jpg'),
	(228, '2024-02-12 17:54:06.282039', NULL),
	(229, '2024-02-12 17:54:19.504086', NULL),
	(230, '2024-02-12 18:08:40.480331', 'https://k-l1verse.s3.ap-northeast-2.amazonaws.com/17a4c598-92f3-4965-a747-b590a7e2fce1.jpeg'),
	(231, '2024-02-12 19:12:22.908652', NULL),
	(232, '2024-02-12 19:13:14.344319', NULL),
	(233, '2024-02-12 19:13:25.187160', NULL),
	(234, '2024-02-12 19:18:41.296638', NULL),
	(235, '2024-02-12 19:27:50.369556', NULL),
	(236, '2024-02-12 19:29:39.314876', NULL),
	(237, '2024-02-12 19:30:31.099861', NULL),
	(238, '2024-02-12 19:32:43.466929', NULL),
	(239, '2024-02-12 19:54:07.805304', NULL),
	(240, '2024-02-12 19:54:19.463287', NULL),
	(241, '2024-02-12 19:58:29.379215', NULL),
	(242, '2024-02-12 20:17:29.934337', NULL),
	(243, '2024-02-12 20:17:46.555293', NULL),
	(244, '2024-02-12 20:32:12.695227', NULL),
	(245, '2024-02-12 20:32:35.895296', NULL),
	(246, '2024-02-12 20:44:34.828752', NULL),
	(247, '2024-02-12 20:44:52.070194', NULL),
	(248, '2024-02-12 20:45:12.436227', NULL),
	(249, '2024-02-12 20:47:43.562690', NULL),
	(250, '2024-02-12 20:50:04.796262', 'https://k-l1verse.s3.ap-northeast-2.amazonaws.com/e1c7191c-2239-4a98-ab1b-ffe7e3655d67.webp'),
	(251, '2024-02-12 20:50:18.059738', 'https://k-l1verse.s3.ap-northeast-2.amazonaws.com/e1c7191c-2239-4a98-ab1b-ffe7e3655d67.webp'),
	(252, '2024-02-12 20:51:03.874237', NULL),
	(253, '2024-02-12 21:20:54.242333', 'https://k-l1verse.s3.ap-northeast-2.amazonaws.com/42fe9636-495d-4d82-94b7-84944a5dd7fd.jpg'),
	(254, '2024-02-12 21:21:04.060322', NULL),
	(255, '2024-02-12 21:21:07.366074', NULL),
	(256, '2024-02-12 21:21:14.158865', 'https://k-l1verse.s3.ap-northeast-2.amazonaws.com/ea34e3e3-72e6-462b-b689-63a4002bc192.jpg'),
	(257, '2024-02-12 21:51:05.874466', 'https://k-l1verse.s3.ap-northeast-2.amazonaws.com/dbe681dd-ac69-469f-8768-269d27b2c17c.png'),
	(258, '2024-02-12 23:05:16.293766', NULL),
	(259, '2024-02-12 23:08:04.000447', NULL),
	(260, '2024-02-12 23:08:07.518658', NULL),
	(261, '2024-02-12 23:33:28.091439', 'https://k-l1verse.s3.ap-northeast-2.amazonaws.com/68a66201-2e49-4073-9733-4d9e54003295.png'),
	(262, '2024-02-12 23:33:37.900111', 'https://k-l1verse.s3.ap-northeast-2.amazonaws.com/cbef4d1d-29eb-4f33-9f15-bee8f445a6e9.png'),
	(263, '2024-02-12 23:33:42.218532', NULL),
	(264, '2024-02-12 23:39:16.042742', NULL),
	(265, '2024-02-12 23:39:29.938453', NULL),
	(266, '2024-02-12 23:42:01.233620', 'https://k-l1verse.s3.ap-northeast-2.amazonaws.com/f9f1db5a-e856-407b-8c9c-635145f53ef1.jpg'),
	(267, '2024-02-13 01:34:32.961387', 'https://k-l1verse.s3.ap-northeast-2.amazonaws.com/21037f19-04c6-4944-9372-177715867eba.jpeg'),
	(268, '2024-02-13 01:36:25.539993', 'https://k-l1verse.s3.ap-northeast-2.amazonaws.com/aea8004e-c402-4185-8b90-8e565241aae8.jpeg'),
	(269, '2024-02-13 01:39:09.728216', 'https://k-l1verse.s3.ap-northeast-2.amazonaws.com/b3cb8881-dc7f-44cc-b60f-ca61d74f1716.jpeg'),
	(270, '2024-02-13 01:39:47.801199', 'https://k-l1verse.s3.ap-northeast-2.amazonaws.com/d13ce346-3792-41c1-b265-72177788d8e9.jpeg'),
	(271, '2024-02-13 01:42:49.187218', NULL),
	(272, '2024-02-13 01:43:37.361597', NULL),
	(273, '2024-02-13 01:43:54.013867', NULL),
	(274, '2024-02-13 01:45:16.857792', NULL),
	(275, '2024-02-13 01:45:22.784280', NULL),
	(276, '2024-02-13 01:45:55.260270', NULL),
	(277, '2024-02-13 01:46:57.575324', NULL),
	(278, '2024-02-13 01:47:26.090736', NULL),
	(279, '2024-02-13 09:08:27.826664', 'https://k-l1verse.s3.ap-northeast-2.amazonaws.com/62b4ddec-f3b3-4916-b689-98d61c771e3e.png'),
	(280, '2024-02-13 09:10:00.854114', NULL),
	(281, '2024-02-13 09:14:56.603236', 'https://k-l1verse.s3.ap-northeast-2.amazonaws.com/32eabb96-468d-4801-b388-87ffe6d75bf7.jpg'),
	(282, '2024-02-13 09:16:11.128358', NULL),
	(283, '2024-02-13 09:23:39.196693', 'https://k-l1verse.s3.ap-northeast-2.amazonaws.com/81eb8e14-bf06-4989-b44f-c1a3c8ad5422.jpg'),
	(284, '2024-02-13 09:24:45.642318', NULL),
	(285, '2024-02-13 09:25:36.034956', NULL),
	(286, '2024-02-13 09:26:13.674253', NULL),
	(287, '2024-02-13 09:26:30.260021', 'https://k-l1verse.s3.ap-northeast-2.amazonaws.com/cb76fe59-07ce-49fc-857a-312da8fbc246.png'),
	(288, '2024-02-13 09:30:15.246207', NULL),
	(289, '2024-02-13 09:30:33.736158', 'https://k-l1verse.s3.ap-northeast-2.amazonaws.com/5bddd5fd-c380-41a7-8baa-4a0064e61e24.png'),
	(290, '2024-02-13 09:31:20.415039', 'https://k-l1verse.s3.ap-northeast-2.amazonaws.com/ee7d778b-b4fb-4503-8ab1-a6a472c6c994.png'),
	(291, '2024-02-13 09:31:33.729442', 'sdfsdfZZZsdfsdfds'),
	(292, '2024-02-13 09:32:34.562915', NULL),
	(293, '2024-02-13 09:32:55.898492', 'https://k-l1verse.s3.ap-northeast-2.amazonaws.com/e0d95a77-2d9c-45c2-8e36-17a648616fe6.png'),
	(294, '2024-02-13 09:33:18.250677', NULL),
	(295, '2024-02-13 09:35:31.886711', 'sdfsdfZZZsdfsdfds'),
	(296, '2024-02-13 09:35:50.750313', 'https://k-l1verse.s3.ap-northeast-2.amazonaws.com/0f13c073-2ba9-4218-8e54-0be6ac3e338c.jpg'),
	(297, '2024-02-13 09:37:13.985141', NULL),
	(298, '2024-02-13 09:37:59.460464', 'https://k-l1verse.s3.ap-northeast-2.amazonaws.com/9f601a9c-f6df-45e3-83e2-da527b245a98.png'),
	(299, '2024-02-13 09:38:47.834296', 'd'),
	(300, '2024-02-13 09:39:01.568123', NULL),
	(301, '2024-02-13 09:39:16.137120', NULL),
	(302, '2024-02-13 09:57:25.736058', 'https://k-l1verse.s3.ap-northeast-2.amazonaws.com/5bddd5fd-c380-41a7-8baa-4a0064e61e24.png'),
	(303, '2024-02-13 09:57:43.457786', 'https://k-l1verse.s3.ap-northeast-2.amazonaws.com/5bddd5fd-c380-41a7-8baa-4a0064e61e24.png'),
	(304, '2024-02-13 09:58:50.973243', 'https://k-l1verse.s3.ap-northeast-2.amazonaws.com/5bddd5fd-c380-41a7-8baa-4a0064e61e24.png'),
	(305, '2024-02-13 09:59:44.248124', 'https://k-l1verse.s3.ap-northeast-2.amazonaws.com/5bddd5fd-c380-41a7-8baa-4a0064e61e24.png'),
	(306, '2024-02-13 09:59:52.504856', 'https://k-l1verse.s3.ap-northeast-2.amazonaws.com/5bddd5fd-c380-41a7-8baa-4a0064e61e24.png'),
	(307, '2024-02-13 10:33:13.875437', 'https://k-l1verse.s3.ap-northeast-2.amazonaws.com/5bddd5fd-c380-41a7-8baa-4a0064e61e24.png'),
	(308, '2024-02-13 10:33:18.209315', 'https://k-l1verse.s3.ap-northeast-2.amazonaws.com/5bddd5fd-c380-41a7-8baa-4a0064e61e24.png'),
	(309, '2024-02-13 10:42:31.297641', 'https://k-l1verse.s3.ap-northeast-2.amazonaws.com/5bddd5fd-c380-41a7-8baa-4a0064e61e24.png'),
	(310, '2024-02-13 10:42:32.291511', 'https://k-l1verse.s3.ap-northeast-2.amazonaws.com/5bddd5fd-c380-41a7-8baa-4a0064e61e24.png'),
	(311, '2024-02-13 10:52:33.502424', 'https://k-l1verse.s3.ap-northeast-2.amazonaws.com/5bddd5fd-c380-41a7-8baa-4a0064e61e24.png'),
	(312, '2024-02-13 10:54:40.207711', 'https://k-l1verse.s3.ap-northeast-2.amazonaws.com/5a317a39-a173-4171-8f41-411649564a05.png'),
	(313, '2024-02-13 10:56:13.763061', 'https://k-l1verse.s3.ap-northeast-2.amazonaws.com/408f97ee-2766-4f8a-b5c2-7e54608cb88c.jpg'),
	(314, '2024-02-13 10:57:12.211224', 'https://k-l1verse.s3.ap-northeast-2.amazonaws.com/5a317a39-a173-4171-8f41-411649564a05.png'),
	(315, '2024-02-13 10:57:25.197580', 'https://k-l1verse.s3.ap-northeast-2.amazonaws.com/408f97ee-2766-4f8a-b5c2-7e54608cb88c.jpg'),
	(316, '2024-02-13 10:59:17.639145', 'https://k-l1verse.s3.ap-northeast-2.amazonaws.com/408f97ee-2766-4f8a-b5c2-7e54608cb88c.jpg'),
	(317, '2024-02-13 11:02:35.010713', NULL),
	(318, '2024-02-13 11:05:13.894585', NULL),
	(319, '2024-02-13 12:10:14.259417', 'https://k-l1verse.s3.ap-northeast-2.amazonaws.com/b5957af1-0e33-4405-b79e-51f98ed48d61.png'),
	(320, '2024-02-13 12:10:19.276012', 'https://k-l1verse.s3.ap-northeast-2.amazonaws.com/b5957af1-0e33-4405-b79e-51f98ed48d61.png'),
	(321, '2024-02-13 12:23:09.060713', NULL),
	(322, '2024-02-13 12:23:12.060092', NULL),
	(323, '2024-02-13 12:23:31.607743', NULL),
	(324, '2024-02-13 12:25:03.291388', 'https://k-l1verse.s3.ap-northeast-2.amazonaws.com/2f1ebbd5-0c31-41b4-84c0-4480ca370764.png'),
	(325, '2024-02-13 12:25:19.615730', 'https://k-l1verse.s3.ap-northeast-2.amazonaws.com/2ebc51a9-5381-44bf-be29-5e514f36e7fd.jpeg'),
	(326, '2024-02-13 12:37:46.791363', 'https://k-l1verse.s3.ap-northeast-2.amazonaws.com/7fa7dcf5-d4c6-49bd-9577-ccac8e03bf56.png'),
	(327, '2024-02-13 12:37:53.953810', 'https://k-l1verse.s3.ap-northeast-2.amazonaws.com/7fa7dcf5-d4c6-49bd-9577-ccac8e03bf56.png'),
	(328, '2024-02-13 12:42:40.149740', 'https://k-l1verse.s3.ap-northeast-2.amazonaws.com/fcd78f85-f080-4b24-b9c2-9e2117123949.jpg'),
	(329, '2024-02-13 12:48:00.515494', 'https://k-l1verse.s3.ap-northeast-2.amazonaws.com/d9056087-0b54-40d4-9608-9f789eb1802e.jpg'),
	(330, '2024-02-13 12:50:39.822040', 'https://k-l1verse.s3.ap-northeast-2.amazonaws.com/e37fe5a5-5485-4c9a-a4c2-2df3cb398a83.webp'),
	(331, '2024-02-13 12:57:30.477935', NULL),
	(332, '2024-02-13 13:59:55.075927', NULL),
	(333, '2024-02-13 14:47:17.780155', 'https://k-l1verse.s3.ap-northeast-2.amazonaws.com/cd93a1aa-e081-4b3b-a131-2659901038bd.png'),
	(334, '2024-02-13 15:03:27.415122', 'https://k-l1verse.s3.ap-northeast-2.amazonaws.com/abe07e19-48ea-4260-95b0-930bd4f11bf1.jpg'),
	(335, '2024-02-13 15:13:19.820471', 'https://k-l1verse.s3.ap-northeast-2.amazonaws.com/1a5a342d-a8e7-4dde-8947-442b9e25e927.jpg'),
	(336, '2024-02-13 15:13:34.430856', 'https://k-l1verse.s3.ap-northeast-2.amazonaws.com/8114ed2a-96b1-4f92-9914-67babd1e0e95.png'),
	(337, '2024-02-13 15:21:03.945777', 'https://k-l1verse.s3.ap-northeast-2.amazonaws.com/66594a72-cbc5-4b98-be8a-822ae34ef2c3.png'),
	(338, '2024-02-13 16:32:48.251392', '["https://k-l1verse.s3.ap-northeast-2.amazonaws.com/6dc1dc5c-6e78-46ab-b131-b4d207fbd5d0.jpg"]'),
	(339, '2024-02-13 16:33:35.356629', 'https://k-l1verse.s3.ap-northeast-2.amazonaws.com/63a584ce-6a42-4269-9042-663e0254e211.png'),
	(340, '2024-02-13 16:34:02.545127', 'https://k-l1verse.s3.ap-northeast-2.amazonaws.com/52043965-5b57-4462-869d-947f6a289eac.jpg'),
	(341, '2024-02-13 16:35:41.522324', 'https://k-l1verse.s3.ap-northeast-2.amazonaws.com/08daa188-a81e-4ecc-a504-921b91e5ba2d.jpg'),
	(342, '2024-02-13 16:42:32.688182', 'https://k-l1verse.s3.ap-northeast-2.amazonaws.com/08daa188-a81e-4ecc-a504-921b91e5ba2d.jpg'),
	(344, '2024-02-13 16:54:38.567959', 'https://k-l1verse.s3.ap-northeast-2.amazonaws.com/73474a29-4e26-4e5c-aedc-0d9b9e9e50ed.jpg,https://k-l1verse.s3.ap-northeast-2.amazonaws.com/8233d21f-de5e-45d5-913a-c6f58cfe26b5.webp'),
	(345, '2024-02-13 17:00:13.172412', 'https://k-l1verse.s3.ap-northeast-2.amazonaws.com/73474a29-4e26-4e5c-aedc-0d9b9e9e50ed.jpg,https://k-l1verse.s3.ap-northeast-2.amazonaws.com/8233d21f-de5e-45d5-913a-c6f58cfe26b5.webp'),
	(348, '2024-02-13 17:07:49.803187', 'https://k-l1verse.s3.ap-northeast-2.amazonaws.com/1e06056b-7806-4c8c-a02c-d3cdb6198738.png,https://k-l1verse.s3.ap-northeast-2.amazonaws.com/6756b5d8-227c-4e8c-9886-d9e6ebafc29c.png'),
	(349, '2024-02-13 17:07:58.023149', 'https://k-l1verse.s3.ap-northeast-2.amazonaws.com/1e06056b-7806-4c8c-a02c-d3cdb6198738.png,https://k-l1verse.s3.ap-northeast-2.amazonaws.com/6756b5d8-227c-4e8c-9886-d9e6ebafc29c.png'),
	(350, '2024-02-13 17:08:58.088359', NULL),
	(351, '2024-02-13 17:09:00.724822', NULL),
	(354, '2024-02-13 17:09:30.018961', 'https://k-l1verse.s3.ap-northeast-2.amazonaws.com/e5d6b018-594c-4d43-8deb-8b6922150bab.png,https://k-l1verse.s3.ap-northeast-2.amazonaws.com/29f28260-5231-4c7f-8cf6-8a210261b2c4.png'),
	(355, '2024-02-13 17:10:40.247050', 'https://k-l1verse.s3.ap-northeast-2.amazonaws.com/e5d6b018-594c-4d43-8deb-8b6922150bab.png,https://k-l1verse.s3.ap-northeast-2.amazonaws.com/29f28260-5231-4c7f-8cf6-8a210261b2c4.png'),
	(361, '2024-02-13 17:13:06.275820', 'https://k-l1verse.s3.ap-northeast-2.amazonaws.com/05abc8bd-23b5-4e72-838f-c9de6d32f608.png,https://k-l1verse.s3.ap-northeast-2.amazonaws.com/b190a6b2-670f-4a1d-b446-8ef478628652.png'),
	(362, '2024-02-13 17:13:35.941979', NULL),
	(363, '2024-02-13 17:14:48.817336', 'https://k-l1verse.s3.ap-northeast-2.amazonaws.com/c831d737-a8e7-47a4-aba9-b9f670cc306a.png,https://k-l1verse.s3.ap-northeast-2.amazonaws.com/67ea4b7e-b401-4449-8339-a5b1dd604126.webp,https://k-l1verse.s3.ap-northeast-2.amazonaws.com/17dc96cf-ad47-41ed-95b5-397456878f0b.webp,https://k-l1verse.s3.ap-northeast-2.amazonaws.com/99ee8829-c413-4edc-87c9-bd6cb5017105.png'),
	(364, '2024-02-13 17:23:39.376952', 'https://k-l1verse.s3.ap-northeast-2.amazonaws.com/e36a5b35-0641-4227-a2b5-9ac0d3ad1f36.jpg,https://k-l1verse.s3.ap-northeast-2.amazonaws.com/6cee877f-37dd-4e70-9305-9161737f32ba.png,https://k-l1verse.s3.ap-northeast-2.amazonaws.com/688fadb1-ea5a-4c0a-b464-cfa8afd25f41.png'),
	(365, '2024-02-13 17:25:10.550439', 'https://k-l1verse.s3.ap-northeast-2.amazonaws.com/eba3f479-6235-46df-8f97-085c8c8cc174.png,https://k-l1verse.s3.ap-northeast-2.amazonaws.com/d921a99f-fd68-4b2d-b3f1-831c35a28d14.png,https://k-l1verse.s3.ap-northeast-2.amazonaws.com/a1929f47-f21f-4c71-8870-5013e39c55ee.png'),
	(366, '2024-02-13 17:27:22.409818', 'https://k-l1verse.s3.ap-northeast-2.amazonaws.com/87a0553a-5be1-41a7-bce5-42daf4f7184c.png'),
	(367, '2024-02-13 17:28:16.058137', 'https://k-l1verse.s3.ap-northeast-2.amazonaws.com/bbcd1fc6-834d-4ca0-a4c0-a0ef2a696f87.png,https://k-l1verse.s3.ap-northeast-2.amazonaws.com/3d91c612-3a85-4b17-bfc0-6241b1f06656.jpg,https://k-l1verse.s3.ap-northeast-2.amazonaws.com/9270adf5-5221-4508-a19d-e7ab15013bed.png,https://k-l1verse.s3.ap-northeast-2.amazonaws.com/490a4505-035e-4d8b-968a-9ecb09aa5aa9.png,https://k-l1verse.s3.ap-northeast-2.amazonaws.com/12455a4c-fa95-4abb-8a51-ffeb068f7b51.png,https://k-l1verse.s3.ap-northeast-2.amazonaws.com/842e88a1-9b77-446f-a851-538a5b8b6be6.png'),
	(368, '2024-02-13 17:32:15.023261', NULL),
	(369, '2024-02-13 17:35:48.042430', 'https://k-l1verse.s3.ap-northeast-2.amazonaws.com/aceb3d7d-07a3-47a1-b6b8-b8a7d8ddb901.png,https://k-l1verse.s3.ap-northeast-2.amazonaws.com/67f3e14c-2185-435d-941e-e92fa37d4965.png,https://k-l1verse.s3.ap-northeast-2.amazonaws.com/93dc396b-9355-4f32-9281-e55ceefcd8a9.png'),
	(370, '2024-02-13 17:36:34.971020', 'https://k-l1verse.s3.ap-northeast-2.amazonaws.com/796fcd21-1aab-4095-9814-d066bae5035e.jpg,https://k-l1verse.s3.ap-northeast-2.amazonaws.com/0ca736bf-c2c2-4019-b4ff-1dc40f0034d9.jpg,https://k-l1verse.s3.ap-northeast-2.amazonaws.com/1ff9348f-5267-4977-966d-aa7a57f2b2ee.webp,https://k-l1verse.s3.ap-northeast-2.amazonaws.com/fa727b7f-cd25-4c26-b9b6-40aa6a2ff32c.jpg'),
	(371, '2024-02-13 17:42:57.862971', 'https://k-l1verse.s3.ap-northeast-2.amazonaws.com/b97a6a01-eede-4558-82dc-e06c7d6d9ab0.png,https://k-l1verse.s3.ap-northeast-2.amazonaws.com/be244eea-a69a-4b08-9d02-d442a86ea14a.png,https://k-l1verse.s3.ap-northeast-2.amazonaws.com/5e9c1317-94dc-4a42-85d3-9dbf657b94c1.jpg'),
	(372, '2024-02-13 17:43:08.536465', 'https://k-l1verse.s3.ap-northeast-2.amazonaws.com/b97a6a01-eede-4558-82dc-e06c7d6d9ab0.png,https://k-l1verse.s3.ap-northeast-2.amazonaws.com/be244eea-a69a-4b08-9d02-d442a86ea14a.png,https://k-l1verse.s3.ap-northeast-2.amazonaws.com/5e9c1317-94dc-4a42-85d3-9dbf657b94c1.jpg'),
	(373, '2024-02-13 19:47:59.531940', 'https://k-l1verse.s3.ap-northeast-2.amazonaws.com/292acf82-82cf-4a30-a864-3c6c0f03d8be.png,https://k-l1verse.s3.ap-northeast-2.amazonaws.com/1831dd01-7789-45cd-a79b-5cd2e7c6061b.jpeg,https://k-l1verse.s3.ap-northeast-2.amazonaws.com/a8571348-2cb5-41a3-ab8a-8545ee57a925.png'),
	(374, '2024-02-13 20:10:17.126787', 'https://k-l1verse.s3.ap-northeast-2.amazonaws.com/1d4759aa-04f6-4c1b-ba69-3cdb256ffa48.jpg'),
	(375, '2024-02-13 20:15:36.467165', 'https://k-l1verse.s3.ap-northeast-2.amazonaws.com/89a77b6d-f715-4d4d-bf16-043f08d1be0d.jpg,https://k-l1verse.s3.ap-northeast-2.amazonaws.com/4357139c-611d-4ef1-9ad9-32cb200b3043.jpg,https://k-l1verse.s3.ap-northeast-2.amazonaws.com/75386d26-7471-4a65-8113-10f965ef93c0.webp'),
	(376, '2024-02-13 20:19:38.870476', 'https://k-l1verse.s3.ap-northeast-2.amazonaws.com/f7baded1-3ffd-40f8-a23f-3a56eae7f08e.jpg,https://k-l1verse.s3.ap-northeast-2.amazonaws.com/98ba8f68-2ec9-414a-9607-3005df588129.jpg,https://k-l1verse.s3.ap-northeast-2.amazonaws.com/0310214c-c872-40ed-8a08-5ed0b8e174da.png,https://k-l1verse.s3.ap-northeast-2.amazonaws.com/a6868aac-a0c9-4eac-8ae9-6c9af54feae9.webp'),
	(377, '2024-02-13 20:23:44.602878', 'https://k-l1verse.s3.ap-northeast-2.amazonaws.com/5ce12989-de8a-44ac-96dd-20fe449b910c.jpg,https://k-l1verse.s3.ap-northeast-2.amazonaws.com/3de583e4-d111-4b8f-be51-59f54d0efb9f.png'),
	(378, '2024-02-13 22:35:34.915688', NULL),
	(379, '2024-02-13 22:36:14.522502', 'https://k-l1verse.s3.ap-northeast-2.amazonaws.com/45a81433-19c5-49dc-9a42-8ddae661f320.jpg'),
	(380, '2024-02-13 22:36:49.098452', 'https://k-l1verse.s3.ap-northeast-2.amazonaws.com/fdbcc26f-c637-4e93-8e3d-38a6059724f4.jpg'),
	(381, '2024-02-13 22:40:55.967218', 'https://k-l1verse.s3.ap-northeast-2.amazonaws.com/67661166-2481-448d-aaf1-26a50322a90c.jpg'),
	(382, '2024-02-13 22:42:31.060587', 'https://k-l1verse.s3.ap-northeast-2.amazonaws.com/3c8b1011-b335-4973-a92d-936d19d3170c.jpg'),
	(383, '2024-02-13 22:46:19.662662', NULL),
	(384, '2024-02-13 23:28:19.400972', 'https://k-l1verse.s3.ap-northeast-2.amazonaws.com/2f079089-f251-4575-abc9-3e68ab5f6ff0.jpg'),
	(385, '2024-02-13 23:28:37.094590', 'https://k-l1verse.s3.ap-northeast-2.amazonaws.com/3441560d-7bd7-4b3a-9093-426a966ef5dc.jpg'),
	(386, '2024-02-13 23:45:18.528777', 'https://lh3.googleusercontent.com/a/ACg8ocIRPRrW9vowwknsJxo6u-dcAMbWc-jXbTtOUFPMaFcD=s96-c'),
	(387, '2024-02-13 23:47:02.567357', 'https://k-l1verse.s3.ap-northeast-2.amazonaws.com/b23330f7-05c5-4d40-8f1a-f16ffa2429d7.png'),
	(388, '2024-02-14 00:08:52.907867', NULL),
	(389, '2024-02-14 00:09:02.402019', NULL),
	(390, '2024-02-14 00:10:16.758419', NULL),
	(391, '2024-02-14 01:06:04.195203', NULL),
	(392, '2024-02-14 01:06:15.680416', NULL),
	(393, '2024-02-14 08:32:02.733866', 'http://k.kakaocdn.net/dn/1G9kp/btsAot8liOn/8CWudi3uy07rvFNUkk3ER0/img_640x640.jpg'),
	(394, '2024-02-14 09:22:05.533222', 'http://k.kakaocdn.net/dn/1G9kp/btsAot8liOn/8CWudi3uy07rvFNUkk3ER0/img_640x640.jpg'),
	(395, '2024-02-14 09:30:31.514161', 'https://k-l1verse.s3.ap-northeast-2.amazonaws.com/63b4fe28-82e8-412c-9e75-6299bb6c63c2.jpg'),
	(396, '2024-02-14 09:30:35.864212', 'https://k-l1verse.s3.ap-northeast-2.amazonaws.com/63b4fe28-82e8-412c-9e75-6299bb6c63c2.jpg'),
	(397, '2024-02-14 09:30:49.675198', 'https://k-l1verse.s3.ap-northeast-2.amazonaws.com/63b4fe28-82e8-412c-9e75-6299bb6c63c2.jpg'),
	(398, '2024-02-14 09:30:56.876602', 'https://k-l1verse.s3.ap-northeast-2.amazonaws.com/63b4fe28-82e8-412c-9e75-6299bb6c63c2.jpg'),
	(399, '2024-02-14 09:31:12.607854', 'https://k-l1verse.s3.ap-northeast-2.amazonaws.com/63b4fe28-82e8-412c-9e75-6299bb6c63c2.jpg'),
	(400, '2024-02-14 09:31:28.589282', 'https://k-l1verse.s3.ap-northeast-2.amazonaws.com/5e6f5e72-2bc7-41de-93e9-0d08f85ced7f.jpg,https://k-l1verse.s3.ap-northeast-2.amazonaws.com/4807dca6-d076-4796-9d4c-618edd369c59.jpg'),
	(401, '2024-02-14 09:31:32.532285', 'https://k-l1verse.s3.ap-northeast-2.amazonaws.com/4807dca6-d076-4796-9d4c-618edd369c59.jpg'),
	(402, '2024-02-14 09:31:49.187103', 'https://k-l1verse.s3.ap-northeast-2.amazonaws.com/900644fa-1bec-4814-b7b5-84680ef1d443.jpg,https://k-l1verse.s3.ap-northeast-2.amazonaws.com/4dc5a942-11c4-41a8-9571-7af9599651f9.jpg,https://k-l1verse.s3.ap-northeast-2.amazonaws.com/e1216094-18f6-48e1-8a36-e4c9c641dbd8.jpg'),
	(403, '2024-02-14 09:31:55.847753', 'https://k-l1verse.s3.ap-northeast-2.amazonaws.com/900644fa-1bec-4814-b7b5-84680ef1d443.jpg,https://k-l1verse.s3.ap-northeast-2.amazonaws.com/e1216094-18f6-48e1-8a36-e4c9c641dbd8.jpg'),
	(404, '2024-02-14 09:32:07.960018', 'https://k-l1verse.s3.ap-northeast-2.amazonaws.com/e1216094-18f6-48e1-8a36-e4c9c641dbd8.jpg'),
	(405, '2024-02-14 09:36:55.331145', 'https://k-l1verse.s3.ap-northeast-2.amazonaws.com/e3d31ee4-f07d-446c-8818-7e115c871813.webp,https://k-l1verse.s3.ap-northeast-2.amazonaws.com/4a7141d7-84ee-4834-a3e1-fad13e3cca16.png'),
	(406, '2024-02-14 09:37:15.117558', 'https://k-l1verse.s3.ap-northeast-2.amazonaws.com/e3d31ee4-f07d-446c-8818-7e115c871813.webp'),
	(407, '2024-02-14 09:37:20.164776', 'https://k-l1verse.s3.ap-northeast-2.amazonaws.com/e3d31ee4-f07d-446c-8818-7e115c871813.webp'),
	(408, '2024-02-14 09:43:06.315131', 'https://k-l1verse.s3.ap-northeast-2.amazonaws.com/e3d31ee4-f07d-446c-8818-7e115c871813.webp'),
	(409, '2024-02-14 09:43:12.060058', 'https://k-l1verse.s3.ap-northeast-2.amazonaws.com/e3d31ee4-f07d-446c-8818-7e115c871813.webp'),
	(410, '2024-02-14 09:44:19.237150', 'https://k-l1verse.s3.ap-northeast-2.amazonaws.com/e3d31ee4-f07d-446c-8818-7e115c871813.webp'),
	(411, '2024-02-14 09:44:23.413669', 'https://k-l1verse.s3.ap-northeast-2.amazonaws.com/e3d31ee4-f07d-446c-8818-7e115c871813.webp'),
	(412, '2024-02-14 09:45:34.525727', 'https://k-l1verse.s3.ap-northeast-2.amazonaws.com/f4d0db07-ca6f-4859-8be4-7aa0e3ffe5a1.png,https://k-l1verse.s3.ap-northeast-2.amazonaws.com/799d91a4-57b8-46d2-82bb-26ecdc6cadc6.png,https://k-l1verse.s3.ap-northeast-2.amazonaws.com/29ac683a-31d5-45d1-92d5-f61a5fb389b3.jpg'),
	(413, '2024-02-14 09:45:38.384231', 'https://k-l1verse.s3.ap-northeast-2.amazonaws.com/f4d0db07-ca6f-4859-8be4-7aa0e3ffe5a1.png,https://k-l1verse.s3.ap-northeast-2.amazonaws.com/799d91a4-57b8-46d2-82bb-26ecdc6cadc6.png,https://k-l1verse.s3.ap-northeast-2.amazonaws.com/29ac683a-31d5-45d1-92d5-f61a5fb389b3.jpg'),
	(414, '2024-02-14 09:45:43.218587', 'https://k-l1verse.s3.ap-northeast-2.amazonaws.com/f4d0db07-ca6f-4859-8be4-7aa0e3ffe5a1.png,https://k-l1verse.s3.ap-northeast-2.amazonaws.com/799d91a4-57b8-46d2-82bb-26ecdc6cadc6.png,https://k-l1verse.s3.ap-northeast-2.amazonaws.com/29ac683a-31d5-45d1-92d5-f61a5fb389b3.jpg'),
	(415, '2024-02-14 09:45:46.843506', 'https://k-l1verse.s3.ap-northeast-2.amazonaws.com/f4d0db07-ca6f-4859-8be4-7aa0e3ffe5a1.png,https://k-l1verse.s3.ap-northeast-2.amazonaws.com/799d91a4-57b8-46d2-82bb-26ecdc6cadc6.png,https://k-l1verse.s3.ap-northeast-2.amazonaws.com/29ac683a-31d5-45d1-92d5-f61a5fb389b3.jpg'),
	(416, '2024-02-14 09:57:09.425290', 'https://k-l1verse.s3.ap-northeast-2.amazonaws.com/f4d0db07-ca6f-4859-8be4-7aa0e3ffe5a1.png'),
	(417, '2024-02-14 09:57:13.767553', 'https://k-l1verse.s3.ap-northeast-2.amazonaws.com/f4d0db07-ca6f-4859-8be4-7aa0e3ffe5a1.png'),
	(418, '2024-02-14 09:59:50.763072', 'http://k.kakaocdn.net/dn/1G9kp/btsAot8liOn/8CWudi3uy07rvFNUkk3ER0/img_640x640.jpg'),
	(419, '2024-02-14 10:00:49.685307', 'http://k.kakaocdn.net/dn/1G9kp/btsAot8liOn/8CWudi3uy07rvFNUkk3ER0/img_640x640.jpg'),
	(420, '2024-02-14 10:02:49.964898', 'https://k-l1verse.s3.ap-northeast-2.amazonaws.com/b5046c9c-400e-4c89-8058-6b72a0b5e035.png'),
	(421, '2024-02-14 10:03:15.589854', 'https://k-l1verse.s3.ap-northeast-2.amazonaws.com/b5046c9c-400e-4c89-8058-6b72a0b5e035.png'),
	(422, '2024-02-14 10:03:34.196470', 'https://k-l1verse.s3.ap-northeast-2.amazonaws.com/b5046c9c-400e-4c89-8058-6b72a0b5e035.png'),
	(423, '2024-02-14 10:04:27.727382', 'https://k-l1verse.s3.ap-northeast-2.amazonaws.com/b5046c9c-400e-4c89-8058-6b72a0b5e035.png'),
	(424, '2024-02-14 10:12:59.437095', 'https://k-l1verse.s3.ap-northeast-2.amazonaws.com/b5046c9c-400e-4c89-8058-6b72a0b5e035.png'),
	(425, '2024-02-14 10:13:28.720508', 'https://k-l1verse.s3.ap-northeast-2.amazonaws.com/b5046c9c-400e-4c89-8058-6b72a0b5e035.png'),
	(426, '2024-02-14 10:13:36.878499', 'https://k-l1verse.s3.ap-northeast-2.amazonaws.com/b9985b8e-2d33-4f9e-8d4b-c7da20ca67da.png,https://k-l1verse.s3.ap-northeast-2.amazonaws.com/e7d44c1e-9ce4-4acd-9b97-c0b4d1429051.jpg'),
	(427, '2024-02-14 10:13:37.470412', 'https://k-l1verse.s3.ap-northeast-2.amazonaws.com/b9985b8e-2d33-4f9e-8d4b-c7da20ca67da.png,https://k-l1verse.s3.ap-northeast-2.amazonaws.com/e7d44c1e-9ce4-4acd-9b97-c0b4d1429051.jpg'),
	(428, '2024-02-14 10:13:39.890336', 'https://k-l1verse.s3.ap-northeast-2.amazonaws.com/b9985b8e-2d33-4f9e-8d4b-c7da20ca67da.png'),
	(429, '2024-02-14 10:13:42.742937', 'https://k-l1verse.s3.ap-northeast-2.amazonaws.com/b9985b8e-2d33-4f9e-8d4b-c7da20ca67da.png'),
	(430, '2024-02-14 10:17:34.921492', 'https://k-l1verse.s3.ap-northeast-2.amazonaws.com/b9985b8e-2d33-4f9e-8d4b-c7da20ca67da.png'),
	(431, '2024-02-14 10:17:46.733874', 'https://k-l1verse.s3.ap-northeast-2.amazonaws.com/f6262201-74cc-43b3-b093-e49f2dd30b82.png,https://k-l1verse.s3.ap-northeast-2.amazonaws.com/25f3119d-b7b2-44f1-8b06-cb4bfd48b049.png,https://k-l1verse.s3.ap-northeast-2.amazonaws.com/75134634-3534-4bc0-8131-31563463a54a.jpg'),
	(432, '2024-02-14 10:17:54.544284', 'https://k-l1verse.s3.ap-northeast-2.amazonaws.com/f6262201-74cc-43b3-b093-e49f2dd30b82.png,https://k-l1verse.s3.ap-northeast-2.amazonaws.com/75134634-3534-4bc0-8131-31563463a54a.jpg'),
	(433, '2024-02-14 10:18:01.549460', 'https://k-l1verse.s3.ap-northeast-2.amazonaws.com/f6262201-74cc-43b3-b093-e49f2dd30b82.png'),
	(434, '2024-02-14 10:18:05.455594', 'https://k-l1verse.s3.ap-northeast-2.amazonaws.com/f6262201-74cc-43b3-b093-e49f2dd30b82.png'),
	(435, '2024-02-14 10:29:40.423902', 'https://k-l1verse.s3.ap-northeast-2.amazonaws.com/f6262201-74cc-43b3-b093-e49f2dd30b82.png'),
	(436, '2024-02-14 10:32:20.087647', 'https://k-l1verse.s3.ap-northeast-2.amazonaws.com/f6262201-74cc-43b3-b093-e49f2dd30b82.png'),
	(437, '2024-02-14 10:32:33.686285', 'https://k-l1verse.s3.ap-northeast-2.amazonaws.com/ab0febc3-1ed3-4279-a64f-484588f97ee7.png,https://k-l1verse.s3.ap-northeast-2.amazonaws.com/9ddcbca8-3665-442d-b03d-680ee5c67eaa.png,https://k-l1verse.s3.ap-northeast-2.amazonaws.com/ccdc1d68-07d1-4588-890f-0b9fe22d8506.jpg'),
	(438, '2024-02-14 10:33:00.541903', 'https://k-l1verse.s3.ap-northeast-2.amazonaws.com/ab0febc3-1ed3-4279-a64f-484588f97ee7.png,https://k-l1verse.s3.ap-northeast-2.amazonaws.com/9ddcbca8-3665-442d-b03d-680ee5c67eaa.png'),
	(439, '2024-02-14 10:33:03.840306', 'https://k-l1verse.s3.ap-northeast-2.amazonaws.com/ab0febc3-1ed3-4279-a64f-484588f97ee7.png'),
	(440, '2024-02-14 10:33:06.831126', 'https://k-l1verse.s3.ap-northeast-2.amazonaws.com/ab0febc3-1ed3-4279-a64f-484588f97ee7.png'),
	(441, '2024-02-14 10:34:08.047694', 'https://k-l1verse.s3.ap-northeast-2.amazonaws.com/ab0febc3-1ed3-4279-a64f-484588f97ee7.png'),
	(442, '2024-02-14 10:34:23.657060', 'https://k-l1verse.s3.ap-northeast-2.amazonaws.com/9ce9ed4e-6d55-4fb9-92ac-58d055388eb2.png'),
	(443, '2024-02-14 10:34:27.376517', 'https://k-l1verse.s3.ap-northeast-2.amazonaws.com/9ce9ed4e-6d55-4fb9-92ac-58d055388eb2.png'),
	(444, '2024-02-14 10:38:30.590063', 'https://k-l1verse.s3.ap-northeast-2.amazonaws.com/9ce9ed4e-6d55-4fb9-92ac-58d055388eb2.png'),
	(445, '2024-02-14 10:39:11.610914', 'https://k-l1verse.s3.ap-northeast-2.amazonaws.com/9ce9ed4e-6d55-4fb9-92ac-58d055388eb2.png'),
	(446, '2024-02-14 10:39:16.986375', 'https://k-l1verse.s3.ap-northeast-2.amazonaws.com/9ce9ed4e-6d55-4fb9-92ac-58d055388eb2.png'),
	(447, '2024-02-14 10:41:03.992906', 'https://k-l1verse.s3.ap-northeast-2.amazonaws.com/9ce9ed4e-6d55-4fb9-92ac-58d055388eb2.png'),
	(448, '2024-02-14 10:42:19.604463', 'https://k-l1verse.s3.ap-northeast-2.amazonaws.com/297f02fa-1f26-4ff0-ad6e-55281997bd12.png,https://k-l1verse.s3.ap-northeast-2.amazonaws.com/f1a204cb-e326-46af-b899-01c9efa56d40.png,https://k-l1verse.s3.ap-northeast-2.amazonaws.com/c751e010-49fa-4348-ade7-b37bc198b465.webp,https://k-l1verse.s3.ap-northeast-2.amazonaws.com/0f0138e8-14e8-445e-99d8-cd847e01704a.jpg'),
	(449, '2024-02-14 10:42:27.707529', 'https://k-l1verse.s3.ap-northeast-2.amazonaws.com/297f02fa-1f26-4ff0-ad6e-55281997bd12.png,https://k-l1verse.s3.ap-northeast-2.amazonaws.com/0f0138e8-14e8-445e-99d8-cd847e01704a.jpg'),
	(450, '2024-02-14 10:42:31.277972', 'https://k-l1verse.s3.ap-northeast-2.amazonaws.com/0f0138e8-14e8-445e-99d8-cd847e01704a.jpg'),
	(451, '2024-02-14 10:42:38.613997', 'https://k-l1verse.s3.ap-northeast-2.amazonaws.com/0f0138e8-14e8-445e-99d8-cd847e01704a.jpg'),
	(452, '2024-02-14 10:43:21.878557', 'https://k-l1verse.s3.ap-northeast-2.amazonaws.com/0f0138e8-14e8-445e-99d8-cd847e01704a.jpg'),
	(453, '2024-02-14 10:43:25.118407', 'https://k-l1verse.s3.ap-northeast-2.amazonaws.com/0f0138e8-14e8-445e-99d8-cd847e01704a.jpg'),
	(454, '2024-02-14 10:43:40.296092', 'https://k-l1verse.s3.ap-northeast-2.amazonaws.com/489d8cef-de09-49bc-8aa5-6c9ec37de109.jpg,https://k-l1verse.s3.ap-northeast-2.amazonaws.com/56ef0791-6aa4-4656-850c-098fbd8a00fc.jpg'),
	(455, '2024-02-14 10:44:02.757463', 'https://k-l1verse.s3.ap-northeast-2.amazonaws.com/489d8cef-de09-49bc-8aa5-6c9ec37de109.jpg'),
	(456, '2024-02-14 10:48:28.580640', 'https://k-l1verse.s3.ap-northeast-2.amazonaws.com/489d8cef-de09-49bc-8aa5-6c9ec37de109.jpg'),
	(457, '2024-02-14 10:48:54.916421', 'https://k-l1verse.s3.ap-northeast-2.amazonaws.com/489d8cef-de09-49bc-8aa5-6c9ec37de109.jpg'),
	(458, '2024-02-14 10:55:10.619302', 'https://k-l1verse.s3.ap-northeast-2.amazonaws.com/8dd8f494-0782-467f-a486-a05db081270e.png,https://k-l1verse.s3.ap-northeast-2.amazonaws.com/9e13d632-cc9e-415e-8f08-db3419a9347f.jpg'),
	(459, '2024-02-14 10:55:24.419725', 'https://k-l1verse.s3.ap-northeast-2.amazonaws.com/8dd8f494-0782-467f-a486-a05db081270e.png'),
	(460, '2024-02-14 10:55:27.683056', 'https://k-l1verse.s3.ap-northeast-2.amazonaws.com/8dd8f494-0782-467f-a486-a05db081270e.png'),
	(461, '2024-02-14 10:55:34.682834', 'https://k-l1verse.s3.ap-northeast-2.amazonaws.com/8dd8f494-0782-467f-a486-a05db081270e.png'),
	(462, '2024-02-14 10:57:08.920425', 'https://k-l1verse.s3.ap-northeast-2.amazonaws.com/8dd8f494-0782-467f-a486-a05db081270e.png'),
	(463, '2024-02-14 11:03:02.964462', 'https://k-l1verse.s3.ap-northeast-2.amazonaws.com/8dd8f494-0782-467f-a486-a05db081270e.png'),
	(464, '2024-02-14 11:03:13.693513', 'https://k-l1verse.s3.ap-northeast-2.amazonaws.com/8dd8f494-0782-467f-a486-a05db081270e.png'),
	(465, '2024-02-14 11:03:46.515826', 'https://k-l1verse.s3.ap-northeast-2.amazonaws.com/8dd8f494-0782-467f-a486-a05db081270e.png'),
	(466, '2024-02-14 11:03:50.852492', 'https://k-l1verse.s3.ap-northeast-2.amazonaws.com/8dd8f494-0782-467f-a486-a05db081270e.png'),
	(467, '2024-02-14 11:05:01.498133', 'http://k.kakaocdn.net/dn/99IID/btsEFekDGYt/rgFFZiQ945QMGqW9xW2oTK/img_640x640.jpg'),
	(468, '2024-02-14 11:05:22.774679', NULL),
	(469, '2024-02-14 11:07:39.687994', 'https://k-l1verse.s3.ap-northeast-2.amazonaws.com/8dd8f494-0782-467f-a486-a05db081270e.png'),
	(470, '2024-02-14 11:07:43.068908', 'https://k-l1verse.s3.ap-northeast-2.amazonaws.com/8dd8f494-0782-467f-a486-a05db081270e.png'),
	(471, '2024-02-14 11:08:09.659388', 'https://k-l1verse.s3.ap-northeast-2.amazonaws.com/8dd8f494-0782-467f-a486-a05db081270e.png'),
	(472, '2024-02-14 11:08:30.068160', 'https://k-l1verse.s3.ap-northeast-2.amazonaws.com/8dd8f494-0782-467f-a486-a05db081270e.png'),
	(473, '2024-02-14 11:53:32.914160', NULL),
	(474, '2024-02-14 11:55:20.837629', 'https://k-l1verse.s3.ap-northeast-2.amazonaws.com/8dd8f494-0782-467f-a486-a05db081270e.png'),
	(475, '2024-02-14 11:55:30.744923', 'https://k-l1verse.s3.ap-northeast-2.amazonaws.com/8dd8f494-0782-467f-a486-a05db081270e.png'),
	(476, '2024-02-14 12:01:23.540261', 'https://k-l1verse.s3.ap-northeast-2.amazonaws.com/8dd8f494-0782-467f-a486-a05db081270e.png'),
	(477, '2024-02-14 12:01:27.068354', 'https://k-l1verse.s3.ap-northeast-2.amazonaws.com/8dd8f494-0782-467f-a486-a05db081270e.png'),
	(478, '2024-02-14 12:01:35.277266', 'https://k-l1verse.s3.ap-northeast-2.amazonaws.com/8dd8f494-0782-467f-a486-a05db081270e.png'),
	(479, '2024-02-14 12:02:04.386249', 'https://k-l1verse.s3.ap-northeast-2.amazonaws.com/8dd8f494-0782-467f-a486-a05db081270e.png'),
	(480, '2024-02-14 12:03:47.222596', 'https://k-l1verse.s3.ap-northeast-2.amazonaws.com/3af59657-c375-4dae-a430-d68b00da5de4.jpg,https://k-l1verse.s3.ap-northeast-2.amazonaws.com/4b274052-5bf5-4af3-a74e-9e69c662e986.png'),
	(481, '2024-02-14 12:03:51.175793', 'https://k-l1verse.s3.ap-northeast-2.amazonaws.com/4b274052-5bf5-4af3-a74e-9e69c662e986.png'),
	(482, '2024-02-14 12:07:23.620691', 'https://k-l1verse.s3.ap-northeast-2.amazonaws.com/4708e31c-2646-4a53-878d-5172c9d8907a.png'),
	(483, '2024-02-14 12:07:27.535354', 'https://k-l1verse.s3.ap-northeast-2.amazonaws.com/4708e31c-2646-4a53-878d-5172c9d8907a.png'),
	(484, '2024-02-14 12:07:43.089376', 'https://k-l1verse.s3.ap-northeast-2.amazonaws.com/4708e31c-2646-4a53-878d-5172c9d8907a.png'),
	(485, '2024-02-14 12:07:51.682529', 'https://k-l1verse.s3.ap-northeast-2.amazonaws.com/4708e31c-2646-4a53-878d-5172c9d8907a.png'),
	(486, '2024-02-14 12:09:45.250590', 'https://k-l1verse.s3.ap-northeast-2.amazonaws.com/4708e31c-2646-4a53-878d-5172c9d8907a.png'),
	(487, '2024-02-14 12:15:55.296769', 'https://k-l1verse.s3.ap-northeast-2.amazonaws.com/4bc4668c-c8c7-41e7-bc4c-6cbfafe3a106.png,https://k-l1verse.s3.ap-northeast-2.amazonaws.com/9176b210-8d11-4bfb-965c-90b5b9c60a69.png'),
	(488, '2024-02-14 12:15:59.673529', 'https://k-l1verse.s3.ap-northeast-2.amazonaws.com/4bc4668c-c8c7-41e7-bc4c-6cbfafe3a106.png'),
	(489, '2024-02-14 12:16:03.519690', 'https://k-l1verse.s3.ap-northeast-2.amazonaws.com/4bc4668c-c8c7-41e7-bc4c-6cbfafe3a106.png'),
	(490, '2024-02-14 12:16:19.344442', 'https://k-l1verse.s3.ap-northeast-2.amazonaws.com/10d0ad94-ee6e-4cf5-9f05-8c80134333b9.jpg'),
	(491, '2024-02-14 12:16:22.539899', 'https://k-l1verse.s3.ap-northeast-2.amazonaws.com/10d0ad94-ee6e-4cf5-9f05-8c80134333b9.jpg'),
	(492, '2024-02-14 12:17:57.667748', NULL),
	(493, '2024-02-14 12:19:40.320427', NULL),
	(494, '2024-02-14 12:19:41.762207', NULL),
	(495, '2024-02-14 12:21:32.121677', NULL),
	(496, '2024-02-14 12:22:39.331647', NULL),
	(497, '2024-02-14 12:23:42.088053', 'https://k-l1verse.s3.ap-northeast-2.amazonaws.com/12ff286e-dc9e-4093-a21a-98c3a360e92c.png,https://k-l1verse.s3.ap-northeast-2.amazonaws.com/bf9e145a-9449-4caf-a4c1-f3311572cb92.png,https://k-l1verse.s3.ap-northeast-2.amazonaws.com/26c96db5-a085-4262-bebf-e8e534f61dec.jpg'),
	(498, '2024-02-14 12:23:45.805639', 'https://k-l1verse.s3.ap-northeast-2.amazonaws.com/12ff286e-dc9e-4093-a21a-98c3a360e92c.png,https://k-l1verse.s3.ap-northeast-2.amazonaws.com/bf9e145a-9449-4caf-a4c1-f3311572cb92.png'),
	(499, '2024-02-14 12:23:49.340754', 'https://k-l1verse.s3.ap-northeast-2.amazonaws.com/12ff286e-dc9e-4093-a21a-98c3a360e92c.png'),
	(500, '2024-02-14 12:23:51.806413', 'https://k-l1verse.s3.ap-northeast-2.amazonaws.com/12ff286e-dc9e-4093-a21a-98c3a360e92c.png'),
	(501, '2024-02-14 12:24:22.009533', 'https://k-l1verse.s3.ap-northeast-2.amazonaws.com/74b4b037-2daa-4d8d-8370-8eebfb554a68.png,https://k-l1verse.s3.ap-northeast-2.amazonaws.com/94f3acc7-2d5d-4c72-91ba-fe5c038ca2ea.png'),
	(502, '2024-02-14 12:28:25.576592', 'https://k-l1verse.s3.ap-northeast-2.amazonaws.com/74b4b037-2daa-4d8d-8370-8eebfb554a68.png'),
	(503, '2024-02-14 12:28:54.565139', 'https://k-l1verse.s3.ap-northeast-2.amazonaws.com/194a2d6b-c813-4a69-9389-a0555dbf4645.png,https://k-l1verse.s3.ap-northeast-2.amazonaws.com/5d97909f-8471-48d9-8bfc-ff73b8bf9fa3.png'),
	(504, '2024-02-14 12:29:43.260699', 'https://k-l1verse.s3.ap-northeast-2.amazonaws.com/f6262201-74cc-43b3-b093-e49f2dd30b82.png'),
	(505, '2024-02-14 12:30:48.585214', 'https://k-l1verse.s3.ap-northeast-2.amazonaws.com/f6262201-74cc-43b3-b093-e49f2dd30b82.png'),
	(506, '2024-02-14 12:35:03.048246', NULL),
	(507, '2024-02-14 12:35:24.963074', NULL),
	(508, '2024-02-14 12:36:27.674496', 'https://lh3.googleusercontent.com/a/ACg8ocKy5JAfadjuwunN-YQb_qV4XkSuetde2U2PG9XNdkrP=s96-c'),
	(509, '2024-02-14 12:36:30.649353', 'https://k-l1verse.s3.ap-northeast-2.amazonaws.com/f591f14e-03df-4cc0-83b7-881ff89f6729.png'),
	(510, '2024-02-14 12:36:41.587922', NULL),
	(511, '2024-02-14 12:38:07.879106', NULL),
	(512, '2024-02-14 12:38:12.780320', NULL),
	(513, '2024-02-14 12:38:13.370730', 'http://k.kakaocdn.net/dn/1G9kp/btsAot8liOn/8CWudi3uy07rvFNUkk3ER0/img_640x640.jpg'),
	(514, '2024-02-14 12:38:24.579895', 'https://k-l1verse.s3.ap-northeast-2.amazonaws.com/dab9289d-cff2-4079-861c-3be8bee3a81b.png,https://k-l1verse.s3.ap-northeast-2.amazonaws.com/4e116ba0-91a5-4652-b79f-515a5fc5383b.jpg,https://k-l1verse.s3.ap-northeast-2.amazonaws.com/824c2cb3-eb9f-494f-a8b8-546312321571.jpg'),
	(515, '2024-02-14 12:38:41.406140', 'https://k-l1verse.s3.ap-northeast-2.amazonaws.com/45d61447-e2c2-4715-80ed-128ebabd1680.png,https://k-l1verse.s3.ap-northeast-2.amazonaws.com/405735e0-bee2-4b5b-977a-d2a3868514de.jpg,https://k-l1verse.s3.ap-northeast-2.amazonaws.com/428da1c9-f311-4378-8678-a05bccec70b5.webp'),
	(516, '2024-02-14 12:38:46.520806', 'https://k-l1verse.s3.ap-northeast-2.amazonaws.com/405735e0-bee2-4b5b-977a-d2a3868514de.jpg,https://k-l1verse.s3.ap-northeast-2.amazonaws.com/428da1c9-f311-4378-8678-a05bccec70b5.webp'),
	(517, '2024-02-14 12:38:50.677023', NULL),
	(518, '2024-02-14 12:39:11.065187', 'https://k-l1verse.s3.ap-northeast-2.amazonaws.com/3a29b5c4-f03a-4a0a-90ad-ed47304b0921.png'),
	(519, '2024-02-14 12:45:28.396494', 'https://k-l1verse.s3.ap-northeast-2.amazonaws.com/68c0e5ba-fe3b-4b3a-a646-c9784a55c560.jpg,https://k-l1verse.s3.ap-northeast-2.amazonaws.com/5da6cb98-2195-444f-99d9-5d7ccc67ea4f.png,https://k-l1verse.s3.ap-northeast-2.amazonaws.com/d51d8c7e-6ebd-4f63-84d0-c602e214f616.png'),
	(520, '2024-02-14 12:45:50.998375', 'https://k-l1verse.s3.ap-northeast-2.amazonaws.com/68c0e5ba-fe3b-4b3a-a646-c9784a55c560.jpg,https://k-l1verse.s3.ap-northeast-2.amazonaws.com/5da6cb98-2195-444f-99d9-5d7ccc67ea4f.png,https://k-l1verse.s3.ap-northeast-2.amazonaws.com/d51d8c7e-6ebd-4f63-84d0-c602e214f616.png'),
	(521, '2024-02-14 12:45:51.181006', NULL),
	(522, '2024-02-14 12:45:56.422189', 'https://k-l1verse.s3.ap-northeast-2.amazonaws.com/68c0e5ba-fe3b-4b3a-a646-c9784a55c560.jpg,https://k-l1verse.s3.ap-northeast-2.amazonaws.com/5da6cb98-2195-444f-99d9-5d7ccc67ea4f.png'),
	(523, '2024-02-14 12:46:01.718051', NULL),
	(524, '2024-02-14 13:01:37.794924', 'https://k-l1verse.s3.ap-northeast-2.amazonaws.com/32b308f6-60ae-4291-997b-31842fbd2595.png,https://k-l1verse.s3.ap-northeast-2.amazonaws.com/e70344df-861b-48eb-b4e8-253635b14463.png'),
	(525, '2024-02-14 13:02:08.134502', 'https://k-l1verse.s3.ap-northeast-2.amazonaws.com/1567689a-be50-46a4-94af-6856f67d4d99.png,https://k-l1verse.s3.ap-northeast-2.amazonaws.com/28839bfa-f7af-402f-a22d-8446607f389c.png'),
	(526, '2024-02-14 13:02:14.098787', 'https://k-l1verse.s3.ap-northeast-2.amazonaws.com/1567689a-be50-46a4-94af-6856f67d4d99.png,https://k-l1verse.s3.ap-northeast-2.amazonaws.com/28839bfa-f7af-402f-a22d-8446607f389c.png'),
	(527, '2024-02-14 13:02:27.170754', 'https://k-l1verse.s3.ap-northeast-2.amazonaws.com/1567689a-be50-46a4-94af-6856f67d4d99.png'),
	(528, '2024-02-14 13:29:02.011581', NULL),
	(529, '2024-02-14 13:43:13.768053', NULL),
	(530, '2024-02-14 13:57:35.386232', NULL),
	(531, '2024-02-14 14:24:44.255434', NULL),
	(532, '2024-02-14 14:25:32.512312', NULL),
	(533, '2024-02-14 14:25:41.328175', NULL),
	(534, '2024-02-14 14:26:54.332735', NULL),
	(535, '2024-02-14 14:29:58.338768', NULL),
	(536, '2024-02-14 14:32:33.840504', NULL),
	(537, '2024-02-14 14:42:53.351477', NULL),
	(538, '2024-02-14 14:42:56.404276', NULL),
	(539, '2024-02-14 14:43:07.606202', NULL),
	(540, '2024-02-14 14:43:17.056432', NULL),
	(541, '2024-02-14 14:52:49.560798', NULL),
	(542, '2024-02-14 14:52:54.168825', NULL),
	(543, '2024-02-14 14:53:30.008484', 'https://k-l1verse.s3.ap-northeast-2.amazonaws.com/ccb9ee9e-0a23-48d2-91f5-ecaff5781d3b.png'),
	(544, '2024-02-14 14:53:33.288668', 'https://k-l1verse.s3.ap-northeast-2.amazonaws.com/ccb9ee9e-0a23-48d2-91f5-ecaff5781d3b.png'),
	(545, '2024-02-14 14:53:36.047452', 'https://k-l1verse.s3.ap-northeast-2.amazonaws.com/ccb9ee9e-0a23-48d2-91f5-ecaff5781d3b.png'),
	(546, '2024-02-14 14:53:44.426904', 'https://k-l1verse.s3.ap-northeast-2.amazonaws.com/ccb9ee9e-0a23-48d2-91f5-ecaff5781d3b.png'),
	(547, '2024-02-14 14:55:19.275304', 'https://k-l1verse.s3.ap-northeast-2.amazonaws.com/6b01dffa-b5f6-4f55-a898-7c674da654bb.png'),
	(548, '2024-02-14 14:55:23.395217', 'https://k-l1verse.s3.ap-northeast-2.amazonaws.com/6b01dffa-b5f6-4f55-a898-7c674da654bb.png'),
	(549, '2024-02-14 14:57:20.753483', 'https://k-l1verse.s3.ap-northeast-2.amazonaws.com/6b01dffa-b5f6-4f55-a898-7c674da654bb.png'),
	(550, '2024-02-14 15:02:17.856001', 'https://k-l1verse.s3.ap-northeast-2.amazonaws.com/2d15bcd4-d356-4ca6-bd16-1d0c16a5a9d0.png,https://k-l1verse.s3.ap-northeast-2.amazonaws.com/f2ca0f0c-7adc-466b-a98a-1519bc88a6c4.png,https://k-l1verse.s3.ap-northeast-2.amazonaws.com/07542ed5-04e1-4aef-bee0-87634459958d.jpg'),
	(551, '2024-02-14 15:03:34.261748', 'https://k-l1verse.s3.ap-northeast-2.amazonaws.com/07542ed5-04e1-4aef-bee0-87634459958d.jpg'),
	(552, '2024-02-14 15:06:17.657932', 'https://k-l1verse.s3.ap-northeast-2.amazonaws.com/07fcf600-ab32-4c5c-a155-d92b7ef73462.png'),
	(553, '2024-02-14 15:10:20.573274', ','),
	(554, '2024-02-14 15:10:20.694076', ','),
	(555, '2024-02-14 15:12:53.000438', 'https://k-l1verse.s3.ap-northeast-2.amazonaws.com/540bdb82-1b43-487c-af0b-34de761b6448.png,https://k-l1verse.s3.ap-northeast-2.amazonaws.com/083b0add-a5c2-4a0d-8f25-597b659dd434.png'),
	(556, '2024-02-14 15:25:17.388963', 'https://k-l1verse.s3.ap-northeast-2.amazonaws.com/8f0294cd-c368-4625-b4c5-1625d7ef02d0.png,https://k-l1verse.s3.ap-northeast-2.amazonaws.com/9a287eae-3645-46cb-b35d-72f5c9db4e8f.png,https://k-l1verse.s3.ap-northeast-2.amazonaws.com/caf057e8-1407-488c-a71b-1507b1b3c694.png'),
	(557, '2024-02-14 15:28:59.578497', NULL),
	(558, '2024-02-14 15:29:49.157520', NULL),
	(559, '2024-02-14 15:30:28.107130', NULL),
	(560, '2024-02-14 15:33:08.712864', 'https://k-l1verse.s3.ap-northeast-2.amazonaws.com/0f0eb452-d460-401d-a56d-1add5f940a28.jpg'),
	(561, '2024-02-14 15:33:40.420972', 'https://k-l1verse.s3.ap-northeast-2.amazonaws.com/0f0eb452-d460-401d-a56d-1add5f940a28.jpg'),
	(562, '2024-02-14 15:43:41.150593', NULL),
	(563, '2024-02-14 15:47:28.436834', 'https://k-l1verse.s3.ap-northeast-2.amazonaws.com/037306fa-1e3d-415c-add6-3d3321a74e16.png'),
	(564, '2024-02-14 15:50:26.783935', 'https://k-l1verse.s3.ap-northeast-2.amazonaws.com/ca638cd0-232b-4328-b0c8-2f85a2e86f37.png,https://k-l1verse.s3.ap-northeast-2.amazonaws.com/d6867804-02c6-4e57-a3cd-9f05108d2dc8.png,https://k-l1verse.s3.ap-northeast-2.amazonaws.com/af1bf5bf-283b-4a67-b062-13313d5ffb8d.png'),
	(565, '2024-02-14 15:51:18.879790', 'https://k-l1verse.s3.ap-northeast-2.amazonaws.com/db00860a-d05f-46fe-9598-1d5931ae034a.png'),
	(566, '2024-02-14 15:54:25.847266', NULL),
	(567, '2024-02-14 15:55:29.901659', NULL),
	(568, '2024-02-14 16:05:47.572258', 'https://k-l1verse.s3.ap-northeast-2.amazonaws.com/c3842c91-2955-4ca3-9dd5-d64723cb1cbb.jpeg'),
	(569, '2024-02-14 16:18:01.246162', 'https://k-l1verse.s3.ap-northeast-2.amazonaws.com/dabd4963-3579-4024-bdba-a5f309be1d27.png'),
	(570, '2024-02-14 17:04:53.245537', 'https://k-l1verse.s3.ap-northeast-2.amazonaws.com/8b6e48dc-b0dd-4aa9-b2e5-f0b64bcfcb6d.jpg'),
	(571, '2024-02-14 20:35:27.916117', NULL),
	(572, '2024-02-14 20:36:03.606833', NULL),
	(573, '2024-02-14 20:51:17.748325', NULL),
	(574, '2024-02-15 01:21:57.671121', NULL),
	(575, '2024-02-15 01:22:16.721190', NULL),
	(576, '2024-02-15 01:23:07.811946', 'https://k-l1verse.s3.ap-northeast-2.amazonaws.com/0c46ae8a-5cf5-4b67-a57e-e42c20815f92.png'),
	(577, '2024-02-15 01:23:56.162128', 'https://k-l1verse.s3.ap-northeast-2.amazonaws.com/a8038f28-fc73-4622-9247-51cc659ffeb0.jpeg'),
	(578, '2024-02-15 01:24:11.457171', 'https://k-l1verse.s3.ap-northeast-2.amazonaws.com/0c46ae8a-5cf5-4b67-a57e-e42c20815f92.png'),
	(579, '2024-02-15 08:40:00.404117', 'http://k.kakaocdn.net/dn/1G9kp/btsAot8liOn/8CWudi3uy07rvFNUkk3ER0/img_640x640.jpg'),
	(580, '2024-02-15 08:41:48.551056', NULL),
	(581, '2024-02-15 08:41:54.820743', NULL),
	(582, '2024-02-15 09:20:25.263645', NULL),
	(583, '2024-02-15 09:20:59.134644', NULL),
	(584, '2024-02-15 09:22:57.792751', NULL),
	(585, '2024-02-15 09:23:09.958814', NULL),
	(586, '2024-02-15 09:23:22.923412', NULL),
	(587, '2024-02-15 09:23:36.560947', NULL),
	(588, '2024-02-15 09:23:47.990755', NULL),
	(589, '2024-02-15 09:23:57.376205', NULL),
	(590, '2024-02-15 09:24:05.702894', NULL),
	(591, '2024-02-15 09:26:31.401685', NULL),
	(592, '2024-02-15 09:26:52.247018', NULL),
	(593, '2024-02-15 09:27:08.092735', NULL),
	(594, '2024-02-15 09:27:58.763246', NULL),
	(595, '2024-02-15 09:28:03.017952', NULL),
	(596, '2024-02-15 09:28:05.438382', NULL),
	(597, '2024-02-15 09:28:08.417000', NULL),
	(598, '2024-02-15 10:21:57.091040', 'https://ssl.pstatic.net/static/pwe/address/img_profile.png'),
	(599, '2024-02-15 10:34:33.748082', 'https://k-l1verse.s3.ap-northeast-2.amazonaws.com/24af6b45-e716-4ff4-967e-6ed6a5d808d7.jfif,https://k-l1verse.s3.ap-northeast-2.amazonaws.com/f5b415ce-d6bc-4a54-84df-7f6ea83fffb2.jfif'),
	(600, '2024-02-15 10:34:44.006206', 'https://k-l1verse.s3.ap-northeast-2.amazonaws.com/c61a0f78-a246-4d70-b650-5d2cdc1cc4ec.jpg'),
	(601, '2024-02-15 10:35:07.736537', 'https://k-l1verse.s3.ap-northeast-2.amazonaws.com/c61a0f78-a246-4d70-b650-5d2cdc1cc4ec.jpg'),
	(602, '2024-02-15 10:35:49.507061', 'https://k-l1verse.s3.ap-northeast-2.amazonaws.com/16f473c1-ae42-4387-8757-c23d4145cc46.jpeg'),
	(603, '2024-02-15 10:36:29.061413', 'https://k-l1verse.s3.ap-northeast-2.amazonaws.com/91083292-5c79-4bff-bcf2-e01939918088.jpg'),
	(604, '2024-02-15 10:37:24.877722', 'https://k-l1verse.s3.ap-northeast-2.amazonaws.com/c65aa4eb-e7b4-481f-8f7c-5fd8ac41abe8.jpeg'),
	(605, '2024-02-15 10:39:21.742152', 'https://k-l1verse.s3.ap-northeast-2.amazonaws.com/17600c55-1ef5-4a7f-98d5-5be2bd202ff6.jpg'),
	(606, '2024-02-15 10:40:16.680338', 'https://k-l1verse.s3.ap-northeast-2.amazonaws.com/a6b419e9-0524-4d41-8a79-a44080437db1.jfif'),
	(607, '2024-02-15 10:46:17.828680', 'https://k-l1verse.s3.ap-northeast-2.amazonaws.com/2ebc51a9-5381-44bf-be29-5e514f36e7fd.jpeg'),
	(608, '2024-02-15 10:54:29.822808', NULL),
	(609, '2024-02-15 10:56:55.938705', NULL),
	(610, '2024-02-15 10:57:01.037670', 'https://lh3.googleusercontent.com/a/ACg8ocLXYd9Csj6Zwhzdxt00R1Bvwt5wYay6JoNy-Z8_RvCjwA=s96-c'),
	(611, '2024-02-15 10:59:53.381534', 'https://k-l1verse.s3.ap-northeast-2.amazonaws.com/3e1e1014-1202-4192-ba2a-abfde4384afe.webp'),
	(612, '2024-02-15 11:01:15.883661', 'https://k-l1verse.s3.ap-northeast-2.amazonaws.com/b05ea0ad-4922-4cc6-9012-88a9b142504a.webp'),
	(613, '2024-02-15 12:05:31.129410', 'https://k-l1verse.s3.ap-northeast-2.amazonaws.com/a9caa5b0-6228-4a9c-9ca4-add6cc72471c.jfif'),
	(614, '2024-02-15 12:07:43.301458', 'http://k.kakaocdn.net/dn/1G9kp/btsAot8liOn/8CWudi3uy07rvFNUkk3ER0/img_640x640.jpg'),
	(615, '2024-02-15 12:56:02.508283', NULL),
	(616, '2024-02-15 12:56:15.356995', NULL),
	(617, '2024-02-15 12:56:25.790543', NULL),
	(618, '2024-02-15 13:32:37.579440', 'https://lh3.googleusercontent.com/a/ACg8ocJYwTY1ltVx2SI1dV_6zu7W2akVyXYqYZ8W-iEOsP3Y=s96-c'),
	(619, '2024-02-15 14:03:06.403056', NULL),
	(620, '2024-02-15 14:04:22.963828', NULL),
	(621, '2024-02-15 14:07:24.051944', 'https://k-l1verse.s3.ap-northeast-2.amazonaws.com/32f15e87-b41a-4e99-b6a5-9dfe97a73402.jpg'),
	(622, '2024-02-15 14:12:44.481346', 'https://k-l1verse.s3.ap-northeast-2.amazonaws.com/deb40364-b380-4f71-bb61-385e14c1f900.jpg,https://k-l1verse.s3.ap-northeast-2.amazonaws.com/79d7b8fe-5f71-4aa4-a324-de555877c0bf.jpg'),
	(623, '2024-02-15 14:12:49.887343', 'https://k-l1verse.s3.ap-northeast-2.amazonaws.com/deb40364-b380-4f71-bb61-385e14c1f900.jpg,https://k-l1verse.s3.ap-northeast-2.amazonaws.com/79d7b8fe-5f71-4aa4-a324-de555877c0bf.jpg'),
	(624, '2024-02-15 14:15:40.563291', NULL),
	(625, '2024-02-15 14:16:05.556225', 'https://k-l1verse.s3.ap-northeast-2.amazonaws.com/814d927b-113c-4f6a-ba18-51f452525cf3.jpg'),
	(626, '2024-02-15 14:16:32.075400', 'https://k-l1verse.s3.ap-northeast-2.amazonaws.com/666bf8d9-5c82-4e56-8c18-4501b8e73c3a.jpg'),
	(627, '2024-02-15 14:16:34.626858', NULL),
	(628, '2024-02-15 14:17:36.187057', 'https://k-l1verse.s3.ap-northeast-2.amazonaws.com/ee5ae644-1807-4d92-a3bf-57af084ffdf9.jpg'),
	(629, '2024-02-15 14:23:12.579337', 'https://k-l1verse.s3.ap-northeast-2.amazonaws.com/edd415fe-286e-400d-a8b2-1dc081a32be7.jpg'),
	(630, '2024-02-15 14:23:55.475922', 'http://k.kakaocdn.net/dn/eprvmT/btr8vshma0A/iOlflshdGsBP5RiKNG1XpK/img_640x640.jpg'),
	(631, '2024-02-15 14:25:52.414109', 'https://k-l1verse.s3.ap-northeast-2.amazonaws.com/7f38c8b5-269f-4505-8116-6fda816bebc6.jpg'),
	(632, '2024-02-15 14:26:13.281372', 'https://k-l1verse.s3.ap-northeast-2.amazonaws.com/3c79539d-88b1-470e-ae4e-bec9d7266c7c.webp'),
	(633, '2024-02-15 14:27:18.176586', 'https://k-l1verse.s3.ap-northeast-2.amazonaws.com/e56d53c3-3e2e-489a-88ff-a098607e35c2.jpg'),
	(634, '2024-02-15 14:28:16.969643', 'https://k-l1verse.s3.ap-northeast-2.amazonaws.com/06b3dfe9-8c59-400d-9788-57578bce3321.jpg'),
	(635, '2024-02-15 14:28:57.485841', 'https://k-l1verse.s3.ap-northeast-2.amazonaws.com/32f15e87-b41a-4e99-b6a5-9dfe97a73402.jpg'),
	(636, '2024-02-15 14:34:52.211680', 'https://k-l1verse.s3.ap-northeast-2.amazonaws.com/da136678-4ae4-468b-9d63-fed1cacbdb5d.jpg'),
	(637, '2024-02-15 14:35:12.228917', 'https://k-l1verse.s3.ap-northeast-2.amazonaws.com/da136678-4ae4-468b-9d63-fed1cacbdb5d.jpg'),
	(638, '2024-02-15 14:36:30.774888', 'https://k-l1verse.s3.ap-northeast-2.amazonaws.com/7d0b0298-2783-4f7e-a455-24b531d95f42.jpg'),
	(639, '2024-02-15 14:38:07.979359', 'https://k-l1verse.s3.ap-northeast-2.amazonaws.com/3f1622fc-9ae6-4b78-ac35-9250eeb960b3.jpg'),
	(640, '2024-02-15 14:41:00.416647', 'https://k-l1verse.s3.ap-northeast-2.amazonaws.com/fcab0911-3c5a-415c-92c4-17c9288faa03.jpg,https://k-l1verse.s3.ap-northeast-2.amazonaws.com/df53a1e6-cd8b-477c-932f-31dc05cd124c.jpg,https://k-l1verse.s3.ap-northeast-2.amazonaws.com/40ec8305-b69f-41ca-9b70-7574a17f76ed.jpg'),
	(641, '2024-02-15 15:15:47.617996', 'https://k-l1verse.s3.ap-northeast-2.amazonaws.com/4e9f711e-5b81-4e19-97cb-a172456b81de.jpg'),
	(642, '2024-02-15 15:15:55.694348', 'https://k-l1verse.s3.ap-northeast-2.amazonaws.com/4e9f711e-5b81-4e19-97cb-a172456b81de.jpg'),
	(643, '2024-02-15 15:18:06.831960', 'https://k-l1verse.s3.ap-northeast-2.amazonaws.com/47bef672-2917-4eda-b79b-3a4fa010017a.jpg'),
	(644, '2024-02-15 15:28:57.075448', 'http://k.kakaocdn.net/dn/czMOdK/btrHn0REJz6/zYDWOKpO2ilLpjTyKV9iB0/img_640x640.jpg'),
	(645, '2024-02-15 15:55:13.560432', NULL),
	(646, '2024-02-15 16:08:52.787797', NULL),
	(647, '2024-02-15 16:09:42.134305', NULL),
	(648, '2024-02-15 16:13:00.015514', 'http://k.kakaocdn.net/dn/eIkiki/btsEEEdGUSj/CGUiTBT33Kq62aoNGj3Wr0/img_640x640.jpg'),
	(649, '2024-02-15 16:14:13.972941', 'https://k-l1verse.s3.ap-northeast-2.amazonaws.com/922471a9-9608-4e12-9af0-eb9d66bacf3b.jpeg'),
	(650, '2024-02-15 17:05:48.883285', 'https://k-l1verse.s3.ap-northeast-2.amazonaws.com/bde4c6bc-5a17-4304-9317-872ecc7cbab3.blob'),
	(651, '2024-02-15 17:05:51.794543', 'https://k-l1verse.s3.ap-northeast-2.amazonaws.com/bde4c6bc-5a17-4304-9317-872ecc7cbab3.blob'),
	(652, '2024-02-15 17:08:07.385195', 'https://k-l1verse.s3.ap-northeast-2.amazonaws.com/b0716fca-a351-4c0b-a779-9fe6611bd4b6.blob'),
	(653, '2024-02-15 17:10:51.328643', 'https://k-l1verse.s3.ap-northeast-2.amazonaws.com/86276786-6bfa-4b1d-8d7a-1edc716e2cca.blob,https://k-l1verse.s3.ap-northeast-2.amazonaws.com/c582184a-6bb2-483d-8f6a-4e43339b5f17.blob,https://k-l1verse.s3.ap-northeast-2.amazonaws.com/cda1d073-7d84-4bb5-be2e-f5613475a62b.blob'),
	(654, '2024-02-15 17:11:55.457805', 'https://k-l1verse.s3.ap-northeast-2.amazonaws.com/86276786-6bfa-4b1d-8d7a-1edc716e2cca.blob,https://k-l1verse.s3.ap-northeast-2.amazonaws.com/c582184a-6bb2-483d-8f6a-4e43339b5f17.blob'),
	(655, '2024-02-15 17:12:43.399056', 'https://k-l1verse.s3.ap-northeast-2.amazonaws.com/c582184a-6bb2-483d-8f6a-4e43339b5f17.blob'),
	(656, '2024-02-15 17:14:18.305326', 'https://k-l1verse.s3.ap-northeast-2.amazonaws.com/c582184a-6bb2-483d-8f6a-4e43339b5f17.blob'),
	(657, '2024-02-15 17:14:40.455461', NULL),
	(658, '2024-02-15 17:19:10.497667', 'https://k-l1verse.s3.ap-northeast-2.amazonaws.com/4e9f711e-5b81-4e19-97cb-a172456b81de.jpg'),
	(659, '2024-02-15 17:28:33.613115', 'https://k-l1verse.s3.ap-northeast-2.amazonaws.com/c6ea8cd8-7c1a-4ec2-8d41-42307ba79728.blob'),
	(660, '2024-02-15 22:08:41.322324', 'https://k-l1verse.s3.ap-northeast-2.amazonaws.com/17d6bbf7-5ef8-4325-9302-0b2dc75f0a24.blob'),
	(661, '2024-02-15 22:08:58.192093', 'https://k-l1verse.s3.ap-northeast-2.amazonaws.com/17d6bbf7-5ef8-4325-9302-0b2dc75f0a24.blob'),
	(662, '2024-02-15 22:46:44.295248', 'https://k-l1verse.s3.ap-northeast-2.amazonaws.com/89788a92-0a3c-4e23-a9d4-1f3856a7a1fe.blob'),
	(663, '2024-02-15 23:12:49.013410', 'https://k-l1verse.s3.ap-northeast-2.amazonaws.com/8e0b20c1-87e4-43d5-ae57-baf145be9249.blob'),
	(664, '2024-02-15 23:24:00.674528', 'https://k-l1verse.s3.ap-northeast-2.amazonaws.com/80781801-6e73-4e37-b36e-f834cacc4407.blob'),
	(665, '2024-02-16 00:06:42.585381', 'https://k-l1verse.s3.ap-northeast-2.amazonaws.com/4a8a7cf3-499b-42d8-895c-15ea6fefffa7.blob'),
	(666, '2024-02-16 00:25:18.194847', 'https://lh3.googleusercontent.com/a/ACg8ocKnM6bF-oM-nXwT7IR4P6jFsEV5d8WgTJp_RzagoeaA=s96-c'),
	(667, '2024-02-16 00:25:21.825810', 'https://lh3.googleusercontent.com/a/ACg8ocKUtRxDPZn86ddC8vCw1cSmCTXB97mAyyCbgZETxI8M=s96-c'),
	(668, '2024-02-16 01:14:27.406227', 'https://k-l1verse.s3.ap-northeast-2.amazonaws.com/a718aa70-2897-445b-b8d4-915dd915a4bf.blob'),
	(669, '2024-02-16 01:15:07.818061', NULL),
	(670, '2024-02-16 01:50:42.752828', NULL),
	(671, '2024-02-16 08:14:37.780668', 'https://k-l1verse.s3.ap-northeast-2.amazonaws.com/37615282-6063-410e-b861-6a3fc1a2d1db.blob,https://k-l1verse.s3.ap-northeast-2.amazonaws.com/9aa4cab5-fa68-4dc7-80a2-59846ef4bf98.blob'),
	(672, '2024-02-16 08:19:49.959912', NULL),
	(673, '2024-02-16 10:11:05.107389', NULL),
	(674, '2024-02-16 10:11:34.839104', NULL),
	(675, '2024-02-16 10:48:10.657667', 'https://k-l1verse.s3.ap-northeast-2.amazonaws.com/ea92a59a-33a4-4fb5-9b00-624e36ac5e07.blob'),
	(676, '2024-02-16 10:49:07.376219', 'https://k-l1verse.s3.ap-northeast-2.amazonaws.com/3590c197-284a-40ec-baf9-133261599bd2.blob,https://k-l1verse.s3.ap-northeast-2.amazonaws.com/a56f9321-5f8c-48fb-9fd3-7e6f48b3cb3d.blob,https://k-l1verse.s3.ap-northeast-2.amazonaws.com/e716ddc9-f0bf-4a4a-a099-d34bfb1f4a2b.blob,https://k-l1verse.s3.ap-northeast-2.amazonaws.com/8ba5a2e6-30a7-4f9d-89ef-009765987605.blob'),
	(677, '2024-02-16 10:52:19.603810', NULL),
	(678, '2024-02-16 10:53:58.162533', 'https://k-l1verse.s3.ap-northeast-2.amazonaws.com/07803e61-0a42-49a4-b7c1-e8ff291e7ba3.blob'),
	(679, '2024-02-16 10:54:12.089271', NULL),
	(680, '2024-02-16 11:01:52.024153', 'https://lh3.googleusercontent.com/a/ACg8ocKuIV0xES-4iAag0m61FfdG8Z7p0G_dO_WVZGopmWDR=s96-c'),
	(681, '2024-02-16 11:02:42.167485', 'https://k-l1verse.s3.ap-northeast-2.amazonaws.com/23eb5d9d-87c0-4867-8754-839b3b69e3d6.blob'),
	(682, '2024-02-16 11:03:09.805608', 'https://k-l1verse.s3.ap-northeast-2.amazonaws.com/57ca8712-fd4f-4e0e-8be8-933e2c347884.jpg'),
	(683, '2024-02-16 11:05:25.717183', 'https://k-l1verse.s3.ap-northeast-2.amazonaws.com/db6493cc-d637-47b5-aec6-db0518f22eef.blob'),
	(684, '2024-02-16 11:05:33.133861', 'https://k-l1verse.s3.ap-northeast-2.amazonaws.com/db6493cc-d637-47b5-aec6-db0518f22eef.blob'),
	(685, '2024-02-16 11:06:33.493771', 'https://lh3.googleusercontent.com/a/ACg8ocKjGP64scWllNOxoHg8eRX3Hd2PkmIcCs_4Sd13DjOV=s96-c'),
	(686, '2024-02-16 11:10:48.484960', 'https://k-l1verse.s3.ap-northeast-2.amazonaws.com/88c5a13c-33d8-4881-b102-dc39ad3ab3ba.blob,https://k-l1verse.s3.ap-northeast-2.amazonaws.com/88e34700-8f48-42a7-a9d9-b56b1b59f9ba.blob');

-- 테이블 s10p12a409.game 구조 내보내기
CREATE TABLE IF NOT EXISTS `game` (
  `match_id` int(11) NOT NULL AUTO_INCREMENT,
  `away_betting_amount` int(11) NOT NULL DEFAULT 0,
  `away_score` int(11) NOT NULL DEFAULT 0,
  `away_team_id` int(11) NOT NULL,
  `draw_betting_amount` int(11) NOT NULL DEFAULT 0,
  `goal_divided` bit(1) NOT NULL DEFAULT b'0',
  `home` varchar(255) COLLATE utf8mb4_bin NOT NULL,
  `home_betting_amount` int(11) NOT NULL DEFAULT 0,
  `home_score` int(11) NOT NULL DEFAULT 0,
  `home_team_id` int(11) NOT NULL,
  `match_at` datetime(6) NOT NULL,
  `status` enum('upcoming','during','done') COLLATE utf8mb4_bin DEFAULT 'upcoming',
  PRIMARY KEY (`match_id`)
) ENGINE=InnoDB AUTO_INCREMENT=1000 DEFAULT CHARSET=utf8mb4 COLLATE=utf8mb4_bin;

-- 테이블 데이터 s10p12a409.game:~204 rows (대략적) 내보내기
INSERT INTO `game` (`match_id`, `away_betting_amount`, `away_score`, `away_team_id`, `draw_betting_amount`, `goal_divided`, `home`, `home_betting_amount`, `home_score`, `home_team_id`, `match_at`, `status`) VALUES
	(1, 0, 0, 2, 0, b'0', '울산 문수', 0, 0, 1, '2024-03-01 14:00:00.000000', 'upcoming'),
	(2, 0, 0, 6, 0, b'0', '전주 월드컵', 0, 0, 4, '2024-03-01 16:30:00.000000', 'upcoming'),
	(3, 0, 0, 5, 0, b'0', '광주 전용', 0, 0, 10, '2024-03-02 14:00:00.000000', 'upcoming'),
	(4, 0, 0, 11, 0, b'0', '인천 전용', 0, 0, 8, '2024-03-02 16:30:00.000000', 'upcoming'),
	(5, 0, 0, 3, 0, b'0', '춘천 송암', 0, 0, 9, '2024-03-02 16:30:00.000000', 'upcoming'),
	(6, 0, 0, 12, 0, b'0', 'DGB대구은행파크', 0, 0, 7, '2024-03-03 14:00:00.000000', 'upcoming'),
	(7, 0, 0, 4, 0, b'0', '수원 종합', 0, 0, 11, '2024-03-09 14:00:00.000000', 'upcoming'),
	(8, 0, 0, 7, 0, b'0', '포항 스틸야드', 0, 0, 2, '2024-03-09 16:30:00.000000', 'upcoming'),
	(9, 0, 0, 1, 0, b'0', '김천 종합', 0, 0, 12, '2024-03-09 16:30:00.000000', 'upcoming'),
	(10, 0, 0, 8, 0, b'0', '서울 월드컵', 0, 0, 5, '2024-03-10 14:00:00.000000', 'upcoming'),
	(11, 0, 0, 6, 0, b'0', '제주 월드컵', 0, 0, 3, '2024-03-10 14:00:00.000000', 'upcoming'),
	(12, 0, 0, 9, 0, b'0', '광주 전용', 0, 0, 10, '2024-03-10 16:30:00.000000', 'upcoming'),
	(13, 0, 0, 9, 0, b'0', '대전 월드컵', 0, 0, 6, '2024-03-16 14:00:00.000000', 'upcoming'),
	(14, 0, 0, 11, 0, b'0', 'DGB대구은행파크', 0, 0, 7, '2024-03-16 16:30:00.000000', 'upcoming'),
	(15, 0, 0, 3, 0, b'0', '서울 월드컵', 0, 0, 5, '2024-03-16 16:30:00.000000', 'upcoming'),
	(16, 0, 0, 10, 0, b'0', '포항 스틸야드', 0, 0, 2, '2024-03-17 14:00:00.000000', 'upcoming'),
	(17, 0, 0, 4, 0, b'0', '김천 종합', 0, 0, 12, '2024-03-17 14:00:00.000000', 'upcoming'),
	(18, 0, 0, 8, 0, b'0', '울산 문수', 0, 0, 1, '2024-03-17 16:30:00.000000', 'upcoming'),
	(19, 0, 0, 1, 0, b'0', '전주 월드컵', 0, 0, 4, '2024-03-30 14:00:00.000000', 'upcoming'),
	(20, 0, 0, 2, 0, b'0', '제주 월드컵', 0, 0, 3, '2024-03-30 16:30:00.000000', 'upcoming'),
	(21, 0, 0, 12, 0, b'0', '수원 종합', 0, 0, 11, '2024-03-30 16:30:00.000000', 'upcoming'),
	(22, 0, 0, 6, 0, b'0', '인천 전용', 0, 0, 8, '2024-03-31 14:00:00.000000', 'upcoming'),
	(23, 0, 0, 5, 0, b'0', '춘천 송암', 0, 0, 9, '2024-03-31 14:00:00.000000', 'upcoming'),
	(24, 0, 0, 7, 0, b'0', '광주 전용', 0, 0, 10, '2024-03-31 16:30:00.000000', 'upcoming'),
	(25, 0, 0, 11, 0, b'0', '포항 스틸야드', 0, 0, 2, '2024-04-02 19:30:00.000000', 'upcoming'),
	(26, 0, 0, 1, 0, b'0', '대전 월드컵', 0, 0, 6, '2024-04-02 19:30:00.000000', 'upcoming'),
	(27, 0, 0, 8, 0, b'0', '광주 전용', 0, 0, 10, '2024-04-03 19:30:00.000000', 'upcoming'),
	(28, 0, 0, 12, 0, b'0', '서울 월드컵', 0, 0, 5, '2024-04-03 19:30:00.000000', 'upcoming'),
	(29, 0, 0, 4, 0, b'0', '제주 월드컵', 0, 0, 3, '2024-04-03 19:30:00.000000', 'upcoming'),
	(30, 0, 0, 7, 0, b'0', '춘천 송암', 0, 0, 9, '2024-04-03 19:30:00.000000', 'upcoming'),
	(31, 0, 0, 11, 0, b'0', '울산 문수', 0, 0, 1, '2024-04-06 14:00:00.000000', 'upcoming'),
	(32, 0, 0, 3, 0, b'0', '인천 전용', 0, 0, 8, '2024-04-06 16:30:00.000000', 'upcoming'),
	(33, 0, 0, 10, 0, b'0', '김천 종합', 0, 0, 12, '2024-04-06 16:30:00.000000', 'upcoming'),
	(34, 0, 0, 9, 0, b'0', '전주 월드컵', 0, 0, 4, '2024-04-07 14:00:00.000000', 'upcoming'),
	(35, 0, 0, 5, 0, b'0', 'DGB대구은행파크', 0, 0, 7, '2024-04-07 14:00:00.000000', 'upcoming'),
	(36, 0, 0, 2, 0, b'0', '대전 월드컵', 0, 0, 6, '2024-04-07 16:30:00.000000', 'upcoming'),
	(37, 0, 0, 10, 0, b'0', '전주 월드컵', 0, 0, 4, '2024-04-13 14:00:00.000000', 'upcoming'),
	(38, 0, 0, 2, 0, b'0', '서울 월드컵', 0, 0, 5, '2024-04-13 14:00:00.000000', 'upcoming'),
	(39, 0, 0, 9, 0, b'0', '울산 문수', 0, 0, 1, '2024-04-13 16:30:00.000000', 'upcoming'),
	(40, 0, 0, 12, 0, b'0', '제주 월드컵', 0, 0, 3, '2024-04-13 16:30:00.000000', 'upcoming'),
	(41, 0, 0, 6, 0, b'0', '수원 종합', 0, 0, 11, '2024-04-14 14:00:00.000000', 'upcoming'),
	(42, 0, 0, 7, 0, b'0', '인천 전용', 0, 0, 8, '2024-04-14 16:30:00.000000', 'upcoming'),
	(43, 0, 0, 12, 0, b'0', '포항 스틸야드', 0, 0, 2, '2024-04-20 14:00:00.000000', 'upcoming'),
	(44, 0, 0, 1, 0, b'0', '광주 전용', 0, 0, 10, '2024-04-20 14:00:00.000000', 'upcoming'),
	(45, 0, 0, 4, 0, b'0', '서울 월드컵', 0, 0, 5, '2024-04-20 16:30:00.000000', 'upcoming'),
	(46, 0, 0, 3, 0, b'0', '수원 종합', 0, 0, 11, '2024-04-20 16:30:00.000000', 'upcoming'),
	(47, 0, 0, 8, 0, b'0', '춘천 송암', 0, 0, 9, '2024-04-21 14:00:00.000000', 'upcoming'),
	(48, 0, 0, 6, 0, b'0', 'DGB대구은행파크', 0, 0, 7, '2024-04-21 16:30:00.000000', 'upcoming'),
	(49, 0, 0, 5, 0, b'0', '대전 월드컵', 0, 0, 6, '2024-04-27 14:00:00.000000', 'upcoming'),
	(50, 0, 0, 11, 0, b'0', '광주 전용', 0, 0, 10, '2024-04-27 14:00:00.000000', 'upcoming'),
	(51, 0, 0, 9, 0, b'0', '김천 종합', 0, 0, 12, '2024-04-27 16:30:00.000000', 'upcoming'),
	(52, 0, 0, 8, 0, b'0', '포항 스틸야드', 0, 0, 2, '2024-04-28 16:30:00.000000', 'upcoming'),
	(53, 0, 0, 7, 0, b'0', '전주 월드컵', 0, 0, 4, '2024-04-28 14:00:00.000000', 'upcoming'),
	(54, 0, 0, 3, 0, b'0', '울산 문수', 0, 0, 1, '2024-04-28 16:30:00.000000', 'upcoming'),
	(55, 0, 0, 12, 0, b'0', '대전 월드컵', 0, 0, 6, '2024-04-30 19:30:00.000000', 'upcoming'),
	(56, 0, 0, 5, 0, b'0', '수원 종합', 0, 0, 11, '2024-04-30 19:30:00.000000', 'upcoming'),
	(57, 0, 0, 1, 0, b'0', 'DGB대구은행파크', 0, 0, 7, '2024-05-01 19:00:00.000000', 'upcoming'),
	(58, 0, 0, 4, 0, b'0', '인천 전용', 0, 0, 8, '2024-05-01 19:00:00.000000', 'upcoming'),
	(59, 0, 0, 10, 0, b'0', '제주 월드컵', 0, 0, 3, '2024-05-01 19:00:00.000000', 'upcoming'),
	(60, 0, 0, 2, 0, b'0', '춘천 송암', 0, 0, 9, '2024-05-01 19:00:00.000000', 'upcoming'),
	(61, 0, 0, 1, 0, b'0', '서울 월드컵', 0, 0, 5, '2024-05-04 14:00:00.000000', 'upcoming'),
	(62, 0, 0, 4, 0, b'0', '포항 스틸야드', 0, 0, 2, '2024-05-04 16:30:00.000000', 'upcoming'),
	(63, 0, 0, 9, 0, b'0', '수원 종합', 0, 0, 11, '2024-05-05 14:00:00.000000', 'upcoming'),
	(64, 0, 0, 8, 0, b'0', '김천 종합', 0, 0, 12, '2024-05-05 16:30:00.000000', 'upcoming'),
	(65, 0, 0, 7, 0, b'0', '제주 월드컵', 0, 0, 3, '2024-05-06 14:00:00.000000', 'upcoming'),
	(66, 0, 0, 6, 0, b'0', '광주 전용', 0, 0, 10, '2024-05-06 16:30:00.000000', 'upcoming'),
	(67, 0, 0, 5, 0, b'0', '인천 전용', 0, 0, 8, '2024-05-11 16:30:00.000000', 'upcoming'),
	(68, 0, 0, 10, 0, b'0', 'DGB대구은행파크', 0, 0, 7, '2024-05-11 19:00:00.000000', 'upcoming'),
	(69, 0, 0, 6, 0, b'0', '춘천 송암', 0, 0, 9, '2024-05-11 19:00:00.000000', 'upcoming'),
	(70, 0, 0, 11, 0, b'0', '전주 월드컵', 0, 0, 4, '2024-05-12 14:00:00.000000', 'upcoming'),
	(71, 0, 0, 12, 0, b'0', '뭐임?', 0, 0, 1, '2024-05-12 16:30:00.000000', 'upcoming'),
	(72, 0, 0, 3, 0, b'0', '포항 스틸야드', 0, 0, 2, '2024-05-12 16:30:00.000000', 'upcoming'),
	(73, 0, 0, 8, 0, b'0', '대전 월드컵', 0, 0, 6, '2024-05-18 16:30:00.000000', 'upcoming'),
	(74, 0, 0, 4, 0, b'0', '광주 전용', 0, 0, 10, '2024-05-18 19:00:00.000000', 'upcoming'),
	(75, 0, 0, 3, 0, b'0', '김천 종합', 0, 0, 12, '2024-05-18 19:00:00.000000', 'upcoming'),
	(76, 0, 0, 7, 0, b'0', '서울 월드컵', 0, 0, 5, '2024-05-19 16:30:00.000000', 'upcoming'),
	(77, 0, 0, 1, 0, b'0', '춘천 송암', 0, 0, 9, '2024-05-19 16:30:00.000000', 'upcoming'),
	(78, 0, 0, 2, 0, b'0', '수원 종합', 0, 0, 11, '2024-05-19 19:00:00.000000', 'upcoming'),
	(79, 0, 0, 12, 0, b'0', '전주 월드컵', 0, 0, 4, '2024-05-25 14:00:00.000000', 'upcoming'),
	(80, 0, 0, 6, 0, b'0', '울산 문수', 0, 0, 1, '2024-05-25 16:30:00.000000', 'upcoming'),
	(81, 0, 0, 5, 0, b'0', '포항 스틸야드', 0, 0, 2, '2024-05-25 19:00:00.000000', 'upcoming'),
	(82, 0, 0, 10, 0, b'0', '인천 전용', 0, 0, 8, '2024-05-25 19:00:00.000000', 'upcoming'),
	(83, 0, 0, 9, 0, b'0', 'DGB대구은행파크', 0, 0, 7, '2024-05-26 16:30:00.000000', 'upcoming'),
	(84, 0, 0, 11, 0, b'0', '제주 월드컵', 0, 0, 3, '2024-05-26 19:00:00.000000', 'upcoming'),
	(85, 0, 0, 2, 0, b'0', '광주 전용', 0, 0, 10, '2024-05-28 19:30:00.000000', 'upcoming'),
	(86, 0, 0, 5, 0, b'0', '김천 종합', 0, 0, 12, '2024-05-28 19:30:00.000000', 'upcoming'),
	(87, 0, 0, 1, 0, b'0', '인천 전용', 0, 0, 8, '2024-05-29 19:30:00.000000', 'upcoming'),
	(88, 0, 0, 3, 0, b'0', '대전 월드컵', 0, 0, 6, '2024-05-29 19:30:00.000000', 'upcoming'),
	(89, 0, 0, 7, 0, b'0', '수원 종합', 0, 0, 11, '2024-05-29 19:30:00.000000', 'upcoming'),
	(90, 0, 0, 4, 0, b'0', '춘천 송암', 0, 0, 9, '2024-05-29 19:30:00.000000', 'upcoming'),
	(91, 0, 0, 4, 0, b'0', '울산 문수', 0, 0, 1, '2024-06-01 16:30:00.000000', 'upcoming'),
	(92, 0, 0, 8, 0, b'0', '수원 종합', 0, 0, 11, '2024-06-01 19:00:00.000000', 'upcoming'),
	(93, 0, 0, 2, 0, b'0', '김천 종합', 0, 0, 12, '2024-06-01 19:00:00.000000', 'upcoming'),
	(94, 0, 0, 7, 0, b'0', '대전 월드컵', 0, 0, 6, '2024-06-02 16:30:00.000000', 'upcoming'),
	(95, 0, 0, 9, 0, b'0', '제주 월드컵', 0, 0, 3, '2024-06-02 16:30:00.000000', 'upcoming'),
	(96, 0, 0, 10, 0, b'0', '서울 월드컵', 0, 0, 5, '2024-06-02 19:00:00.000000', 'upcoming'),
	(97, 0, 0, 6, 0, b'0', '포항 스틸야드', 0, 0, 2, '2024-06-15 18:00:00.000000', 'upcoming'),
	(98, 0, 0, 12, 0, b'0', '광주 전용', 0, 0, 10, '2024-06-15 19:00:00.000000', 'upcoming'),
	(99, 0, 0, 11, 0, b'0', '춘천 송암', 0, 0, 9, '2024-06-15 20:00:00.000000', 'upcoming'),
	(100, 0, 0, 5, 0, b'0', '울산 문수', 0, 0, 1, '2024-06-16 18:00:00.000000', 'upcoming'),
	(101, 0, 0, 8, 0, b'0', '전주 월드컵', 0, 0, 4, '2024-06-16 18:00:00.000000', 'upcoming'),
	(102, 0, 0, 3, 0, b'0', 'DGB대구은행파크', 0, 0, 7, '2024-06-16 19:00:00.000000', 'upcoming'),
	(103, 0, 0, 4, 0, b'0', 'DGB대구은행파크', 0, 0, 7, '2024-06-22 18:00:00.000000', 'upcoming'),
	(104, 0, 0, 10, 0, b'0', '대전 월드컵', 0, 0, 6, '2024-06-22 19:00:00.000000', 'upcoming'),
	(105, 0, 0, 12, 0, b'0', '춘천 송암', 0, 0, 9, '2024-06-22 19:00:00.000000', 'upcoming'),
	(106, 0, 0, 11, 0, b'0', '서울 월드컵', 0, 0, 5, '2024-06-22 20:00:00.000000', 'upcoming'),
	(107, 0, 0, 2, 0, b'0', '인천 전용', 0, 0, 8, '2024-06-23 18:00:00.000000', 'upcoming'),
	(108, 0, 0, 1, 0, b'0', '제주 월드컵', 0, 0, 3, '2024-06-23 19:00:00.000000', 'upcoming'),
	(109, 0, 0, 10, 0, b'0', '수원 종합', 0, 0, 11, '2024-06-25 19:30:00.000000', 'upcoming'),
	(110, 0, 0, 6, 0, b'0', '김천 종합', 0, 0, 12, '2024-06-25 19:30:00.000000', 'upcoming'),
	(111, 0, 0, 7, 0, b'0', '울산 문수', 0, 0, 1, '2024-06-26 19:30:00.000000', 'upcoming'),
	(112, 0, 0, 2, 0, b'0', '전주 월드컵', 0, 0, 4, '2024-06-26 19:30:00.000000', 'upcoming'),
	(113, 0, 0, 9, 0, b'0', '서울 월드컵', 0, 0, 5, '2024-06-26 19:30:00.000000', 'upcoming'),
	(114, 0, 0, 8, 0, b'0', '제주 월드컵', 0, 0, 3, '2024-06-26 19:30:00.000000', 'upcoming'),
	(115, 0, 0, 7, 0, b'0', '김천 종합', 0, 0, 12, '2024-06-29 18:00:00.000000', 'upcoming'),
	(116, 0, 0, 5, 0, b'0', '전주 월드컵', 0, 0, 4, '2024-06-29 19:00:00.000000', 'upcoming'),
	(117, 0, 0, 11, 0, b'0', '대전 월드컵', 0, 0, 6, '2024-06-29 20:00:00.000000', 'upcoming'),
	(118, 0, 0, 1, 0, b'0', '포항 스틸야드', 0, 0, 2, '2024-06-30 18:00:00.000000', 'upcoming'),
	(119, 0, 0, 3, 0, b'0', '광주 전용', 0, 0, 10, '2024-06-30 19:00:00.000000', 'upcoming'),
	(120, 0, 0, 9, 0, b'0', '인천 전용', 0, 0, 8, '2024-06-30 19:00:00.000000', 'upcoming'),
	(121, 0, 0, 12, 0, b'0', '인천 전용', 0, 0, 8, '2024-07-05 19:30:00.000000', 'upcoming'),
	(122, 0, 0, 1, 0, b'0', '수원 종합', 0, 0, 11, '2024-07-05 19:30:00.000000', 'upcoming'),
	(123, 0, 0, 5, 0, b'0', '제주 월드컵', 0, 0, 3, '2024-07-06 19:00:00.000000', 'upcoming'),
	(124, 0, 0, 2, 0, b'0', 'DGB대구은행파크', 0, 0, 7, '2024-07-06 19:30:00.000000', 'upcoming'),
	(125, 0, 0, 4, 0, b'0', '대전 월드컵', 0, 0, 6, '2024-07-07 19:00:00.000000', 'upcoming'),
	(126, 0, 0, 10, 0, b'0', '춘천 송암', 0, 0, 9, '2024-07-07 19:00:00.000000', 'upcoming'),
	(127, 0, 0, 8, 0, b'0', 'DGB대구은행파크', 0, 0, 7, '2024-07-09 19:30:00.000000', 'upcoming'),
	(128, 0, 0, 11, 0, b'0', '김천 종합', 0, 0, 12, '2024-07-09 19:30:00.000000', 'upcoming'),
	(129, 0, 0, 10, 0, b'0', '울산 문수', 0, 0, 1, '2024-07-10 19:30:00.000000', 'upcoming'),
	(130, 0, 0, 9, 0, b'0', '포항 스틸야드', 0, 0, 2, '2024-07-10 19:30:00.000000', 'upcoming'),
	(131, 0, 0, 3, 0, b'0', '전주 월드컵', 0, 0, 4, '2024-07-10 19:30:00.000000', 'upcoming'),
	(132, 0, 0, 6, 0, b'0', '서울 월드컵', 0, 0, 5, '2024-07-10 19:30:00.000000', 'upcoming'),
	(133, 0, 0, 5, 0, b'0', '울산 문수', 0, 0, 1, '2024-07-13 19:00:00.000000', 'upcoming'),
	(134, 0, 0, 9, 0, b'0', '대전 월드컵', 0, 0, 6, '2024-07-13 19:30:00.000000', 'upcoming'),
	(135, 0, 0, 2, 0, b'0', '제주 월드컵', 0, 0, 3, '2024-07-13 19:30:00.000000', 'upcoming'),
	(136, 0, 0, 8, 0, b'0', '광주 전용', 0, 0, 10, '2024-07-14 19:00:00.000000', 'upcoming'),
	(137, 0, 0, 7, 0, b'0', '수원 종합', 0, 0, 11, '2024-07-14 19:00:00.000000', 'upcoming'),
	(138, 0, 0, 4, 0, b'0', '김천 종합', 0, 0, 12, '2024-07-14 19:00:00.000000', 'upcoming'),
	(139, 0, 0, 1, 0, b'0', '전주 월드컵', 0, 0, 4, '2024-07-20 19:00:00.000000', 'upcoming'),
	(140, 0, 0, 11, 0, b'0', '인천 전용', 0, 0, 8, '2024-07-20 19:30:00.000000', 'upcoming'),
	(141, 0, 0, 3, 0, b'0', '춘천 송암', 0, 0, 9, '2024-07-20 19:30:00.000000', 'upcoming'),
	(142, 0, 0, 10, 0, b'0', 'DGB대구은행파크', 0, 0, 7, '2024-07-21 19:00:00.000000', 'upcoming'),
	(143, 0, 0, 12, 0, b'0', '서울 월드컵', 0, 0, 5, '2024-07-21 19:00:00.000000', 'upcoming'),
	(144, 0, 0, 2, 0, b'0', '대전 월드컵', 0, 0, 6, '2024-07-21 19:00:00.000000', 'upcoming'),
	(145, 0, 0, 1, 0, b'0', '제주 월드컵', 0, 0, 3, '2024-07-26 19:30:00.000000', 'upcoming'),
	(146, 0, 0, 4, 0, b'0', '춘천 송암', 0, 0, 9, '2024-07-26 19:30:00.000000', 'upcoming'),
	(147, 0, 0, 11, 0, b'0', '광주 전용', 0, 0, 10, '2024-07-27 19:00:00.000000', 'upcoming'),
	(148, 0, 0, 6, 0, b'0', 'DGB대구은행파크', 0, 0, 7, '2024-07-27 19:30:00.000000', 'upcoming'),
	(149, 0, 0, 5, 0, b'0', '인천 전용', 0, 0, 8, '2024-07-27 19:30:00.000000', 'upcoming'),
	(150, 0, 0, 12, 0, b'0', '포항 스틸야드', 0, 0, 2, '2024-07-28 19:00:00.000000', 'upcoming'),
	(151, 0, 0, 10, 0, b'0', '전주 월드컵', 0, 0, 4, '2024-08-09 19:30:00.000000', 'upcoming'),
	(152, 0, 0, 9, 0, b'0', '김천 종합', 0, 0, 12, '2024-08-09 19:30:00.000000', 'upcoming'),
	(153, 0, 0, 7, 0, b'0', '울산 문수', 0, 0, 1, '2024-08-10 19:00:00.000000', 'upcoming'),
	(154, 0, 0, 8, 0, b'0', '제주 월드컵', 0, 0, 3, '2024-08-10 19:30:00.000000', 'upcoming'),
	(155, 0, 0, 6, 0, b'0', '수원 종합', 0, 0, 11, '2024-08-10 19:30:00.000000', 'upcoming'),
	(156, 0, 0, 5, 0, b'0', '포항 스틸야드', 0, 0, 2, '2024-08-11 19:00:00.000000', 'upcoming'),
	(157, 0, 0, 12, 0, b'0', 'DGB대구은행파크', 0, 0, 7, '2024-08-16 19:30:00.000000', 'upcoming'),
	(158, 0, 0, 3, 0, b'0', '서울 월드컵', 0, 0, 5, '2024-08-16 19:30:00.000000', 'upcoming'),
	(159, 0, 0, 2, 0, b'0', '전주 월드컵', 0, 0, 4, '2024-08-17 19:00:00.000000', 'upcoming'),
	(160, 0, 0, 8, 0, b'0', '대전 월드컵', 0, 0, 6, '2024-08-17 19:30:00.000000', 'upcoming'),
	(161, 0, 0, 11, 0, b'0', '울산 문수', 0, 0, 1, '2024-08-18 19:00:00.000000', 'upcoming'),
	(162, 0, 0, 10, 0, b'0', '춘천 송암', 0, 0, 9, '2024-08-18 19:00:00.000000', 'upcoming'),
	(163, 0, 0, 7, 0, b'0', '포항 스틸야드', 0, 0, 2, '2024-08-24 19:00:00.000000', 'upcoming'),
	(164, 0, 0, 4, 0, b'0', '인천 전용', 0, 0, 8, '2024-08-24 19:30:00.000000', 'upcoming'),
	(165, 0, 0, 9, 0, b'0', '서울 월드컵', 0, 0, 5, '2024-08-24 19:30:00.000000', 'upcoming'),
	(166, 0, 0, 1, 0, b'0', '광주 전용', 0, 0, 10, '2024-08-25 19:00:00.000000', 'upcoming'),
	(167, 0, 0, 3, 0, b'0', '수원 종합', 0, 0, 11, '2024-08-25 19:00:00.000000', 'upcoming'),
	(168, 0, 0, 6, 0, b'0', '김천 종합', 0, 0, 12, '2024-08-25 19:00:00.000000', 'upcoming'),
	(169, 0, 0, 2, 0, b'0', '울산 문수', 0, 0, 1, '2024-08-31 19:00:00.000000', 'upcoming'),
	(170, 0, 0, 8, 0, b'0', 'DGB대구은행파크', 0, 0, 7, '2024-08-31 19:30:00.000000', 'upcoming'),
	(171, 0, 0, 12, 0, b'0', '제주 월드컵', 0, 0, 3, '2024-08-31 19:30:00.000000', 'upcoming'),
	(172, 0, 0, 5, 0, b'0', '전주 월드컵', 0, 0, 4, '2024-09-01 19:00:00.000000', 'upcoming'),
	(173, 0, 0, 10, 0, b'0', '대전 월드컵', 0, 0, 6, '2024-09-01 19:00:00.000000', 'upcoming'),
	(174, 0, 0, 11, 0, b'0', '춘천 송암', 0, 0, 9, '2024-09-01 19:00:00.000000', 'upcoming'),
	(175, 0, 0, 9, 0, b'0', '울산 문수', 0, 0, 1, '2024-09-13 19:30:00.000000', 'upcoming'),
	(176, 0, 0, 2, 0, b'0', '광주 전용', 0, 0, 10, '2024-09-13 19:30:00.000000', 'upcoming'),
	(177, 0, 0, 6, 0, b'0', '서울 월드컵', 0, 0, 5, '2024-09-14 16:30:00.000000', 'upcoming'),
	(178, 0, 0, 7, 0, b'0', '제주 월드컵', 0, 0, 3, '2024-09-14 19:00:00.000000', 'upcoming'),
	(179, 0, 0, 4, 0, b'0', '수원 종합', 0, 0, 11, '2024-09-14 19:00:00.000000', 'upcoming'),
	(180, 0, 0, 8, 0, b'0', '김천 종합', 0, 0, 12, '2024-09-15 16:30:00.000000', 'upcoming'),
	(181, 0, 0, 12, 0, b'0', '수원 종합', 0, 0, 11, '2024-09-21 16:30:00.000000', 'upcoming'),
	(182, 0, 0, 5, 0, b'0', 'DGB대구은행파크', 0, 0, 7, '2024-09-21 19:00:00.000000', 'upcoming'),
	(183, 0, 0, 9, 0, b'0', '포항 스틸야드', 0, 0, 2, '2024-09-22 16:30:00.000000', 'upcoming'),
	(184, 0, 0, 3, 0, b'0', '광주 전용', 0, 0, 10, '2024-09-22 16:30:00.000000', 'upcoming'),
	(185, 0, 0, 1, 0, b'0', '인천 전용', 0, 0, 8, '2024-09-22 19:00:00.000000', 'upcoming'),
	(186, 0, 0, 4, 0, b'0', '대전 월드컵', 0, 0, 6, '2024-09-22 19:00:00.000000', 'upcoming'),
	(187, 0, 0, 8, 0, b'0', '포항 스틸야드', 0, 0, 2, '2024-09-27 19:30:00.000000', 'upcoming'),
	(188, 0, 0, 1, 0, b'0', '대전 월드컵', 0, 0, 6, '2024-09-27 19:30:00.000000', 'upcoming'),
	(189, 0, 0, 7, 0, b'0', '춘천 송암', 0, 0, 9, '2024-09-28 16:30:00.000000', 'upcoming'),
	(190, 0, 0, 3, 0, b'0', '전주 월드컵', 0, 0, 4, '2024-09-28 19:00:00.000000', 'upcoming'),
	(191, 0, 0, 10, 0, b'0', '김천 종합', 0, 0, 12, '2024-09-28 19:00:00.000000', 'upcoming'),
	(192, 0, 0, 11, 0, b'0', '서울 월드컵', 0, 0, 5, '2024-09-29 16:30:00.000000', 'upcoming'),
	(193, 0, 0, 12, 0, b'0', '울산 문수', 0, 0, 1, '2024-10-06 15:00:00.000000', 'upcoming'),
	(194, 0, 0, 5, 0, b'0', '광주 전용', 0, 0, 10, '2024-10-06 15:00:00.000000', 'upcoming'),
	(195, 0, 0, 4, 0, b'0', 'DGB대구은행파크', 0, 0, 7, '2024-10-06 15:00:00.000000', 'upcoming'),
	(196, 0, 0, 9, 0, b'0', '인천 전용', 0, 0, 8, '2024-10-06 15:00:00.000000', 'upcoming'),
	(197, 0, 0, 6, 0, b'0', '제주 월드컵', 0, 0, 3, '2024-10-06 15:00:00.000000', 'upcoming'),
	(198, 0, 0, 2, 0, b'0', '수원 종합', 0, 0, 11, '2024-10-06 15:00:00.000000', 'upcoming'),
	(201, 0, 2, 2, 0, b'0', '울산 문수', 0, 1, 1, '2024-02-01 12:00:00.000000', 'done'),
	(202, 0, 2, 4, 0, b'0', '전주 월드컵', 0, 4, 3, '2024-02-01 15:00:00.000000', 'done'),
	(203, 0, 2, 8, 0, b'0', 'DGB대구은행파크', 0, 3, 7, '2024-02-05 09:00:00.000000', 'done'),
	(204, 0, 0, 6, 0, b'0', '서울 월드컵', 0, 0, 5, '2024-02-05 18:00:00.000000', 'upcoming'),
	(300, 0, 0, 11, 0, b'0', '서울 월드컵', 0, 0, 5, '2024-02-15 16:00:00.000000', 'during'),
	(999, 0, 7, 11, 0, b'0', '서울 월드컵 경기장', 0, 2, 2, '2024-02-15 15:46:20.000000', 'during');

-- 테이블 s10p12a409.game_seq 구조 내보내기
CREATE TABLE IF NOT EXISTS `game_seq` (
  `next_not_cached_value` bigint(21) NOT NULL,
  `minimum_value` bigint(21) NOT NULL,
  `maximum_value` bigint(21) NOT NULL,
  `start_value` bigint(21) NOT NULL COMMENT 'start value when sequences is created or value if RESTART is used',
  `increment` bigint(21) NOT NULL COMMENT 'increment value',
  `cache_size` bigint(21) unsigned NOT NULL,
  `cycle_option` tinyint(1) unsigned NOT NULL COMMENT '0 if no cycles are allowed, 1 if the sequence should begin a new cycle when maximum_value is passed',
  `cycle_count` bigint(21) NOT NULL COMMENT 'How many cycles have been done'
) ENGINE=InnoDB SEQUENCE=1;

-- 테이블 데이터 s10p12a409.game_seq:~1 rows (대략적) 내보내기
INSERT INTO `game_seq` (`next_not_cached_value`, `minimum_value`, `maximum_value`, `start_value`, `increment`, `cache_size`, `cycle_option`, `cycle_count`) VALUES
	(1, 1, 9223372036854775806, 1, 50, 0, 0, 0);

-- 테이블 s10p12a409.mate 구조 내보내기
CREATE TABLE IF NOT EXISTS `mate` (
  `mate_id` bigint(20) NOT NULL AUTO_INCREMENT,
  `full_flag` bit(1) DEFAULT NULL,
  `match_id` int(11) DEFAULT NULL,
  `total` int(11) DEFAULT NULL,
  `board_id` bigint(20) DEFAULT NULL,
  PRIMARY KEY (`mate_id`),
  KEY `FKi0s6in2s9w25fjox9gu8tr4ga` (`board_id`),
  CONSTRAINT `FKi0s6in2s9w25fjox9gu8tr4ga` FOREIGN KEY (`board_id`) REFERENCES `board` (`board_id`)
) ENGINE=InnoDB AUTO_INCREMENT=11 DEFAULT CHARSET=utf8mb4 COLLATE=utf8mb4_bin;

-- 테이블 데이터 s10p12a409.mate:~4 rows (대략적) 내보내기
INSERT INTO `mate` (`mate_id`, `full_flag`, `match_id`, `total`, `board_id`) VALUES
	(1, b'0', 1, 1, 2),
	(2, b'0', 1, 5, 5),
	(6, b'0', 13, 5, 35),
	(7, b'0', 1, 2, 38),
	(10, b'0', 10, 4, 44);

-- 테이블 s10p12a409.member 구조 내보내기
CREATE TABLE IF NOT EXISTS `member` (
  `member_id` int(11) NOT NULL AUTO_INCREMENT,
  `back_number` varchar(255) COLLATE utf8mb4_bin DEFAULT NULL,
  `name` varchar(255) COLLATE utf8mb4_bin DEFAULT NULL,
  `position` varchar(255) COLLATE utf8mb4_bin DEFAULT NULL,
  `profile` varchar(255) COLLATE utf8mb4_bin DEFAULT NULL,
  `team_id` int(11) DEFAULT NULL,
  PRIMARY KEY (`member_id`),
  KEY `FKcjte2jn9pvo9ud2hyfgwcja0k` (`team_id`),
  CONSTRAINT `FKcjte2jn9pvo9ud2hyfgwcja0k` FOREIGN KEY (`team_id`) REFERENCES `team` (`team_id`)
) ENGINE=InnoDB AUTO_INCREMENT=591 DEFAULT CHARSET=utf8mb4 COLLATE=utf8mb4_bin;

-- 테이블 데이터 s10p12a409.member:~590 rows (대략적) 내보내기
INSERT INTO `member` (`member_id`, `back_number`, `name`, `position`, `profile`, `team_id`) VALUES
	(1, '코치', '김순호', '감독', 'https://kleague-admin-test.s3.ap-northeast-2.amazonaws.com/v1/player/player_20000016.jpg', 5),
	(2, '코치', '김영철', '감독', 'https://kleague-admin-test.s3.ap-northeast-2.amazonaws.com/v1/player/player_19970329.jpg', 5),
	(3, '감독', '김진규', '감독', 'https://kleague-admin-test.s3.ap-northeast-2.amazonaws.com/v1/player/2023/K09/player_20030084.png', 5),
	(4, '코치', '박혁순', '감독', 'https://kleague-admin-test.s3.ap-northeast-2.amazonaws.com/v1/player/player_20030034.jpg', 5),
	(5, '코치', '윤현필', '감독', 'https://kleague-admin-test.s3.ap-northeast-2.amazonaws.com', 5),
	(6, '전력분석관', '이용제', '감독', 'https://kleague-admin-test.s3.ap-northeast-2.amazonaws.com', 5),
	(7, 'GK코치', '전상욱', '감독', 'https://kleague-admin-test.s3.ap-northeast-2.amazonaws.com/v1/player/player_20050032.jpg', 5),
	(8, '피지컬코치', '정훈기', '감독', 'https://kleague-admin-test.s3.ap-northeast-2.amazonaws.com', 5),
	(9, '코치', '조성래', '감독', 'https://kleague-admin-test.s3.ap-northeast-2.amazonaws.com/v1/player/player_20040136.jpg', 5),
	(10, '코치', '황은찬', '감독', 'https://kleague-admin-test.s3.ap-northeast-2.amazonaws.com', 5),
	(11, 'No.1', '백종범', 'gk', 'https://kleague-admin-test.s3.ap-northeast-2.amazonaws.com/v1/player/2023/K09/player_20190154.png', 5),
	(12, 'No.23', '서주환', 'gk', 'https://kleague-admin-test.s3.ap-northeast-2.amazonaws.com/v1/player/2023/K09/player_20200040.png', 5),
	(13, 'No.21', '최철원', 'gk', 'https://kleague-admin-test.s3.ap-northeast-2.amazonaws.com/v1/player/2023/K09/player_20160136.png', 5),
	(14, 'No.18', '황성민', 'gk', 'https://kleague-admin-test.s3.ap-northeast-2.amazonaws.com/v1/player/2023/K09/player_20130349.png', 5),
	(15, 'No.91', '강상희', 'df', 'https://kleague-admin-test.s3.ap-northeast-2.amazonaws.com/v1/player/2023/K09/player_20200025.png', 5),
	(16, 'No.3', '권완규', 'df', 'https://kleague-admin-test.s3.ap-northeast-2.amazonaws.com/v1/player/2023/K09/player_20140118.png', 5),
	(17, 'No.30', '김주성', 'df', 'https://kleague-admin-test.s3.ap-northeast-2.amazonaws.com/v1/player/2023/K09/player_20190160.png', 5),
	(18, 'No.17', '김진야', 'df', 'https://kleague-admin-test.s3.ap-northeast-2.amazonaws.com/v1/player/2023/K09/player_20170166.png', 5),
	(19, 'No.20', '김현덕', 'df', 'https://kleague-admin-test.s3.ap-northeast-2.amazonaws.com/v1/player/2023/K09/player_20230085.png', 5),
	(20, 'No.40', '박성훈', 'df', 'https://kleague-admin-test.s3.ap-northeast-2.amazonaws.com/v1/player/2023/K09/player_20220163.png', 5),
	(21, 'No.96', '박수일', 'df', 'https://kleague-admin-test.s3.ap-northeast-2.amazonaws.com/v1/player/2023/K09/player_20180233.png', 5),
	(22, 'No.22', '이시영', 'df', 'https://kleague-admin-test.s3.ap-northeast-2.amazonaws.com/v1/player/2023/K09/player_20180093.png', 5),
	(23, 'No.39', '이지석', 'df', 'https://kleague-admin-test.s3.ap-northeast-2.amazonaws.com/v1/player/2023/K09/player_20230090.png', 5),
	(24, 'No.88', '이태석', 'df', 'https://kleague-admin-test.s3.ap-northeast-2.amazonaws.com/v1/player/2023/K09/player_20210173.png', 5),
	(25, 'No.32', '조영광', 'df', 'https://kleague-admin-test.s3.ap-northeast-2.amazonaws.com/v1/player/2023/K09/player_20230087.png', 5),
	(26, 'No.2', '황현수', 'df', 'https://kleague-admin-test.s3.ap-northeast-2.amazonaws.com/v1/player/2023/K09/player_20140075.png', 5),
	(27, 'No.13', '고요한', 'mf', 'https://kleague-admin-test.s3.ap-northeast-2.amazonaws.com/v1/player/player_20040082.png', 5),
	(28, 'No.6', '기성용', 'mf', 'https://kleague-admin-test.s3.ap-northeast-2.amazonaws.com/v1/player/2023/K09/player_20060073.png', 5),
	(29, 'No.77', '김성민', 'mf', 'https://kleague-admin-test.s3.ap-northeast-2.amazonaws.com/v1/player/2023/K09/player_20230092.png', 5),
	(30, 'No.28', '김윤겸', 'mf', 'https://kleague-admin-test.s3.ap-northeast-2.amazonaws.com/v1/player/2023/K09/player_20230086.png', 5),
	(31, 'No.42', '박장한결', 'mf', 'https://kleague-admin-test.s3.ap-northeast-2.amazonaws.com/v1/player/2023/K09/player_20220164.png', 5),
	(32, 'No.35', '백상훈', 'mf', 'https://kleague-admin-test.s3.ap-northeast-2.amazonaws.com/v1/player/2023/K09/player_20210169.png', 5),
	(33, 'No.31', '서재민', 'mf', 'https://kleague-admin-test.s3.ap-northeast-2.amazonaws.com/v1/player/2023/K09/player_20220279.png', 5),
	(34, 'No.36', '안재민', 'mf', 'https://kleague-admin-test.s3.ap-northeast-2.amazonaws.com/v1/player/2023/K09/player_20230088.png', 5),
	(35, 'No.5', '오스마르', 'mf', 'https://kleague-admin-test.s3.ap-northeast-2.amazonaws.com/v1/player/2023/K09/player_20140067.png', 5),
	(36, 'No.94', '윌리안', 'mf', 'https://kleague-admin-test.s3.ap-northeast-2.amazonaws.com/v1/player/player_20190291.png', 5),
	(37, 'No.8', '이승모', 'mf', 'https://kleague-admin-test.s3.ap-northeast-2.amazonaws.com/v1/player/player_20170052.png', 5),
	(38, 'No.72', '이승준', 'mf', 'https://kleague-admin-test.s3.ap-northeast-2.amazonaws.com/v1/player/2023/K09/player_20230091.png', 5),
	(39, 'No.24', '정현철', 'mf', 'https://kleague-admin-test.s3.ap-northeast-2.amazonaws.com/v1/player/2023/K09/player_20150014.png', 5),
	(40, 'No.26', '팔로세비치', 'mf', 'https://kleague-admin-test.s3.ap-northeast-2.amazonaws.com/v1/player/2023/K09/player_20190349.png', 5),
	(41, 'No.66', '한승규', 'mf', 'https://kleague-admin-test.s3.ap-northeast-2.amazonaws.com/v1/player/2023/K09/player_20170028.png', 5),
	(42, 'No.81', '황도윤', 'mf', 'https://kleague-admin-test.s3.ap-northeast-2.amazonaws.com/v1/player/2023/K09/player_20230093.png', 5),
	(43, 'No.11', '강성진', 'fw', 'https://kleague-admin-test.s3.ap-northeast-2.amazonaws.com/v1/player/2023/K09/player_20210079.png', 5),
	(44, 'No.19', '김경민', 'fw', 'https://kleague-admin-test.s3.ap-northeast-2.amazonaws.com/v1/player/player_20180077.png', 5),
	(45, 'No.9', '김신진', 'fw', 'https://kleague-admin-test.s3.ap-northeast-2.amazonaws.com/v1/player/2023/K09/player_20220166.png', 5),
	(46, 'No.7', '나상호', 'fw', 'https://kleague-admin-test.s3.ap-northeast-2.amazonaws.com/v1/player/2023/K09/player_20170096.png', 5),
	(47, 'No.25', '비욘존슨', 'fw', 'https://kleague-admin-test.s3.ap-northeast-2.amazonaws.com/v1/player/2023/K09/player_20200058.png', 5),
	(48, 'No.37', '손승범', 'fw', 'https://kleague-admin-test.s3.ap-northeast-2.amazonaws.com/v1/player/2023/K09/player_20230089.png', 5),
	(49, 'No.99', '아이에쉬', 'fw', 'https://kleague-admin-test.s3.ap-northeast-2.amazonaws.com', 5),
	(50, 'No.90', '일류첸코', 'fw', 'https://kleague-admin-test.s3.ap-northeast-2.amazonaws.com/v1/player/2023/K09/player_20190347.png', 5),
	(51, 'No.14', '임상협', 'fw', 'https://kleague-admin-test.s3.ap-northeast-2.amazonaws.com/v1/player/2023/K09/player_20090031.png', 5),
	(52, 'No.10', '지동원', 'fw', 'https://kleague-admin-test.s3.ap-northeast-2.amazonaws.com/v1/player/2023/K09/player_20100042.png', 5),
	(53, 'GK코치', '권찬수', '감독', 'https://kleague-admin-test.s3.ap-northeast-2.amazonaws.com/v1/player/player_19990045.jpg', 9),
	(54, '코치', '김성재1', '감독', 'https://kleague-admin-test.s3.ap-northeast-2.amazonaws.com/v1/player/player_19990046.png', 9),
	(55, '전력분석관', '김정훈', '감독', 'https://kleague-admin-test.s3.ap-northeast-2.amazonaws.com/v1/player/player_20140235.jpg', 9),
	(56, 'GK코치', '김태수', '감독', 'https://kleague-admin-test.s3.ap-northeast-2.amazonaws.com/v1/player/player_20030033.jpg', 9),
	(57, '전력분석관', '송석화', '감독', 'https://kleague-admin-test.s3.ap-northeast-2.amazonaws.com', 9),
	(58, '피지컬코치', '시몬', '감독', 'https://kleague-admin-test.s3.ap-northeast-2.amazonaws.com', 9),
	(59, '스카우터', '유영길', '감독', 'https://kleague-admin-test.s3.ap-northeast-2.amazonaws.com', 9),
	(60, '감독', '윤정환', '감독', 'https://kleague-admin-test.s3.ap-northeast-2.amazonaws.com/v1/player/player_19970118.jpg', 9),
	(61, '코치', '이정열', '감독', 'https://kleague-admin-test.s3.ap-northeast-2.amazonaws.com/v1/player/player_20040075.jpg', 9),
	(62, '코치', '이진행', '감독', 'https://kleague-admin-test.s3.ap-northeast-2.amazonaws.com/v1/player/player_19970042.jpg', 9),
	(63, '코치', '정경호', '감독', 'https://kleague-admin-test.s3.ap-northeast-2.amazonaws.com/v1/player/player_20030069.jpg', 9),
	(64, '코치', '최재수', '감독', 'https://kleague-admin-test.s3.ap-northeast-2.amazonaws.com/v1/player/player_20040077.jpg', 9),
	(65, '피지컬코치', '히카르두', '감독', 'https://kleague-admin-test.s3.ap-northeast-2.amazonaws.com', 9),
	(66, '피지컬코치', 'SILVA SANTOS NELSON ', '감독', 'https://kleague-admin-test.s3.ap-northeast-2.amazonaws.com', 9),
	(67, 'No.1', '유상훈', 'gk', 'https://kleague-admin-test.s3.ap-northeast-2.amazonaws.com/v1/player/2023/K21/player_20110094.png', 9),
	(68, 'No.31', '이광연', 'gk', 'https://kleague-admin-test.s3.ap-northeast-2.amazonaws.com/v1/player/2023/K21/player_20190058.png', 9),
	(69, 'No.41', '조민규', 'gk', 'https://kleague-admin-test.s3.ap-northeast-2.amazonaws.com/v1/player/2023/K21/player_20230068.png', 9),
	(70, 'No.74', '강투지', 'df', 'https://kleague-admin-test.s3.ap-northeast-2.amazonaws.com/v1/player/player_20230308.png', 9),
	(71, 'No.42', '권석주', 'df', 'https://kleague-admin-test.s3.ap-northeast-2.amazonaws.com/v1/player/player_20220065.png', 9),
	(72, 'No.38', '김기환', 'df', 'https://kleague-admin-test.s3.ap-northeast-2.amazonaws.com/v1/player/2023/K21/player_20210113.png', 9),
	(73, 'No.2', '김영빈', 'df', 'https://kleague-admin-test.s3.ap-northeast-2.amazonaws.com/v1/player/2023/K21/player_20140143.png', 9),
	(74, 'No.21', '김우석', 'df', 'https://kleague-admin-test.s3.ap-northeast-2.amazonaws.com/v1/player/2023/K21/player_20160090.png', 9),
	(75, 'No.28', '김주형', 'df', 'https://kleague-admin-test.s3.ap-northeast-2.amazonaws.com', 9),
	(76, 'No.24', '김진호', 'df', 'https://kleague-admin-test.s3.ap-northeast-2.amazonaws.com/v1/player/2023/K21/player_20220053.png', 9),
	(77, 'No.66', '류광현', 'df', 'https://kleague-admin-test.s3.ap-northeast-2.amazonaws.com', 9),
	(78, 'No.17', '유인수', 'df', 'https://kleague-admin-test.s3.ap-northeast-2.amazonaws.com/v1/player/2023/K21/player_20200103.png', 9),
	(79, 'No.20', '윤석영', 'df', 'https://kleague-admin-test.s3.ap-northeast-2.amazonaws.com/v1/player/2023/K21/player_20090093.png', 9),
	(80, 'No.45', '이강한', 'df', 'https://kleague-admin-test.s3.ap-northeast-2.amazonaws.com/v1/player/2023/K21/player_20200080.png', 9),
	(81, 'No.30', '이동진', 'df', 'https://kleague-admin-test.s3.ap-northeast-2.amazonaws.com/v1/player/2023/K21/player_20230065.png', 9),
	(82, 'No.5', '이웅희', 'df', 'https://kleague-admin-test.s3.ap-northeast-2.amazonaws.com/v1/player/2023/K21/player_20110112.png', 9),
	(83, 'No.3', '이지솔', 'df', 'https://kleague-admin-test.s3.ap-northeast-2.amazonaws.com/v1/player/player_20180220.png', 9),
	(84, 'No.36', '이지우', 'df', 'https://kleague-admin-test.s3.ap-northeast-2.amazonaws.com/v1/player/2023/K21/player_20220058.png', 9),
	(85, 'No.44', '전현병', 'df', 'https://kleague-admin-test.s3.ap-northeast-2.amazonaws.com/v1/player/2023/K21/player_20230069.png', 9),
	(86, 'No.26', '조현태', 'df', 'https://kleague-admin-test.s3.ap-northeast-2.amazonaws.com', 9),
	(87, 'No.13', '강지훈', 'mf', 'https://kleague-admin-test.s3.ap-northeast-2.amazonaws.com/v1/player/2023/K21/player_20180108.png', 9),
	(88, 'No.32', '고민석', 'mf', 'https://kleague-admin-test.s3.ap-northeast-2.amazonaws.com/v1/player/2023/K21/player_20230066.png', 9),
	(89, 'No.14', '김대우', 'mf', 'https://kleague-admin-test.s3.ap-northeast-2.amazonaws.com/v1/player/2023/K21/player_20210115.png', 9),
	(90, 'No.37', '김현규', 'mf', 'https://kleague-admin-test.s3.ap-northeast-2.amazonaws.com/v1/player/2023/K21/player_20220059.png', 9),
	(91, 'No.4', '서민우', 'mf', 'https://kleague-admin-test.s3.ap-northeast-2.amazonaws.com/v1/player/2023/K21/player_20200077.png', 9),
	(92, 'No.6', '알리바예프', 'mf', 'https://kleague-admin-test.s3.ap-northeast-2.amazonaws.com/v1/player/2023/K21/player_20190163.png', 9),
	(93, 'No.33', '이승원', 'mf', 'https://kleague-admin-test.s3.ap-northeast-2.amazonaws.com/v1/player/2023/K21/player_20230067.png', 9),
	(94, 'No.15', '이재원', 'mf', 'https://kleague-admin-test.s3.ap-northeast-2.amazonaws.com/v1/player/2023/K21/player_20190139.png', 9),
	(95, 'No.8', '한국영', 'mf', 'https://kleague-admin-test.s3.ap-northeast-2.amazonaws.com/v1/player/2023/K21/player_20170283.png', 9),
	(96, 'No.46', '홍성무', 'mf', 'https://kleague-admin-test.s3.ap-northeast-2.amazonaws.com/v1/player/2023/K21/player_20220064.png', 9),
	(97, 'No.88', '황문기', 'mf', 'https://kleague-admin-test.s3.ap-northeast-2.amazonaws.com/v1/player/2023/K21/player_20200303.png', 9),
	(98, 'No.63', '가브리엘', 'fw', 'https://kleague-admin-test.s3.ap-northeast-2.amazonaws.com', 9),
	(99, 'No.11', '갈레고', 'fw', 'https://kleague-admin-test.s3.ap-northeast-2.amazonaws.com/v1/player/2023/K21/player_20220353.png', 9),
	(100, 'No.10', '김대원', 'fw', 'https://kleague-admin-test.s3.ap-northeast-2.amazonaws.com/v1/player/player_20160098.png', 9),
	(101, 'No.43', '김해승', 'fw', 'https://kleague-admin-test.s3.ap-northeast-2.amazonaws.com/v1/player/2023/K21/player_20220063.png', 9),
	(102, 'No.16', '박기현', 'fw', 'https://kleague-admin-test.s3.ap-northeast-2.amazonaws.com/v1/player/2023/K21/player_20220342.png', 9),
	(103, 'No.35', '박상혁', 'fw', 'https://kleague-admin-test.s3.ap-northeast-2.amazonaws.com/v1/player/2023/K21/player_20210116.png', 9),
	(104, 'No.9', '야고', 'fw', 'https://kleague-admin-test.s3.ap-northeast-2.amazonaws.com/v1/player/player_20230315.png', 9),
	(105, 'No.93', '웰링턴', 'fw', 'https://kleague-admin-test.s3.ap-northeast-2.amazonaws.com', 9),
	(106, 'No.73', '윤일록', 'fw', 'https://kleague-admin-test.s3.ap-northeast-2.amazonaws.com/v1/player/2023/K01/player_20110157.png', 9),
	(107, 'No.18', '이정협', 'fw', 'https://kleague-admin-test.s3.ap-northeast-2.amazonaws.com/v1/player/2023/K21/player_20130131.png', 9),
	(108, 'No.19', '조진혁', 'fw', 'https://kleague-admin-test.s3.ap-northeast-2.amazonaws.com/v1/player/2023/K21/player_20230064.png', 9),
	(109, 'No.39', '최성민', 'fw', 'https://kleague-admin-test.s3.ap-northeast-2.amazonaws.com/v1/player/player_20220061.png', 9),
	(110, 'No.29', '홍석환', 'fw', 'https://kleague-admin-test.s3.ap-northeast-2.amazonaws.com/v1/player/2023/K21/player_20220062.png', 9),
	(111, '피지컬코치', '김경도', '감독', 'https://kleague-admin-test.s3.ap-northeast-2.amazonaws.com', 10),
	(112, '전력분석관', '김진교', '감독', 'https://kleague-admin-test.s3.ap-northeast-2.amazonaws.com/v1/player/player_20200257.png', 10),
	(113, '전력분석관', '박원교', '감독', 'https://kleague-admin-test.s3.ap-northeast-2.amazonaws.com', 10),
	(114, 'GK코치', '신정환', '감독', 'https://kleague-admin-test.s3.ap-northeast-2.amazonaws.com/v1/player/player_20080036.jpg', 10),
	(115, '코치', '이정규', '감독', 'https://kleague-admin-test.s3.ap-northeast-2.amazonaws.com/v1/player/player_20050037.jpg', 10),
	(116, '감독', '이정효', '감독', 'https://kleague-admin-test.s3.ap-northeast-2.amazonaws.com/v1/player/2023/K22/player_19980384.png', 10),
	(117, '전력분석관', '이태식', '감독', 'https://kleague-admin-test.s3.ap-northeast-2.amazonaws.com', 10),
	(118, '스카우터', '정철호', '감독', 'https://kleague-admin-test.s3.ap-northeast-2.amazonaws.com/v1/player/player_19980146.jpg', 10),
	(119, '코치', '조용태', '감독', 'https://kleague-admin-test.s3.ap-northeast-2.amazonaws.com/v1/player/player_20080069.jpg', 10),
	(120, 'No.1', '김경민', 'gk', 'https://kleague-admin-test.s3.ap-northeast-2.amazonaws.com/v1/player/2023/K22/player_20140102.png', 10),
	(121, 'No.41', '김태준', 'gk', 'https://kleague-admin-test.s3.ap-northeast-2.amazonaws.com/v1/player/2023/K22/player_20230083.png', 10),
	(122, 'No.31', '노희동', 'gk', 'https://kleague-admin-test.s3.ap-northeast-2.amazonaws.com/v1/player/2023/K22/player_20220148.png', 10),
	(123, 'No.21', '이준', 'gk', 'https://kleague-admin-test.s3.ap-northeast-2.amazonaws.com/v1/player/2023/K22/player_20190116.png', 10),
	(124, 'No.15', '김경재', 'df', 'https://kleague-admin-test.s3.ap-northeast-2.amazonaws.com/v1/player/player_20160068.png', 10),
	(125, 'No.27', '김동국', 'df', 'https://kleague-admin-test.s3.ap-northeast-2.amazonaws.com/v1/player/2023/K22/player_20220173.png', 10),
	(126, 'No.4', '김승우', 'df', 'https://kleague-admin-test.s3.ap-northeast-2.amazonaws.com/v1/player/2023/K22/player_20190132.png', 10),
	(127, 'No.10', '김한길', 'df', 'https://kleague-admin-test.s3.ap-northeast-2.amazonaws.com/v1/player/player_20170048.png', 10),
	(128, 'No.28', '아론', 'df', 'https://kleague-admin-test.s3.ap-northeast-2.amazonaws.com/v1/player/2023/K22/player_20220286.png', 10),
	(129, 'No.6', '안영규', 'df', 'https://kleague-admin-test.s3.ap-northeast-2.amazonaws.com/v1/player/2023/K22/player_20120116.png', 10),
	(130, 'No.3', '이민기', 'df', 'https://kleague-admin-test.s3.ap-northeast-2.amazonaws.com/v1/player/2023/K22/player_20160072.png', 10),
	(131, 'No.22', '이상기', 'df', 'https://kleague-admin-test.s3.ap-northeast-2.amazonaws.com/v1/player/2023/K22/player_20170188.png', 10),
	(132, 'No.8', '이으뜸', 'df', 'https://kleague-admin-test.s3.ap-northeast-2.amazonaws.com/v1/player/2023/K22/player_20130335.png', 10),
	(133, 'No.5', '티모', 'df', 'https://kleague-admin-test.s3.ap-northeast-2.amazonaws.com/v1/player/2023/K22/player_20230084.png', 10),
	(134, 'No.33', '박한빈', 'mf', 'https://kleague-admin-test.s3.ap-northeast-2.amazonaws.com/v1/player/2023/K22/player_20160097.png', 10),
	(135, 'No.7', '엄지성', 'mf', 'https://kleague-admin-test.s3.ap-northeast-2.amazonaws.com/v1/player/2023/K22/player_20210150.png', 10),
	(136, 'No.29', '여봉훈', 'mf', 'https://kleague-admin-test.s3.ap-northeast-2.amazonaws.com/v1/player/player_20170200.png', 10),
	(137, 'No.75', '오후성', 'mf', 'https://kleague-admin-test.s3.ap-northeast-2.amazonaws.com/v1/player/player_20180127.png', 10),
	(138, 'No.24', '이강현', 'mf', 'https://kleague-admin-test.s3.ap-northeast-2.amazonaws.com/v1/player/2023/K22/player_20210136.png', 10),
	(139, 'No.44', '이순민', 'mf', 'https://kleague-admin-test.s3.ap-northeast-2.amazonaws.com/v1/player/2023/K22/player_20170097.png', 10),
	(140, 'No.14', '정호연', 'mf', 'https://kleague-admin-test.s3.ap-northeast-2.amazonaws.com/v1/player/2023/K22/player_20220145.png', 10),
	(141, 'No.20', '최준혁', 'mf', 'https://kleague-admin-test.s3.ap-northeast-2.amazonaws.com/v1/player/2023/K22/player_20180106.png', 10),
	(142, 'No.13', '두현석', 'fw', 'https://kleague-admin-test.s3.ap-northeast-2.amazonaws.com/v1/player/2023/K22/player_20180153.png', 10),
	(143, 'No.99', '베카', 'fw', 'https://kleague-admin-test.s3.ap-northeast-2.amazonaws.com/v1/player/player_20230305.png', 10),
	(144, 'No.17', '신창무', 'fw', 'https://kleague-admin-test.s3.ap-northeast-2.amazonaws.com/v1/player/2023/K22/player_20140134.png', 10),
	(145, 'No.11', '아사니', 'fw', 'https://kleague-admin-test.s3.ap-northeast-2.amazonaws.com/v1/player/2023/K22/player_20230079.png', 10),
	(146, 'No.18', '이건희', 'fw', 'https://kleague-admin-test.s3.ap-northeast-2.amazonaws.com/v1/player/2023/K22/player_20200164.png', 10),
	(147, 'No.16', '이희균', 'fw', 'https://kleague-admin-test.s3.ap-northeast-2.amazonaws.com/v1/player/2023/K22/player_20190171.png', 10),
	(148, 'No.23', '정지훈', 'fw', 'https://kleague-admin-test.s3.ap-northeast-2.amazonaws.com/v1/player/2023/K22/player_20230080.png', 10),
	(149, 'No.32', '주영재', 'fw', 'https://kleague-admin-test.s3.ap-northeast-2.amazonaws.com/v1/player/2023/K22/player_20230082.png', 10),
	(150, 'No.30', '토마스', 'fw', 'https://kleague-admin-test.s3.ap-northeast-2.amazonaws.com/v1/player/2023/K22/player_20230081.png', 10),
	(151, 'No.19', '하승운', 'fw', 'https://kleague-admin-test.s3.ap-northeast-2.amazonaws.com/v1/player/2023/K22/player_20190114.png', 10),
	(152, 'No.9', '허율', 'fw', 'https://kleague-admin-test.s3.ap-northeast-2.amazonaws.com/v1/player/2023/K22/player_20200099.png', 10),
	(153, '코치', '마철준', '감독', 'https://kleague-admin-test.s3.ap-northeast-2.amazonaws.com/v1/player/player_20040122.jpg', 7),
	(154, '전력분석관', '박준철', '감독', 'https://kleague-admin-test.s3.ap-northeast-2.amazonaws.com', 7),
	(155, '코치', '베네디토', '감독', 'https://kleague-admin-test.s3.ap-northeast-2.amazonaws.com/v1/player/player_20170277.jpg', 7),
	(156, '코치', '윌랜더', '감독', 'https://kleague-admin-test.s3.ap-northeast-2.amazonaws.com', 7),
	(157, 'GK코치', '이용발', '감독', 'https://kleague-admin-test.s3.ap-northeast-2.amazonaws.com/v1/player/player_19980138.jpg', 7),
	(158, '피지컬코치', '이종현', '감독', 'https://kleague-admin-test.s3.ap-northeast-2.amazonaws.com/v1/player/player_20100299.jpg', 7),
	(159, '코치', '이주영', '감독', 'https://kleague-admin-test.s3.ap-northeast-2.amazonaws.com', 7),
	(160, '코치', '정선호', '감독', 'https://kleague-admin-test.s3.ap-northeast-2.amazonaws.com/v1/player/player_20130162.jpg', 7),
	(161, '코치', '정철영', '감독', 'https://kleague-admin-test.s3.ap-northeast-2.amazonaws.com', 7),
	(162, '감독', '최원권', '감독', 'https://kleague-admin-test.s3.ap-northeast-2.amazonaws.com/v1/player/2023/K17/player_20000118.png', 7),
	(163, 'No.21', '오승훈', 'gk', 'https://kleague-admin-test.s3.ap-northeast-2.amazonaws.com/v1/player/2023/K17/player_20150043.png', 7),
	(164, 'No.88', '이준희', 'gk', 'https://kleague-admin-test.s3.ap-northeast-2.amazonaws.com/v1/player/2023/K17/player_20150149.png', 7),
	(165, 'No.1', '최영은', 'gk', 'https://kleague-admin-test.s3.ap-northeast-2.amazonaws.com/v1/player/2023/K17/player_20180120.png', 7),
	(166, 'No.51', '한지율', 'gk', 'https://kleague-admin-test.s3.ap-northeast-2.amazonaws.com/v1/player/2023/K17/player_20220110.png', 7),
	(167, 'No.31', '한태희', 'gk', 'https://kleague-admin-test.s3.ap-northeast-2.amazonaws.com/v1/player/2023/K17/player_20230051.png', 7),
	(168, 'No.20', '김강산', 'df', 'https://kleague-admin-test.s3.ap-northeast-2.amazonaws.com/v1/player/2023/K17/player_20200136.png', 7),
	(169, 'No.44', '김리관', 'df', 'https://kleague-admin-test.s3.ap-northeast-2.amazonaws.com/v1/player/2023/K17/player_20220109.png', 7),
	(170, 'No.7', '김진혁', 'df', 'https://kleague-admin-test.s3.ap-northeast-2.amazonaws.com/v1/player/2023/K17/player_20150030.png', 7),
	(171, 'No.39', '박재경', 'df', 'https://kleague-admin-test.s3.ap-northeast-2.amazonaws.com/v1/player/2023/K17/player_20190025.png', 7),
	(172, 'No.29', '박재현', 'df', 'https://kleague-admin-test.s3.ap-northeast-2.amazonaws.com/v1/player/2023/K17/player_20220107.png', 7),
	(173, 'No.34', '손승우', 'df', 'https://kleague-admin-test.s3.ap-northeast-2.amazonaws.com/v1/player/2023/K17/player_20210132.png', 7),
	(174, 'No.43', '유지운', 'df', 'https://kleague-admin-test.s3.ap-northeast-2.amazonaws.com/v1/player/2023/K17/player_20230025.png', 7),
	(175, 'No.35', '윤태민', 'df', 'https://kleague-admin-test.s3.ap-northeast-2.amazonaws.com/v1/player/2023/K17/player_20230024.png', 7),
	(176, 'No.15', '이원우', 'df', 'https://kleague-admin-test.s3.ap-northeast-2.amazonaws.com/v1/player/2023/K17/player_20220103.png', 7),
	(177, 'No.26', '이진용', 'df', 'https://kleague-admin-test.s3.ap-northeast-2.amazonaws.com/v1/player/2023/K17/player_20200084.png', 7),
	(178, 'No.5', '장성원', 'df', 'https://kleague-admin-test.s3.ap-northeast-2.amazonaws.com/v1/player/2023/K17/player_20180128.png', 7),
	(179, 'No.42', '정윤서', 'df', 'https://kleague-admin-test.s3.ap-northeast-2.amazonaws.com/v1/player/2023/K17/player_20230052.png', 7),
	(180, 'No.66', '조진우', 'df', 'https://kleague-admin-test.s3.ap-northeast-2.amazonaws.com/v1/player/2023/K17/player_20200089.png', 7),
	(181, 'No.18', '케이타', 'df', 'https://kleague-admin-test.s3.ap-northeast-2.amazonaws.com/v1/player/2023/K17/player_20220105.png', 7),
	(182, 'No.6', '홍정운', 'df', 'https://kleague-admin-test.s3.ap-northeast-2.amazonaws.com/v1/player/2023/K17/player_20160123.png', 7),
	(183, 'No.33', '홍철', 'df', 'https://kleague-admin-test.s3.ap-northeast-2.amazonaws.com/v1/player/2023/K17/player_20100014.png', 7),
	(184, 'No.2', '황재원', 'df', 'https://kleague-admin-test.s3.ap-northeast-2.amazonaws.com/v1/player/2023/K17/player_20220106.png', 7),
	(185, 'No.17', '고재현', 'mf', 'https://kleague-admin-test.s3.ap-northeast-2.amazonaws.com/v1/player/2023/K17/player_20180123.png', 7),
	(186, 'No.36', '김희승', 'mf', 'https://kleague-admin-test.s3.ap-northeast-2.amazonaws.com/v1/player/player_20210133.png', 7),
	(187, 'No.14', '박세진', 'mf', 'https://kleague-admin-test.s3.ap-northeast-2.amazonaws.com/v1/player/2023/K17/player_20230049.png', 7),
	(188, 'No.38', '배수민', 'mf', 'https://kleague-admin-test.s3.ap-northeast-2.amazonaws.com/v1/player/2023/K17/player_20220108.png', 7),
	(189, 'No.13', '벨톨라', 'mf', 'https://kleague-admin-test.s3.ap-northeast-2.amazonaws.com', 7),
	(190, 'No.25', '서도협', 'mf', 'https://kleague-admin-test.s3.ap-northeast-2.amazonaws.com/v1/player/2023/K17/player_20230023.png', 7),
	(191, 'No.74', '이용래', 'mf', 'https://kleague-admin-test.s3.ap-northeast-2.amazonaws.com/v1/player/2023/K17/player_20090076.png', 7),
	(192, 'No.28', '최민기', 'mf', 'https://kleague-admin-test.s3.ap-northeast-2.amazonaws.com/v1/player/player_20210129.png', 7),
	(193, 'No.27', '김동현', 'fw', 'https://kleague-admin-test.s3.ap-northeast-2.amazonaws.com/v1/player/2023/K17/player_20220258.png', 7),
	(194, 'No.19', '김영준', 'fw', 'https://kleague-admin-test.s3.ap-northeast-2.amazonaws.com/v1/player/2023/K17/player_20230050.png', 7),
	(195, 'No.99', '바셀루스', 'fw', 'https://kleague-admin-test.s3.ap-northeast-2.amazonaws.com/v1/player/2023/K17/player_20230027.png', 7),
	(196, 'No.30', '박용희', 'fw', 'https://kleague-admin-test.s3.ap-northeast-2.amazonaws.com/v1/player/2023/K17/player_20220270.png', 7),
	(197, 'No.11', '세징야', 'fw', 'https://kleague-admin-test.s3.ap-northeast-2.amazonaws.com/v1/player/2023/K17/player_20160237.png', 7),
	(198, 'No.40', '신한결', 'fw', 'https://kleague-admin-test.s3.ap-northeast-2.amazonaws.com/v1/player/2023/K17/player_20200087.png', 7),
	(199, 'No.3', '안창민', 'fw', 'https://kleague-admin-test.s3.ap-northeast-2.amazonaws.com/v1/player/2023/K17/player_20200088.png', 7),
	(200, 'No.9', '에드가', 'fw', 'https://kleague-admin-test.s3.ap-northeast-2.amazonaws.com/v1/player/2023/K17/player_20180294.png', 7),
	(201, 'No.22', '이근호', 'fw', 'https://kleague-admin-test.s3.ap-northeast-2.amazonaws.com/v1/player/2023/K17/player_20040044.png', 7),
	(202, 'No.37', '이종훈', 'fw', 'https://kleague-admin-test.s3.ap-northeast-2.amazonaws.com/v1/player/2023/K17/player_20210134.png', 7),
	(203, 'No.16', '전용준', 'fw', 'https://kleague-admin-test.s3.ap-northeast-2.amazonaws.com/v1/player/2023/K17/player_20220104.png', 7),
	(204, '코치', '김경량', '감독', 'https://kleague-admin-test.s3.ap-northeast-2.amazonaws.com/v1/player/player_19970155.jpg', 6),
	(205, '전력분석관', '김동현', '감독', 'https://kleague-admin-test.s3.ap-northeast-2.amazonaws.com', 6),
	(206, '코치', '김종영', '감독', 'https://kleague-admin-test.s3.ap-northeast-2.amazonaws.com/old/img/player/player_20170165.png', 6),
	(207, '전력분석관', '김혁중', '감독', 'https://kleague-admin-test.s3.ap-northeast-2.amazonaws.com/v1/player/player_20140234.jpg', 6),
	(208, '피지컬코치', '박근영', '감독', 'https://kleague-admin-test.s3.ap-northeast-2.amazonaws.com', 6),
	(209, '코치', '박원홍', '감독', 'https://kleague-admin-test.s3.ap-northeast-2.amazonaws.com/v1/player/player_20060007.jpg', 6),
	(210, '코치', '배효성', '감독', 'https://kleague-admin-test.s3.ap-northeast-2.amazonaws.com/v1/player/player_20040114.jpg', 6),
	(211, '전력분석관', '이동재', '감독', 'https://kleague-admin-test.s3.ap-northeast-2.amazonaws.com', 6),
	(212, '감독', '이민성', '감독', 'https://kleague-admin-test.s3.ap-northeast-2.amazonaws.com/v1/player/2023/K10/player_19970178.png', 6),
	(213, 'GK코치', '이선형', '감독', 'https://kleague-admin-test.s3.ap-northeast-2.amazonaws.com', 6),
	(214, '코치', '정광석', '감독', 'https://kleague-admin-test.s3.ap-northeast-2.amazonaws.com/old/img/player/player_19970177.png', 6),
	(215, '코치', '정광석', '감독', 'https://kleague-admin-test.s3.ap-northeast-2.amazonaws.com', 6),
	(216, '코치', '조바노프스키', '감독', 'https://kleague-admin-test.s3.ap-northeast-2.amazonaws.com/v1/player/player_20170044.jpg', 6),
	(217, '코치', '진경선', '감독', 'https://kleague-admin-test.s3.ap-northeast-2.amazonaws.com/v1/player/player_20030012.jpg', 6),
	(218, 'No.51', '배상필', 'gk', 'https://kleague-admin-test.s3.ap-northeast-2.amazonaws.com/v1/player/2023/K10/player_20230022.png', 6),
	(219, 'No.41', '안태윤', 'gk', 'https://kleague-admin-test.s3.ap-northeast-2.amazonaws.com/v1/player/2023/K10/player_20200314.png', 6),
	(220, 'No.25', '이준서', 'gk', 'https://kleague-admin-test.s3.ap-northeast-2.amazonaws.com/v1/player/player_20210125.png', 6),
	(221, 'No.1', '이창근', 'gk', 'https://kleague-admin-test.s3.ap-northeast-2.amazonaws.com/v1/player/2023/K10/player_20120148.png', 6),
	(222, 'No.23', '정산', 'gk', 'https://kleague-admin-test.s3.ap-northeast-2.amazonaws.com/v1/player/2023/K10/player_20090162.png', 6),
	(223, 'No.71', '강윤성', 'df', 'https://kleague-admin-test.s3.ap-northeast-2.amazonaws.com/v1/player/player_20160037.png', 6),
	(224, 'No.3', '김민덕', 'df', 'https://kleague-admin-test.s3.ap-northeast-2.amazonaws.com/v1/player/2023/K10/player_20190041.png', 6),
	(225, 'No.26', '김지훈', 'df', 'https://kleague-admin-test.s3.ap-northeast-2.amazonaws.com/v1/player/2023/K10/player_20190197.png', 6),
	(226, 'No.32', '김태현', 'df', 'https://kleague-admin-test.s3.ap-northeast-2.amazonaws.com/v1/player/2023/K10/player_20220096.png', 6),
	(227, 'No.4', '김현우', 'df', 'https://kleague-admin-test.s3.ap-northeast-2.amazonaws.com/v1/player/player_20220248.png', 6),
	(228, 'No.24', '배서준', 'df', 'https://kleague-admin-test.s3.ap-northeast-2.amazonaws.com/v1/player/player_20220094.jpg', 6),
	(229, 'No.15', '변준수', 'df', 'https://kleague-admin-test.s3.ap-northeast-2.amazonaws.com/v1/player/2023/K10/player_20200317.png', 6),
	(230, 'No.2', '서영재', 'df', 'https://kleague-admin-test.s3.ap-northeast-2.amazonaws.com/v1/player/2023/K10/player_20200310.png', 6),
	(231, 'No.98', '안톤', 'df', 'https://kleague-admin-test.s3.ap-northeast-2.amazonaws.com/v1/player/2023/K10/player_20230048.png', 6),
	(232, 'No.22', '오재석', 'df', 'https://kleague-admin-test.s3.ap-northeast-2.amazonaws.com/v1/player/2023/K10/player_20100126.png', 6),
	(233, 'No.46', '이동원', 'df', 'https://kleague-admin-test.s3.ap-northeast-2.amazonaws.com/v1/player/2023/K10/player_20230020.png', 6),
	(234, 'No.66', '이선호', 'df', 'https://kleague-admin-test.s3.ap-northeast-2.amazonaws.com/v1/player/2023/K10/player_20220098.png', 6),
	(235, 'No.27', '이종현', 'df', 'https://kleague-admin-test.s3.ap-northeast-2.amazonaws.com/v1/player/2023/K10/player_20200125.png', 6),
	(236, 'No.55', '이한빈', 'df', 'https://kleague-admin-test.s3.ap-northeast-2.amazonaws.com/v1/player/2023/K10/player_20220099.png', 6),
	(237, 'No.17', '이현식', 'df', 'https://kleague-admin-test.s3.ap-northeast-2.amazonaws.com/v1/player/2023/K10/player_20180110.png', 6),
	(238, 'No.5', '임덕근', 'df', 'https://kleague-admin-test.s3.ap-northeast-2.amazonaws.com/v1/player/2023/K10/player_20190127.png', 6),
	(239, 'No.31', '임유석', 'df', 'https://kleague-admin-test.s3.ap-northeast-2.amazonaws.com/v1/player/2023/K10/player_20230016.png', 6),
	(240, 'No.37', '정강민', 'df', 'https://kleague-admin-test.s3.ap-northeast-2.amazonaws.com/v1/player/2023/K10/player_20230017.png', 6),
	(241, 'No.47', '정원식', 'df', 'https://kleague-admin-test.s3.ap-northeast-2.amazonaws.com/v1/player/2023/K10/player_20230021.png', 6),
	(242, 'No.20', '조유민', 'df', 'https://kleague-admin-test.s3.ap-northeast-2.amazonaws.com/v1/player/2023/K10/player_20180174.png', 6),
	(243, 'No.34', '최재현', 'df', 'https://kleague-admin-test.s3.ap-northeast-2.amazonaws.com/v1/player/2023/K10/player_20170180.png', 6),
	(244, 'No.16', '김경환', 'mf', 'https://kleague-admin-test.s3.ap-northeast-2.amazonaws.com/v1/player/2023/K10/player_20230014.png', 6),
	(245, 'No.29', '김도윤', 'mf', 'https://kleague-admin-test.s3.ap-northeast-2.amazonaws.com/v1/player/2023/K10/player_20230015.png', 6),
	(246, 'No.14', '김영욱', 'mf', 'https://kleague-admin-test.s3.ap-northeast-2.amazonaws.com/v1/player/2023/K10/player_20100041.png', 6),
	(247, 'No.11', '김인균', 'mf', 'https://kleague-admin-test.s3.ap-northeast-2.amazonaws.com/v1/player/2023/K10/player_20200174.png', 6),
	(248, 'No.30', '이은재', 'mf', 'https://kleague-admin-test.s3.ap-northeast-2.amazonaws.com/v1/player/2023/K10/player_20220095.png', 6),
	(249, 'No.97', '이진현', 'mf', 'https://kleague-admin-test.s3.ap-northeast-2.amazonaws.com/v1/player/2023/K10/player_20180296.png', 6),
	(250, 'No.6', '임은수', 'mf', 'https://kleague-admin-test.s3.ap-northeast-2.amazonaws.com/v1/player/2023/K10/player_20180193.png', 6),
	(251, 'No.42', '정진우', 'mf', 'https://kleague-admin-test.s3.ap-northeast-2.amazonaws.com/v1/player/2023/K10/player_20230018.png', 6),
	(252, 'No.8', '주세종', 'mf', 'https://kleague-admin-test.s3.ap-northeast-2.amazonaws.com/v1/player/2023/K10/player_20120151.png', 6),
	(253, 'No.99', '구텍', 'fw', 'https://kleague-admin-test.s3.ap-northeast-2.amazonaws.com/v1/player/player_20230325.png', 6),
	(254, 'No.70', '레안드로', 'fw', 'https://kleague-admin-test.s3.ap-northeast-2.amazonaws.com/v1/player/2023/K10/player_20200151.png', 6),
	(255, 'No.7', '마사', 'fw', 'https://kleague-admin-test.s3.ap-northeast-2.amazonaws.com/v1/player/2023/K10/player_20190209.png', 6),
	(256, 'No.19', '신상은', 'fw', 'https://kleague-admin-test.s3.ap-northeast-2.amazonaws.com/v1/player/2023/K10/player_20210123.png', 6),
	(257, 'No.10', '유강현', 'fw', 'https://kleague-admin-test.s3.ap-northeast-2.amazonaws.com/v1/player/2023/K10/player_20150151.png', 6),
	(258, 'No.43', '유선우', 'fw', 'https://kleague-admin-test.s3.ap-northeast-2.amazonaws.com/v1/player/2023/K10/player_20230019.png', 6),
	(259, 'No.77', '이선유', 'fw', 'https://kleague-admin-test.s3.ap-northeast-2.amazonaws.com/v1/player/2023/K10/player_20220101.png', 6),
	(260, 'No.13', '전병관', 'fw', 'https://kleague-admin-test.s3.ap-northeast-2.amazonaws.com/v1/player/2023/K10/player_20210124.png', 6),
	(261, 'No.58', '정우빈', 'fw', 'https://kleague-admin-test.s3.ap-northeast-2.amazonaws.com/v1/player/player_20220091.png', 6),
	(262, 'No.28', '티아고', 'fw', 'https://kleague-admin-test.s3.ap-northeast-2.amazonaws.com/v1/player/2023/K10/player_20220244.png', 6),
	(263, '코치', '기현서', '감독', 'https://kleague-admin-test.s3.ap-northeast-2.amazonaws.com/v1/player/player_20060115.jpg', 11),
	(264, '감독', '김도균', '감독', 'https://kleague-admin-test.s3.ap-northeast-2.amazonaws.com/v1/player/2023/K29/player_19990058.png', 11),
	(265, '스카우터', '김성근', '감독', 'https://kleague-admin-test.s3.ap-northeast-2.amazonaws.com/v1/player/player_20000110.jpg', 11),
	(266, 'GK코치', '김성수', '감독', 'https://kleague-admin-test.s3.ap-northeast-2.amazonaws.com/v1/player/player_19980834.jpg', 11),
	(267, '코치', '김영삼', '감독', 'https://kleague-admin-test.s3.ap-northeast-2.amazonaws.com/v1/player/player_20050069.jpg', 11),
	(268, '피지컬코치', '박성준', '감독', 'https://kleague-admin-test.s3.ap-northeast-2.amazonaws.com', 11),
	(269, '코치', '양동현', '감독', 'https://kleague-admin-test.s3.ap-northeast-2.amazonaws.com/v1/player/2023/K29/player_20050073.png', 11),
	(270, '코치', '이정수', '감독', 'https://kleague-admin-test.s3.ap-northeast-2.amazonaws.com/v1/player/player_20020099.jpg', 11),
	(271, '전력분석관', '최용욱', '감독', 'https://kleague-admin-test.s3.ap-northeast-2.amazonaws.com', 11),
	(272, '전력분석관', '최정탁', '감독', 'https://kleague-admin-test.s3.ap-northeast-2.amazonaws.com', 11),
	(273, '피지컬코치', 'Almeida Goncalves ti', '감독', 'https://kleague-admin-test.s3.ap-northeast-2.amazonaws.com', 11),
	(274, 'No.17', '노동건', 'gk', 'https://kleague-admin-test.s3.ap-northeast-2.amazonaws.com/v1/player/2023/K29/player_20140078.png', 11),
	(275, 'No.1', '박배종', 'gk', 'https://kleague-admin-test.s3.ap-northeast-2.amazonaws.com/v1/player/player_20130322.png', 11),
	(276, 'No.31', '이범영', 'gk', 'https://kleague-admin-test.s3.ap-northeast-2.amazonaws.com/v1/player/2023/K29/player_20080039.png', 11),
	(277, 'No.61', '이재훈', 'gk', 'https://kleague-admin-test.s3.ap-northeast-2.amazonaws.com', 11),
	(278, 'No.32', '곽동준', 'df', 'https://kleague-admin-test.s3.ap-northeast-2.amazonaws.com/v1/player/2023/K29/player_20230057.png', 11),
	(279, 'No.24', '김주엽', 'df', 'https://kleague-admin-test.s3.ap-northeast-2.amazonaws.com/v1/player/2023/K29/player_20190187.png', 11),
	(280, 'No.66', '박병현', 'df', 'https://kleague-admin-test.s3.ap-northeast-2.amazonaws.com/v1/player/2023/K29/player_20160005.png', 11),
	(281, 'No.3', '박철우', 'df', 'https://kleague-admin-test.s3.ap-northeast-2.amazonaws.com/v1/player/2023/K29/player_20220139.png', 11),
	(282, 'No.30', '신세계', 'df', 'https://kleague-admin-test.s3.ap-northeast-2.amazonaws.com/v1/player/2023/K29/player_20110246.png', 11),
	(283, 'No.13', '오인표', 'df', 'https://kleague-admin-test.s3.ap-northeast-2.amazonaws.com/v1/player/2023/K29/player_20220189.png', 11),
	(284, 'No.25', '우고 고메스', 'df', 'https://kleague-admin-test.s3.ap-northeast-2.amazonaws.com/v1/player/player_20230319.png', 11),
	(285, 'No.88', '이용', 'df', 'https://kleague-admin-test.s3.ap-northeast-2.amazonaws.com/v1/player/player_20100096.png', 11),
	(286, 'No.27', '이태섭', 'df', 'https://kleague-admin-test.s3.ap-northeast-2.amazonaws.com/v1/player/2023/K29/player_20230060.png', 11),
	(287, 'No.5', '잭슨', 'df', 'https://kleague-admin-test.s3.ap-northeast-2.amazonaws.com/v1/player/2023/K29/player_20210304.png', 11),
	(288, 'No.2', '정동호', 'df', 'https://kleague-admin-test.s3.ap-northeast-2.amazonaws.com/v1/player/player_20140039.png', 11),
	(289, 'No.21', '최보경', 'df', 'https://kleague-admin-test.s3.ap-northeast-2.amazonaws.com/v1/player/player_20110015.png', 11),
	(290, 'No.19', '김규형', 'mf', 'https://kleague-admin-test.s3.ap-northeast-2.amazonaws.com/v1/player/2023/K29/player_20220171.png', 11),
	(291, 'No.71', '김도윤', 'mf', 'https://kleague-admin-test.s3.ap-northeast-2.amazonaws.com', 11),
	(292, 'No.55', '김선민', 'mf', 'https://kleague-admin-test.s3.ap-northeast-2.amazonaws.com/v1/player/player_20140040.png', 11),
	(293, 'No.34', '김예성', 'mf', 'https://kleague-admin-test.s3.ap-northeast-2.amazonaws.com/v1/player/2023/K29/player_20230061.png', 11),
	(294, 'No.35', '서승우', 'mf', 'https://kleague-admin-test.s3.ap-northeast-2.amazonaws.com/v1/player/2023/K29/player_20230062.png', 11),
	(295, 'No.89', '안치우', 'mf', 'https://kleague-admin-test.s3.ap-northeast-2.amazonaws.com', 11),
	(296, 'No.14', '윤빛가람', 'mf', 'https://kleague-admin-test.s3.ap-northeast-2.amazonaws.com/v1/player/2023/K29/player_20100079.png', 11),
	(297, 'No.28', '이영재', 'mf', 'https://kleague-admin-test.s3.ap-northeast-2.amazonaws.com/v1/player/player_20150104.png', 11),
	(298, 'No.8', '정재용', 'mf', 'https://kleague-admin-test.s3.ap-northeast-2.amazonaws.com/v1/player/2023/K29/player_20130345.png', 11),
	(299, 'No.20', '황순민', 'mf', 'https://kleague-admin-test.s3.ap-northeast-2.amazonaws.com/v1/player/2023/K29/player_20120091.png', 11),
	(300, 'No.96', '강민성', 'fw', 'https://kleague-admin-test.s3.ap-northeast-2.amazonaws.com', 11),
	(301, 'No.91', '김재현', 'fw', 'https://kleague-admin-test.s3.ap-northeast-2.amazonaws.com/v1/player/player_20230304.png', 11),
	(302, 'No.7', '김현', 'fw', 'https://kleague-admin-test.s3.ap-northeast-2.amazonaws.com/v1/player/2023/K29/player_20120011.png', 11),
	(303, 'No.10', '로페즈', 'fw', 'https://kleague-admin-test.s3.ap-northeast-2.amazonaws.com/v1/player/player_20150198.png', 11),
	(304, 'No.37', '바우테르손', 'fw', 'https://kleague-admin-test.s3.ap-northeast-2.amazonaws.com/v1/player/player_20230320.png', 11),
	(305, 'No.22', '이광혁', 'fw', 'https://kleague-admin-test.s3.ap-northeast-2.amazonaws.com/v1/player/2023/K29/player_20140035.png', 11),
	(306, 'No.11', '이승우', 'fw', 'https://kleague-admin-test.s3.ap-northeast-2.amazonaws.com/v1/player/2023/K29/player_20220042.png', 11),
	(307, 'No.29', '장재웅', 'fw', 'https://kleague-admin-test.s3.ap-northeast-2.amazonaws.com/v1/player/2023/K29/player_20220047.png', 11),
	(308, 'No.77', '정은우', 'fw', 'https://kleague-admin-test.s3.ap-northeast-2.amazonaws.com/v1/player/2023/K29/player_20230055.png', 11),
	(309, 'No.16', '정재윤', 'fw', 'https://kleague-admin-test.s3.ap-northeast-2.amazonaws.com/v1/player/player_20220044.png', 11),
	(310, '코치', '김상록', '감독', 'https://kleague-admin-test.s3.ap-northeast-2.amazonaws.com/v1/player/player_20010059.jpg', 1),
	(311, '스카우터', '김영기', '감독', 'https://kleague-admin-test.s3.ap-northeast-2.amazonaws.com/old/img/player/player_19980439.png', 1),
	(312, '전력분석관', '김형철', '감독', 'https://kleague-admin-test.s3.ap-northeast-2.amazonaws.com', 1),
	(313, '코치', '박주영', '감독', 'https://kleague-admin-test.s3.ap-northeast-2.amazonaws.com/v1/player/2023/K01/player_20050094.png', 1),
	(314, 'GK코치', '양지원', '감독', 'https://kleague-admin-test.s3.ap-northeast-2.amazonaws.com/v1/player/player_19980410.jpg', 1),
	(315, '코치', '이경수', '감독', 'https://kleague-admin-test.s3.ap-northeast-2.amazonaws.com/v1/player/player_19970058.jpg', 1),
	(316, '전력분석관', '이순석', '감독', 'https://kleague-admin-test.s3.ap-northeast-2.amazonaws.com/v1/player/player_20100024.jpg', 1),
	(317, '코치', '조광수', '감독', 'https://kleague-admin-test.s3.ap-northeast-2.amazonaws.com', 1),
	(318, '감독', '홍명보', '감독', 'https://kleague-admin-test.s3.ap-northeast-2.amazonaws.com/v1/player/2023/K01/player_19970096.png', 1),
	(319, '코치', 'IKEDASEIGO', '감독', 'https://kleague-admin-test.s3.ap-northeast-2.amazonaws.com', 1),
	(320, 'No.77', '민동환', 'gk', 'https://kleague-admin-test.s3.ap-northeast-2.amazonaws.com/v1/player/2023/K01/player_20200047.png', 1),
	(321, 'No.28', '설현빈', 'gk', 'https://kleague-admin-test.s3.ap-northeast-2.amazonaws.com/v1/player/player_20220190.png', 1),
	(322, 'No.1', '조수혁', 'gk', 'https://kleague-admin-test.s3.ap-northeast-2.amazonaws.com/v1/player/2023/K01/player_20080055.png', 1),
	(323, 'No.21', '조현우', 'gk', 'https://kleague-admin-test.s3.ap-northeast-2.amazonaws.com/v1/player/2023/K01/player_20130156.png', 1),
	(324, 'No.44', '김기희', 'df', 'https://kleague-admin-test.s3.ap-northeast-2.amazonaws.com/v1/player/2023/K01/player_20110119.png', 1),
	(325, 'No.19', '김영권', 'df', 'https://kleague-admin-test.s3.ap-northeast-2.amazonaws.com/v1/player/2023/K01/player_20220188.png', 1),
	(326, 'No.23', '김태환', 'df', 'https://kleague-admin-test.s3.ap-northeast-2.amazonaws.com/v1/player/2023/K01/player_20100052.png', 1),
	(327, 'No.66', '설영우', 'df', 'https://kleague-admin-test.s3.ap-northeast-2.amazonaws.com/v1/player/2023/K01/player_20200046.png', 1),
	(328, 'No.13', '이명재', 'df', 'https://kleague-admin-test.s3.ap-northeast-2.amazonaws.com/v1/player/2023/K01/player_20140041.png', 1),
	(329, 'No.5', '임종은', 'df', 'https://kleague-admin-test.s3.ap-northeast-2.amazonaws.com/v1/player/2023/K01/player_20090025.png', 1),
	(330, 'No.3', '장시영', 'df', 'https://kleague-admin-test.s3.ap-northeast-2.amazonaws.com/v1/player/2023/K01/player_20230044.png', 1),
	(331, 'No.15', '정승현', 'df', 'https://kleague-admin-test.s3.ap-northeast-2.amazonaws.com/v1/player/2023/K01/player_20150109.png', 1),
	(332, 'No.26', '조현택', 'df', 'https://kleague-admin-test.s3.ap-northeast-2.amazonaws.com/v1/player/2023/K01/player_20200055.png', 1),
	(333, 'No.30', '강윤구', 'mf', 'https://kleague-admin-test.s3.ap-northeast-2.amazonaws.com/v1/player/2023/K01/player_20210192.png', 1),
	(334, 'No.22', '김민혁', 'mf', 'https://kleague-admin-test.s3.ap-northeast-2.amazonaws.com/v1/player/player_20150157.png', 1),
	(335, 'No.16', '김성준', 'mf', 'https://kleague-admin-test.s3.ap-northeast-2.amazonaws.com/v1/player/2023/K01/player_20090125.png', 1),
	(336, 'No.17', '루빅손', 'mf', 'https://kleague-admin-test.s3.ap-northeast-2.amazonaws.com/v1/player/2023/K01/player_20230105.png', 1),
	(337, 'No.10', '바코', 'mf', 'https://kleague-admin-test.s3.ap-northeast-2.amazonaws.com/v1/player/2023/K01/player_20210225.png', 1),
	(338, 'No.8', '보야니치', 'mf', 'https://kleague-admin-test.s3.ap-northeast-2.amazonaws.com/v1/player/2023/K01/player_20230108.png', 1),
	(339, 'No.31', '아타루', 'mf', 'https://kleague-admin-test.s3.ap-northeast-2.amazonaws.com/v1/player/2023/K01/player_20230106.png', 1),
	(340, 'No.11', '엄원상', 'mf', 'https://kleague-admin-test.s3.ap-northeast-2.amazonaws.com/v1/player/2023/K01/player_20190172.png', 1),
	(341, 'No.24', '이규성', 'mf', 'https://kleague-admin-test.s3.ap-northeast-2.amazonaws.com/v1/player/2023/K01/player_20150050.png', 1),
	(342, 'No.14', '이동경', 'mf', 'https://kleague-admin-test.s3.ap-northeast-2.amazonaws.com/v1/player/player_20180088.png', 1),
	(343, 'No.36', '이재욱', 'mf', 'https://kleague-admin-test.s3.ap-northeast-2.amazonaws.com/v1/player/2023/K01/player_20230107.png', 1),
	(344, 'No.27', '이청용', 'mf', 'https://kleague-admin-test.s3.ap-northeast-2.amazonaws.com/v1/player/2023/K01/player_20040081.png', 1),
	(345, 'No.29', '황재환', 'mf', 'https://kleague-admin-test.s3.ap-northeast-2.amazonaws.com/v1/player/2023/K01/player_20220334.png', 1),
	(346, 'No.96', '김지현', 'fw', 'https://kleague-admin-test.s3.ap-northeast-2.amazonaws.com/v1/player/player_20180118.png', 1),
	(347, 'No.9', '마틴 아담', 'fw', 'https://kleague-admin-test.s3.ap-northeast-2.amazonaws.com/v1/player/2023/K01/player_20220357.png', 1),
	(348, 'No.18', '주민규', 'fw', 'https://kleague-admin-test.s3.ap-northeast-2.amazonaws.com/v1/player/2023/K01/player_20130248.png', 1),
	(349, '스카우터', '김광석', '감독', 'https://kleague-admin-test.s3.ap-northeast-2.amazonaws.com/v1/player/player_20020069.png', 8),
	(350, 'GK코치', '김이섭', '감독', 'https://kleague-admin-test.s3.ap-northeast-2.amazonaws.com/v1/player/player_19970106.jpg', 8),
	(351, '코치', '김재성', '감독', 'https://kleague-admin-test.s3.ap-northeast-2.amazonaws.com/v1/player/2023/K32/player_20050012.png', 8),
	(352, '스카우터', '김한윤', '감독', 'https://kleague-admin-test.s3.ap-northeast-2.amazonaws.com/v1/player/player_19970122.jpg', 8),
	(353, '코치', '박용호', '감독', 'https://kleague-admin-test.s3.ap-northeast-2.amazonaws.com/v1/player/player_20000119.jpg', 8),
	(354, '코치', '변재섭', '감독', 'https://kleague-admin-test.s3.ap-northeast-2.amazonaws.com/v1/player/player_19970149.jpg', 8),
	(355, '피지컬코치', '오지우', '감독', 'https://kleague-admin-test.s3.ap-northeast-2.amazonaws.com', 8),
	(356, '전력분석관', '육태훈', '감독', 'https://kleague-admin-test.s3.ap-northeast-2.amazonaws.com', 8),
	(357, '코치', '임중용', '감독', 'https://kleague-admin-test.s3.ap-northeast-2.amazonaws.com/v1/player/player_19990041.jpg', 8),
	(358, '감독', '조성환', '감독', 'https://kleague-admin-test.s3.ap-northeast-2.amazonaws.com/v1/player/2023/K18/player_19970131.png', 8),
	(359, '코치', '최영근', '감독', 'https://kleague-admin-test.s3.ap-northeast-2.amazonaws.com/v1/player/player_19980378.jpg', 8),
	(360, 'No.1', '김동헌', 'gk', 'https://kleague-admin-test.s3.ap-northeast-2.amazonaws.com/v1/player/2023/K18/player_20190064.png', 8),
	(361, 'No.29', '김유성', 'gk', 'https://kleague-admin-test.s3.ap-northeast-2.amazonaws.com/v1/player/2023/K18/player_20200097.png', 8),
	(362, 'No.23', '민성준', 'gk', 'https://kleague-admin-test.s3.ap-northeast-2.amazonaws.com/v1/player/2023/K18/player_20200019.png', 8),
	(363, 'No.21', '이태희', 'gk', 'https://kleague-admin-test.s3.ap-northeast-2.amazonaws.com/v1/player/2023/K18/player_20140100.png', 8),
	(364, 'No.13', '강윤구', 'df', 'https://kleague-admin-test.s3.ap-northeast-2.amazonaws.com/v1/player/2023/K18/player_20180266.png', 8),
	(365, 'No.55', '권한진', 'df', 'https://kleague-admin-test.s3.ap-northeast-2.amazonaws.com/v1/player/2023/K18/player_20160169.png', 8),
	(366, 'No.44', '김건희', 'df', 'https://kleague-admin-test.s3.ap-northeast-2.amazonaws.com/v1/player/2023/K18/player_20230053.png', 8),
	(367, 'No.47', '김동민', 'df', 'https://kleague-admin-test.s3.ap-northeast-2.amazonaws.com/v1/player/2023/K18/player_20170170.png', 8),
	(368, 'No.3', '김연수', 'df', 'https://kleague-admin-test.s3.ap-northeast-2.amazonaws.com/v1/player/player_20170245.png', 8),
	(369, 'No.17', '김준엽', 'df', 'https://kleague-admin-test.s3.ap-northeast-2.amazonaws.com/v1/player/2023/K18/player_20100167.png', 8),
	(370, 'No.20', '델브리지', 'df', 'https://kleague-admin-test.s3.ap-northeast-2.amazonaws.com/v1/player/2023/K18/player_20210092.png', 8),
	(371, 'No.6', '문지환', 'df', 'https://kleague-admin-test.s3.ap-northeast-2.amazonaws.com/v1/player/2023/K18/player_20170147.png', 8),
	(372, 'No.4', '오반석', 'df', 'https://kleague-admin-test.s3.ap-northeast-2.amazonaws.com/v1/player/2023/K18/player_20110065.png', 8),
	(373, 'No.15', '임형진', 'df', 'https://kleague-admin-test.s3.ap-northeast-2.amazonaws.com/v1/player/2023/K18/player_20230028.png', 8),
	(374, 'No.14', '정동윤', 'df', 'https://kleague-admin-test.s3.ap-northeast-2.amazonaws.com/v1/player/2023/K18/player_20160236.png', 8),
	(375, 'No.7', '김도혁', 'mf', 'https://kleague-admin-test.s3.ap-northeast-2.amazonaws.com/v1/player/2023/K18/player_20140095.png', 8),
	(376, 'No.66', '김세훈', 'mf', 'https://kleague-admin-test.s3.ap-northeast-2.amazonaws.com/v1/player/2023/K18/player_20230033.png', 8),
	(377, 'No.33', '김현서', 'mf', 'https://kleague-admin-test.s3.ap-northeast-2.amazonaws.com/v1/player/2023/K18/player_20230030.png', 8),
	(378, 'No.28', '민경현', 'mf', 'https://kleague-admin-test.s3.ap-northeast-2.amazonaws.com/v1/player/2023/K18/player_20220112.png', 8),
	(379, 'No.38', '박진홍', 'mf', 'https://kleague-admin-test.s3.ap-northeast-2.amazonaws.com/v1/player/2023/K18/player_20230032.png', 8),
	(380, 'No.26', '박현빈', 'mf', 'https://kleague-admin-test.s3.ap-northeast-2.amazonaws.com/v1/player/2023/K18/player_20220114.png', 8),
	(381, 'No.8', '신진호', 'mf', 'https://kleague-admin-test.s3.ap-northeast-2.amazonaws.com/v1/player/2023/K18/player_20110043.png', 8),
	(382, 'No.40', '음포쿠', 'mf', 'https://kleague-admin-test.s3.ap-northeast-2.amazonaws.com/v1/player/2023/K18/player_20230078.png', 8),
	(383, 'No.5', '이명주', 'mf', 'https://kleague-admin-test.s3.ap-northeast-2.amazonaws.com/v1/player/2023/K18/player_20120127.png', 8),
	(384, 'No.30', '최우진', 'mf', 'https://kleague-admin-test.s3.ap-northeast-2.amazonaws.com/v1/player/2023/K18/player_20230029.png', 8),
	(385, 'No.50', '김대중', 'fw', 'https://kleague-admin-test.s3.ap-northeast-2.amazonaws.com/v1/player/player_20140094.png', 8),
	(386, 'No.25', '김민석', 'fw', 'https://kleague-admin-test.s3.ap-northeast-2.amazonaws.com/v1/player/2023/K18/player_20200094.png', 8),
	(387, 'No.27', '김보섭', 'fw', 'https://kleague-admin-test.s3.ap-northeast-2.amazonaws.com/v1/player/2023/K18/player_20170171.png', 8),
	(388, 'No.9', '무고사', 'fw', 'https://kleague-admin-test.s3.ap-northeast-2.amazonaws.com/v1/player/player_20180196.png', 8),
	(389, 'No.77', '박승호', 'fw', 'https://kleague-admin-test.s3.ap-northeast-2.amazonaws.com/v1/player/2023/K18/player_20230054.png', 8),
	(390, 'No.10', '에르난데스', 'fw', 'https://kleague-admin-test.s3.ap-northeast-2.amazonaws.com/v1/player/2023/K18/player_20200312.png', 8),
	(391, 'No.11', '제르소', 'fw', 'https://kleague-admin-test.s3.ap-northeast-2.amazonaws.com/v1/player/2023/K18/player_20210223.png', 8),
	(392, 'No.99', '천성훈', 'fw', 'https://kleague-admin-test.s3.ap-northeast-2.amazonaws.com/v1/player/2023/K18/player_20230034.png', 8),
	(393, 'No.35', '하동선', 'fw', 'https://kleague-admin-test.s3.ap-northeast-2.amazonaws.com/v1/player/2023/K18/player_20230031.png', 8),
	(394, 'No.37', '홍시후', 'fw', 'https://kleague-admin-test.s3.ap-northeast-2.amazonaws.com/v1/player/2023/K18/player_20200105.png', 8),
	(395, '전력분석관', '김규범', '감독', 'https://kleague-admin-test.s3.ap-northeast-2.amazonaws.com', 4),
	(396, '전력분석관', '김기현', '감독', 'https://kleague-admin-test.s3.ap-northeast-2.amazonaws.com', 4),
	(397, '코치', '김두현', '감독', 'https://kleague-admin-test.s3.ap-northeast-2.amazonaws.com/v1/player/player_20010071.jpg', 4),
	(398, '스카우터', '김성진', '감독', 'https://kleague-admin-test.s3.ap-northeast-2.amazonaws.com/v1/player/player_20020079.jpg', 4),
	(399, '스카우터', '노종건', '감독', 'https://kleague-admin-test.s3.ap-northeast-2.amazonaws.com/v1/player/player_20040040.jpg', 4),
	(400, '코치', '박원재', '감독', 'https://kleague-admin-test.s3.ap-northeast-2.amazonaws.com/v1/player/player_20030105.jpg', 4),
	(401, '코치', '발레리우', '감독', 'https://kleague-admin-test.s3.ap-northeast-2.amazonaws.com', 4),
	(402, '코치', '보그단', '감독', 'https://kleague-admin-test.s3.ap-northeast-2.amazonaws.com', 4),
	(403, '코치', '안대현', '감독', 'https://kleague-admin-test.s3.ap-northeast-2.amazonaws.com/v1/player/player_20000019.jpg', 4),
	(404, '코치', '안재석', '감독', 'https://kleague-admin-test.s3.ap-northeast-2.amazonaws.com/v1/player/player_20000024.jpg', 4),
	(405, '전력분석관', '이선구', '감독', 'https://kleague-admin-test.s3.ap-northeast-2.amazonaws.com', 4),
	(406, '코치', '이세준', '감독', 'https://kleague-admin-test.s3.ap-northeast-2.amazonaws.com/v1/player/player_20030103.jpg', 4),
	(407, 'GK코치', '이운재', '감독', 'https://kleague-admin-test.s3.ap-northeast-2.amazonaws.com/v1/player/player_19970035.jpg', 4),
	(408, 'GK코치', '정부선', '감독', 'https://kleague-admin-test.s3.ap-northeast-2.amazonaws.com', 4),
	(409, '스카우터', '정훈', '감독', 'https://kleague-admin-test.s3.ap-northeast-2.amazonaws.com/v1/player/player_20080077.jpg', 4),
	(410, '전력분석관', '조성환', '감독', 'https://kleague-admin-test.s3.ap-northeast-2.amazonaws.com/v1/player/player_20010075.jpg', 4),
	(411, 'GK코치', '최은성', '감독', 'https://kleague-admin-test.s3.ap-northeast-2.amazonaws.com/v1/player/player_19970298.jpg', 4),
	(412, '감독', '페트레스쿠', '감독', 'https://kleague-admin-test.s3.ap-northeast-2.amazonaws.com', 4),
	(413, '피지컬코치', 'PEZZO FERNANDES FELI', '감독', 'https://kleague-admin-test.s3.ap-northeast-2.amazonaws.com', 4),
	(414, '전력분석관', 'ROH DONG HYUN', '감독', 'https://kleague-admin-test.s3.ap-northeast-2.amazonaws.com', 4),
	(415, 'No.51', '공시현', 'gk', 'https://kleague-admin-test.s3.ap-northeast-2.amazonaws.com', 4),
	(416, 'No.1', '김정훈', 'gk', 'https://kleague-admin-test.s3.ap-northeast-2.amazonaws.com/v1/player/player_20190375.png', 4),
	(417, 'No.71', '김태양', 'gk', 'https://kleague-admin-test.s3.ap-northeast-2.amazonaws.com', 4),
	(418, 'No.41', '박범수', 'gk', 'https://kleague-admin-test.s3.ap-northeast-2.amazonaws.com/v1/player/2023/K05/player_20230013.png', 4),
	(419, 'No.61', '전지완', 'gk', 'https://kleague-admin-test.s3.ap-northeast-2.amazonaws.com', 4),
	(420, 'No.13', '정민기', 'gk', 'https://kleague-admin-test.s3.ap-northeast-2.amazonaws.com/v1/player/player_20180199.png', 4),
	(421, 'No.15', '구자룡', 'df', 'https://kleague-admin-test.s3.ap-northeast-2.amazonaws.com/v1/player/2023/K05/player_20110035.png', 4),
	(422, 'No.23', '김진수', 'df', 'https://kleague-admin-test.s3.ap-northeast-2.amazonaws.com/v1/player/2023/K05/player_20170185.png', 4),
	(423, 'No.55', '노윤상', 'df', 'https://kleague-admin-test.s3.ap-northeast-2.amazonaws.com/v1/player/2023/K05/player_20210117.png', 4),
	(424, 'No.4', '박진섭', 'df', 'https://kleague-admin-test.s3.ap-northeast-2.amazonaws.com/v1/player/2023/K05/player_20180188.png', 4),
	(425, 'No.70', '박창우', 'df', 'https://kleague-admin-test.s3.ap-northeast-2.amazonaws.com/v1/player/player_20220081.png', 4),
	(426, 'No.94', '안현범', 'df', 'https://kleague-admin-test.s3.ap-northeast-2.amazonaws.com/v1/player/player_20150101.png', 4),
	(427, 'No.77', '유수환', 'df', 'https://kleague-admin-test.s3.ap-northeast-2.amazonaws.com/v1/player/2023/K05/player_20230075.png', 4),
	(428, 'No.34', '유예찬', 'df', 'https://kleague-admin-test.s3.ap-northeast-2.amazonaws.com/v1/player/2023/K05/player_20230072.png', 4),
	(429, 'No.5', '윤영선', 'df', 'https://kleague-admin-test.s3.ap-northeast-2.amazonaws.com/v1/player/2023/K05/player_20100012.png', 4),
	(430, 'No.40', '이우연', 'df', 'https://kleague-admin-test.s3.ap-northeast-2.amazonaws.com/v1/player/2023/K05/player_20220077.png', 4),
	(431, 'No.32', '정우재', 'df', 'https://kleague-admin-test.s3.ap-northeast-2.amazonaws.com/v1/player/2023/K04/player_20140209.png', 4),
	(432, 'No.3', '정태욱', 'df', 'https://kleague-admin-test.s3.ap-northeast-2.amazonaws.com/v1/player/2023/K05/player_20180020.png', 4),
	(433, 'No.25', '최철순', 'df', 'https://kleague-admin-test.s3.ap-northeast-2.amazonaws.com/v1/player/2023/K05/player_20060011.png', 4),
	(434, 'No.2', '페트라섹', 'df', 'https://kleague-admin-test.s3.ap-northeast-2.amazonaws.com/v1/player/player_20230309.png', 4),
	(435, 'No.31', '홍장우', 'df', 'https://kleague-admin-test.s3.ap-northeast-2.amazonaws.com/v1/player/2023/K05/player_20220074.png', 4),
	(436, 'No.26', '홍정호', 'df', 'https://kleague-admin-test.s3.ap-northeast-2.amazonaws.com/v1/player/2023/K05/player_20100163.png', 4),
	(437, 'No.35', '강영석', 'mf', 'https://kleague-admin-test.s3.ap-northeast-2.amazonaws.com/v1/player/2023/K05/player_20220240.png', 4),
	(438, 'No.63', '김래우', 'mf', 'https://kleague-admin-test.s3.ap-northeast-2.amazonaws.com/v1/player/2023/K05/player_20230073.png', 4),
	(439, 'No.66', '도재경', 'mf', 'https://kleague-admin-test.s3.ap-northeast-2.amazonaws.com/v1/player/2023/K05/player_20230074.png', 4),
	(440, 'No.29', '류재문', 'mf', 'https://kleague-admin-test.s3.ap-northeast-2.amazonaws.com/v1/player/2023/K05/player_20150035.png', 4),
	(441, 'No.28', '맹성웅', 'mf', 'https://kleague-admin-test.s3.ap-northeast-2.amazonaws.com/v1/player/2023/K05/player_20190084.png', 4),
	(442, 'No.8', '백승호', 'mf', 'https://kleague-admin-test.s3.ap-northeast-2.amazonaws.com/v1/player/2023/K05/player_20210271.png', 4),
	(443, 'No.57', '보아텡', 'mf', 'https://kleague-admin-test.s3.ap-northeast-2.amazonaws.com/v1/player/player_20230323.png', 4),
	(444, 'No.21', '아마노 준', 'mf', 'https://kleague-admin-test.s3.ap-northeast-2.amazonaws.com/v1/player/2023/K05/player_20220192.png', 4),
	(445, 'No.30', '오재혁', 'mf', 'https://kleague-admin-test.s3.ap-northeast-2.amazonaws.com/v1/player/player_20210108.png', 4),
	(446, 'No.16', '이수빈', 'mf', 'https://kleague-admin-test.s3.ap-northeast-2.amazonaws.com/v1/player/2023/K05/player_20190124.png', 4),
	(447, 'No.7', '한교원', 'mf', 'https://kleague-admin-test.s3.ap-northeast-2.amazonaws.com/v1/player/2023/K05/player_20110138.png', 4),
	(448, 'No.9', '구스타보', 'fw', 'https://kleague-admin-test.s3.ap-northeast-2.amazonaws.com/v1/player/2023/K05/player_20200311.png', 4),
	(449, 'No.99', '김창훈', 'fw', 'https://kleague-admin-test.s3.ap-northeast-2.amazonaws.com/v1/player/2023/K05/player_20230077.png', 4),
	(450, 'No.27', '문선민', 'fw', 'https://kleague-admin-test.s3.ap-northeast-2.amazonaws.com/v1/player/2023/K05/player_20170229.png', 4),
	(451, 'No.88', '박규민', 'fw', 'https://kleague-admin-test.s3.ap-northeast-2.amazonaws.com/v1/player/2023/K05/player_20220083.png', 4),
	(452, 'No.10', '박재용', 'fw', 'https://kleague-admin-test.s3.ap-northeast-2.amazonaws.com/v1/player/player_20220035.png', 4),
	(453, 'No.37', '박준범', 'fw', 'https://kleague-admin-test.s3.ap-northeast-2.amazonaws.com/v1/player/2023/K05/player_20220076.png', 4),
	(454, 'No.47', '박채준', 'fw', 'https://kleague-admin-test.s3.ap-northeast-2.amazonaws.com/v1/player/2023/K05/player_20210307.png', 4),
	(455, 'No.17', '송민규', 'fw', 'https://kleague-admin-test.s3.ap-northeast-2.amazonaws.com/v1/player/2023/K05/player_20180034.png', 4),
	(456, 'No.97', '안드레 루이스', 'fw', 'https://kleague-admin-test.s3.ap-northeast-2.amazonaws.com/v1/player/2023/K05/player_20200124.png', 4),
	(457, 'No.50', '윤도원', 'fw', 'https://kleague-admin-test.s3.ap-northeast-2.amazonaws.com/v1/player/player_20230336.png', 4),
	(458, 'No.79', '이규동', 'fw', 'https://kleague-admin-test.s3.ap-northeast-2.amazonaws.com/v1/player/2023/K05/player_20230076.png', 4),
	(459, 'No.11', '이동준', 'fw', 'https://kleague-admin-test.s3.ap-northeast-2.amazonaws.com/v1/player/player_20170121.png', 4),
	(460, 'No.24', '이성윤', 'fw', 'https://kleague-admin-test.s3.ap-northeast-2.amazonaws.com/v1/player/2023/K05/player_20190018.png', 4),
	(461, 'No.44', '이준호', 'fw', 'https://kleague-admin-test.s3.ap-northeast-2.amazonaws.com/v1/player/2023/K05/player_20220246.png', 4),
	(462, 'No.19', '하파 실바', 'fw', 'https://kleague-admin-test.s3.ap-northeast-2.amazonaws.com/v1/player/2023/K05/player_20230012.png', 4),
	(463, 'GK코치', '기우성', '감독', 'https://kleague-admin-test.s3.ap-northeast-2.amazonaws.com/v1/player/player_20150170.jpg', 3),
	(464, '스카우터', '김동영', '감독', 'https://kleague-admin-test.s3.ap-northeast-2.amazonaws.com/old/img/player/player_20160225.png', 3),
	(465, '전력분석관', '김영진', '감독', 'https://kleague-admin-test.s3.ap-northeast-2.amazonaws.com', 3),
	(466, '코치', '김효일', '감독', 'https://kleague-admin-test.s3.ap-northeast-2.amazonaws.com/v1/player/player_20030080.jpg', 3),
	(467, 'GK코치', '송유걸', '감독', 'https://kleague-admin-test.s3.ap-northeast-2.amazonaws.com/v1/player/player_20060109.jpg', 3),
	(468, '스카우터', '신현호', '감독', 'https://kleague-admin-test.s3.ap-northeast-2.amazonaws.com/v1/player/player_20000004.jpg', 3),
	(469, '스카우터', '심영성', '감독', 'https://kleague-admin-test.s3.ap-northeast-2.amazonaws.com/v1/player/player_20040126.jpg', 3),
	(470, '코치', '윤대성', '감독', 'https://kleague-admin-test.s3.ap-northeast-2.amazonaws.com', 3),
	(471, '피지컬코치', '장석민', '감독', 'https://kleague-admin-test.s3.ap-northeast-2.amazonaws.com/v1/player/player_20110178.jpg', 3),
	(472, '감독', '정조국', '감독', 'https://kleague-admin-test.s3.ap-northeast-2.amazonaws.com/v1/player/player_20030029.jpg', 3),
	(473, '코치', '최효진', '감독', 'https://kleague-admin-test.s3.ap-northeast-2.amazonaws.com/v1/player/player_20050087.jpg', 3),
	(474, '코치', '하대성', '감독', 'https://kleague-admin-test.s3.ap-northeast-2.amazonaws.com/v1/player/player_20040067.jpg', 3),
	(475, '코치', '한정국', '감독', 'https://kleague-admin-test.s3.ap-northeast-2.amazonaws.com/v1/player/player_19980178.jpg', 3),
	(476, 'No.41', '김근배', 'gk', 'https://kleague-admin-test.s3.ap-northeast-2.amazonaws.com/v1/player/2023/K04/player_20090153.png', 3),
	(477, 'No.1', '김동준', 'gk', 'https://kleague-admin-test.s3.ap-northeast-2.amazonaws.com/v1/player/2023/K04/player_20160156.png', 3),
	(478, 'No.21', '김형근', 'gk', 'https://kleague-admin-test.s3.ap-northeast-2.amazonaws.com/v1/player/2023/K04/player_20160010.png', 3),
	(479, 'No.23', '임준섭', 'gk', 'https://kleague-admin-test.s3.ap-northeast-2.amazonaws.com/v1/player/2023/K04/player_20220169.png', 3),
	(480, 'No.38', '곽승민', 'df', 'https://kleague-admin-test.s3.ap-northeast-2.amazonaws.com/v1/player/2023/K04/player_20230096.png', 3),
	(481, 'No.29', '김대환', 'df', 'https://kleague-admin-test.s3.ap-northeast-2.amazonaws.com/v1/player/2023/K04/player_20220254.png', 3),
	(482, 'No.20', '김오규', 'df', 'https://kleague-admin-test.s3.ap-northeast-2.amazonaws.com/v1/player/2023/K04/player_20110166.png', 3),
	(483, 'No.33', '박원재', 'df', 'https://kleague-admin-test.s3.ap-northeast-2.amazonaws.com/v1/player/player_20170036.png', 3),
	(484, 'No.4', '송주훈', 'df', 'https://kleague-admin-test.s3.ap-northeast-2.amazonaws.com/v1/player/2023/K04/player_20190049.png', 3),
	(485, 'No.2', '안태현', 'df', 'https://kleague-admin-test.s3.ap-northeast-2.amazonaws.com/v1/player/2023/K04/player_20160130.png', 3),
	(486, 'No.3', '연제운', 'df', 'https://kleague-admin-test.s3.ap-northeast-2.amazonaws.com/v1/player/2023/K04/player_20160157.png', 3),
	(487, 'No.32', '이주용', 'df', 'https://kleague-admin-test.s3.ap-northeast-2.amazonaws.com/v1/player/player_20140059.png', 3),
	(488, 'No.28', '임창우', 'df', 'https://kleague-admin-test.s3.ap-northeast-2.amazonaws.com/v1/player/player_20100101.png', 3),
	(489, 'No.26', '임채민', 'df', 'https://kleague-admin-test.s3.ap-northeast-2.amazonaws.com/v1/player/2023/K04/player_20130165.png', 3),
	(490, 'No.27', '전성진', 'df', 'https://kleague-admin-test.s3.ap-northeast-2.amazonaws.com/v1/player/2023/K04/player_20230094.png', 3),
	(491, 'No.13', '정운', 'df', 'https://kleague-admin-test.s3.ap-northeast-2.amazonaws.com/v1/player/2023/K27/player_20120108.png', 3),
	(492, 'No.5', '홍준호', 'df', 'https://kleague-admin-test.s3.ap-northeast-2.amazonaws.com/v1/player/player_20160076.png', 3),
	(493, 'No.7', '구자철', 'mf', 'https://kleague-admin-test.s3.ap-northeast-2.amazonaws.com/v1/player/2023/K04/player_20070073.png', 3),
	(494, 'No.37', '권순호', 'mf', 'https://kleague-admin-test.s3.ap-northeast-2.amazonaws.com/v1/player/player_20230337.png', 3),
	(495, 'No.8', '김건웅', 'mf', 'https://kleague-admin-test.s3.ap-northeast-2.amazonaws.com/v1/player/player_20160047.png', 3),
	(496, 'No.30', '김봉수', 'mf', 'https://kleague-admin-test.s3.ap-northeast-2.amazonaws.com/v1/player/2023/K04/player_20210176.png', 3),
	(497, 'No.24', '이기혁', 'mf', 'https://kleague-admin-test.s3.ap-northeast-2.amazonaws.com/v1/player/player_20210104.png', 3),
	(498, 'No.6', '최영준', 'mf', 'https://kleague-admin-test.s3.ap-northeast-2.amazonaws.com/v1/player/2023/K04/player_20110158.png', 3),
	(499, 'No.25', '한종무', 'mf', 'https://kleague-admin-test.s3.ap-northeast-2.amazonaws.com/v1/player/2023/K04/player_20220170.png', 3),
	(500, 'No.10', '헤이스', 'mf', 'https://kleague-admin-test.s3.ap-northeast-2.amazonaws.com/v1/player/player_20210261.png', 3),
	(501, 'No.11', '김승섭', 'fw', 'https://kleague-admin-test.s3.ap-northeast-2.amazonaws.com/v1/player/2023/K04/player_20180212.png', 3),
	(502, 'No.19', '김주공', 'fw', 'https://kleague-admin-test.s3.ap-northeast-2.amazonaws.com/v1/player/2023/K04/player_20190174.png', 3),
	(503, 'No.14', '서진수', 'fw', 'https://kleague-admin-test.s3.ap-northeast-2.amazonaws.com/v1/player/2023/K04/player_20190130.png', 3),
	(504, 'No.9', '유리 조나탄', 'fw', 'https://kleague-admin-test.s3.ap-northeast-2.amazonaws.com/v1/player/2023/K04/player_20230097.png', 3),
	(505, 'No.18', '임동혁', 'fw', 'https://kleague-admin-test.s3.ap-northeast-2.amazonaws.com/v1/player/2023/K04/player_20160147.png', 3),
	(506, 'No.15', '조나탄 링', 'fw', 'https://kleague-admin-test.s3.ap-northeast-2.amazonaws.com/v1/player/2023/K04/player_20220168.png', 3),
	(507, '감독', '김기동', '감독', 'https://kleague-admin-test.s3.ap-northeast-2.amazonaws.com/v1/player/2023/K03/player_19970114.png', 2),
	(508, '코치', '김대건', '감독', 'https://kleague-admin-test.s3.ap-northeast-2.amazonaws.com/v1/player/player_20000010.jpg', 2),
	(509, 'GK코치', '박호진', '감독', 'https://kleague-admin-test.s3.ap-northeast-2.amazonaws.com/v1/player/player_19990004.jpg', 2),
	(510, '피지컬코치', '박효준', '감독', 'https://kleague-admin-test.s3.ap-northeast-2.amazonaws.com', 2),
	(511, '코치', '백기태', '감독', 'https://kleague-admin-test.s3.ap-northeast-2.amazonaws.com/v1/player/player_20000068.jpg', 2),
	(512, '피지컬코치', '손동민', '감독', 'https://kleague-admin-test.s3.ap-northeast-2.amazonaws.com', 2),
	(513, '코치', '이광재', '감독', 'https://kleague-admin-test.s3.ap-northeast-2.amazonaws.com/v1/player/player_20030158.jpg', 2),
	(514, '코치', '이규용', '감독', 'https://kleague-admin-test.s3.ap-northeast-2.amazonaws.com', 2),
	(515, '전력분석관', '이창주', '감독', 'https://kleague-admin-test.s3.ap-northeast-2.amazonaws.com', 2),
	(516, '스카우터', '황재원', '감독', 'https://kleague-admin-test.s3.ap-northeast-2.amazonaws.com/v1/player/player_20040022.jpg', 2),
	(517, '피지컬코치', 'MONROE RONDON GUILHE', '감독', 'https://kleague-admin-test.s3.ap-northeast-2.amazonaws.com', 2),
	(518, 'No.1', '윤평국', 'gk', 'https://kleague-admin-test.s3.ap-northeast-2.amazonaws.com/v1/player/2023/K03/player_20130151.png', 2),
	(519, 'No.32', '이승환', 'gk', 'https://kleague-admin-test.s3.ap-northeast-2.amazonaws.com/v1/player/player_20220160.png', 2),
	(520, 'No.41', '조성훈', 'gk', 'https://kleague-admin-test.s3.ap-northeast-2.amazonaws.com/v1/player/2023/K03/player_20190122.png', 2),
	(521, 'No.21', '황인재', 'gk', 'https://kleague-admin-test.s3.ap-northeast-2.amazonaws.com/v1/player/2023/K03/player_20160079.png', 2),
	(522, 'No.5', '그랜트', 'df', 'https://kleague-admin-test.s3.ap-northeast-2.amazonaws.com/v1/player/2023/K03/player_20210097.png', 2),
	(523, 'No.3', '김용환', 'df', 'https://kleague-admin-test.s3.ap-northeast-2.amazonaws.com/v1/player/2023/K03/player_20140096.png', 2),
	(524, 'No.22', '박건우', 'df', 'https://kleague-admin-test.s3.ap-northeast-2.amazonaws.com/v1/player/player_20220158.png', 2),
	(525, 'No.14', '박승욱', 'df', 'https://kleague-admin-test.s3.ap-northeast-2.amazonaws.com/v1/player/2023/K03/player_20210292.png', 2),
	(526, 'No.20', '박찬용', 'df', 'https://kleague-admin-test.s3.ap-northeast-2.amazonaws.com/v1/player/2023/K03/player_20200146.png', 2),
	(527, 'No.13', '신원철', 'df', 'https://kleague-admin-test.s3.ap-northeast-2.amazonaws.com/v1/player/2023/K03/player_20230038.png', 2),
	(528, 'No.2', '심상민', 'df', 'https://kleague-admin-test.s3.ap-northeast-2.amazonaws.com/v1/player/2023/K03/player_20140066.png', 2),
	(529, 'No.34', '이규백', 'df', 'https://kleague-admin-test.s3.ap-northeast-2.amazonaws.com/v1/player/2023/K03/player_20220193.png', 2),
	(530, 'No.55', '최현웅', 'df', 'https://kleague-admin-test.s3.ap-northeast-2.amazonaws.com/v1/player/2023/K03/player_20220080.png', 2),
	(531, 'No.45', '하창래', 'df', 'https://kleague-admin-test.s3.ap-northeast-2.amazonaws.com/v1/player/2023/K03/player_20170173.png', 2),
	(532, 'No.11', '고영준', 'mf', 'https://kleague-admin-test.s3.ap-northeast-2.amazonaws.com/v1/player/2023/K03/player_20200066.png', 2),
	(533, 'No.88', '김규표', 'mf', 'https://kleague-admin-test.s3.ap-northeast-2.amazonaws.com/v1/player/2023/K03/player_20190125.png', 2),
	(534, 'No.28', '김정현', 'mf', 'https://kleague-admin-test.s3.ap-northeast-2.amazonaws.com/v1/player/2023/K03/player_20230040.png', 2),
	(535, 'No.6', '김종우', 'mf', 'https://kleague-admin-test.s3.ap-northeast-2.amazonaws.com/v1/player/2023/K03/player_20150097.png', 2),
	(536, 'No.66', '김준호', 'mf', 'https://kleague-admin-test.s3.ap-northeast-2.amazonaws.com/v1/player/2023/K03/player_20210167.png', 2),
	(537, 'No.44', '송한록', 'mf', 'https://kleague-admin-test.s3.ap-northeast-2.amazonaws.com', 2),
	(538, 'No.17', '신광훈', 'mf', 'https://kleague-admin-test.s3.ap-northeast-2.amazonaws.com/v1/player/2023/K03/player_20060066.png', 2),
	(539, 'No.95', '양태렬', 'mf', 'https://kleague-admin-test.s3.ap-northeast-2.amazonaws.com/v1/player/player_20180030.jpg', 2),
	(540, 'No.8', '오베르단', 'mf', 'https://kleague-admin-test.s3.ap-northeast-2.amazonaws.com/v1/player/2023/K03/player_20230043.png', 2),
	(541, 'No.19', '윤민호', 'mf', 'https://kleague-admin-test.s3.ap-northeast-2.amazonaws.com/v1/player/2023/K03/player_20220159.png', 2),
	(542, 'No.26', '조재훈', 'mf', 'https://kleague-admin-test.s3.ap-northeast-2.amazonaws.com/v1/player/2023/K03/player_20210309.png', 2),
	(543, 'No.16', '한찬희', 'mf', 'https://kleague-admin-test.s3.ap-northeast-2.amazonaws.com/v1/player/player_20160065.png', 2),
	(544, 'No.18', '강현제', 'fw', 'https://kleague-admin-test.s3.ap-northeast-2.amazonaws.com/v1/player/2023/K03/player_20230039.png', 2),
	(545, 'No.12', '김승대', 'fw', 'https://kleague-admin-test.s3.ap-northeast-2.amazonaws.com/v1/player/2023/K03/player_20130028.png', 2),
	(546, 'No.7', '김인성', 'fw', 'https://kleague-admin-test.s3.ap-northeast-2.amazonaws.com/v1/player/2023/K03/player_20130410.png', 2),
	(547, 'No.29', '박형우', 'fw', 'https://kleague-admin-test.s3.ap-northeast-2.amazonaws.com/v1/player/2023/K03/player_20230041.png', 2),
	(548, 'No.10', '백성동', 'fw', 'https://kleague-admin-test.s3.ap-northeast-2.amazonaws.com/v1/player/2023/K03/player_20170244.png', 2),
	(549, 'No.77', '완델손', 'fw', 'https://kleague-admin-test.s3.ap-northeast-2.amazonaws.com/v1/player/2023/K03/player_20150253.png', 2),
	(550, 'No.30', '윤재운', 'fw', 'https://kleague-admin-test.s3.ap-northeast-2.amazonaws.com/v1/player/2023/K03/player_20230042.png', 2),
	(551, 'No.33', '이호재', 'fw', 'https://kleague-admin-test.s3.ap-northeast-2.amazonaws.com/v1/player/2023/K03/player_20210161.png', 2),
	(552, 'No.27', '정재희', 'fw', 'https://kleague-admin-test.s3.ap-northeast-2.amazonaws.com/v1/player/2023/K03/player_20160178.png', 2),
	(553, 'No.9', '제카', 'fw', 'https://kleague-admin-test.s3.ap-northeast-2.amazonaws.com/v1/player/2023/K03/player_20220294.png', 2),
	(554, 'No.37', '홍윤상', 'fw', 'https://kleague-admin-test.s3.ap-northeast-2.amazonaws.com', 2),
	(555, 'GK코치', '곽상득', '감독', 'https://kleague-admin-test.s3.ap-northeast-2.amazonaws.com/v1/player/player_20140001.jpg', 12),
	(556, '전력분석관', '김민혁', '감독', 'https://kleague-admin-test.s3.ap-northeast-2.amazonaws.com', 12),
	(557, '코치', '김치우', '감독', 'https://kleague-admin-test.s3.ap-northeast-2.amazonaws.com/v1/player/player_20040037.jpg', 12),
	(558, '코치', '성한수', '감독', 'https://kleague-admin-test.s3.ap-northeast-2.amazonaws.com/v1/player/2023/K35/player_19990149.png', 12),
	(559, '코치', '신상우', '감독', 'https://kleague-admin-test.s3.ap-northeast-2.amazonaws.com/v1/player/player_19990150.jpg', 12),
	(560, '피지컬코치', '심정현', '감독', 'https://kleague-admin-test.s3.ap-northeast-2.amazonaws.com', 12),
	(561, '전력분석관', '이건목', '감독', 'https://kleague-admin-test.s3.ap-northeast-2.amazonaws.com', 12),
	(562, 'GK코치', '정성윤', '감독', 'https://kleague-admin-test.s3.ap-northeast-2.amazonaws.com', 12),
	(563, '감독', '정정용', '감독', 'https://kleague-admin-test.s3.ap-northeast-2.amazonaws.com/v1/player/player_20140216.png', 12),
	(564, 'No.31', '강현무', 'gk', 'https://kleague-admin-test.s3.ap-northeast-2.amazonaws.com/v1/player/2023/K35/player_20140038.png', 12),
	(565, 'No.41', '김준홍', 'gk', 'https://kleague-admin-test.s3.ap-northeast-2.amazonaws.com/v1/player/2023/K35/player_20210291.png', 12),
	(566, 'No.1', '문경건', 'gk', 'https://kleague-admin-test.s3.ap-northeast-2.amazonaws.com/v1/player/2023/K35/player_20210128.png', 12),
	(567, 'No.18', '신송훈', 'gk', 'https://kleague-admin-test.s3.ap-northeast-2.amazonaws.com/v1/player/2023/K35/player_20210152.png', 12),
	(568, 'No.12', '김륜성', 'df', 'https://kleague-admin-test.s3.ap-northeast-2.amazonaws.com/v1/player/2023/K35/player_20210165.png', 12),
	(569, 'No.34', '김재우', 'df', 'https://kleague-admin-test.s3.ap-northeast-2.amazonaws.com/v1/player/2023/K35/player_20180166.png', 12),
	(570, 'No.28', '김태현', 'df', 'https://kleague-admin-test.s3.ap-northeast-2.amazonaws.com/v1/player/player_20180185.png', 12),
	(571, 'No.23', '박민규', 'df', 'https://kleague-admin-test.s3.ap-northeast-2.amazonaws.com/v1/player/2023/K35/player_20170049.png', 12),
	(572, 'No.24', '윤종규', 'df', 'https://kleague-admin-test.s3.ap-northeast-2.amazonaws.com/v1/player/2023/K35/player_20170051.png', 12),
	(573, 'No.35', '이상민', 'df', 'https://kleague-admin-test.s3.ap-northeast-2.amazonaws.com/v1/player/player_20180008.png', 12),
	(574, 'No.11', '이유현', 'df', 'https://kleague-admin-test.s3.ap-northeast-2.amazonaws.com/v1/player/2023/K35/player_20170182.png', 12),
	(575, 'No.6', '임승겸', 'df', 'https://kleague-admin-test.s3.ap-northeast-2.amazonaws.com/v1/player/2023/K35/player_20190213.png', 12),
	(576, 'No.7', '최병찬', 'df', 'https://kleague-admin-test.s3.ap-northeast-2.amazonaws.com/v1/player/2023/K35/player_20180057.png', 12),
	(577, 'No.39', '강현묵', 'mf', 'https://kleague-admin-test.s3.ap-northeast-2.amazonaws.com/v1/player/2023/K35/player_20200035.png', 12),
	(578, 'No.30', '김동현', 'mf', 'https://kleague-admin-test.s3.ap-northeast-2.amazonaws.com/v1/player/player_20180235.png', 12),
	(579, 'No.38', '김민준', 'mf', 'https://kleague-admin-test.s3.ap-northeast-2.amazonaws.com/v1/player/player_20200048.png', 12),
	(580, 'No.17', '김준범', 'mf', 'https://kleague-admin-test.s3.ap-northeast-2.amazonaws.com/v1/player/2023/K35/player_20180135.png', 12),
	(581, 'No.32', '김진규', 'mf', 'https://kleague-admin-test.s3.ap-northeast-2.amazonaws.com/v1/player/2023/K35/player_20150052.png', 12),
	(582, 'No.25', '김현욱', 'mf', 'https://kleague-admin-test.s3.ap-northeast-2.amazonaws.com/v1/player/2023/K35/player_20170040.png', 12),
	(583, 'No.26', '원두재', 'mf', 'https://kleague-admin-test.s3.ap-northeast-2.amazonaws.com/v1/player/2023/K35/player_20200039.png', 12),
	(584, 'No.14', '윤석주', 'mf', 'https://kleague-admin-test.s3.ap-northeast-2.amazonaws.com/v1/player/2023/K35/player_20210164.png', 12),
	(585, 'No.19', '이지훈', 'mf', 'https://kleague-admin-test.s3.ap-northeast-2.amazonaws.com/v1/player/2023/K35/player_20210118.png', 12),
	(586, 'No.36', '구본철', 'fw', 'https://kleague-admin-test.s3.ap-northeast-2.amazonaws.com/v1/player/2023/K35/player_20200138.png', 12),
	(587, 'No.40', '이영준', 'fw', 'https://kleague-admin-test.s3.ap-northeast-2.amazonaws.com/v1/player/2023/K35/player_20210251.png', 12),
	(588, 'No.20', '이준석', 'fw', 'https://kleague-admin-test.s3.ap-northeast-2.amazonaws.com/v1/player/2023/K35/player_20190065.png', 12),
	(589, 'No.37', '이중민', 'fw', 'https://kleague-admin-test.s3.ap-northeast-2.amazonaws.com/v1/player/2023/K35/player_20200163.png', 12),
	(590, 'No.29', '정치인', 'fw', 'https://kleague-admin-test.s3.ap-northeast-2.amazonaws.com/v1/player/2023/K35/player_20160094.png', 12);

-- 테이블 s10p12a409.notification 구조 내보내기
CREATE TABLE IF NOT EXISTS `notification` (
  `notification_id` int(11) NOT NULL AUTO_INCREMENT,
  `content` varchar(255) COLLATE utf8mb4_bin DEFAULT NULL,
  `created_at` datetime(6) DEFAULT NULL,
  `read_flag` bit(1) DEFAULT NULL,
  `type` enum('COMMENT','LIKE','GOAL','MATCH','NEWS') COLLATE utf8mb4_bin DEFAULT NULL,
  `uri` varchar(255) COLLATE utf8mb4_bin DEFAULT NULL,
  `user_id` int(11) DEFAULT NULL,
  `away_team_id` varchar(255) COLLATE utf8mb4_bin DEFAULT NULL,
  `deleted_at` datetime(6) DEFAULT NULL,
  `home_team_id` varchar(255) COLLATE utf8mb4_bin DEFAULT NULL,
  `nickname` varchar(255) COLLATE utf8mb4_bin DEFAULT NULL,
  `profile` varchar(255) COLLATE utf8mb4_bin DEFAULT NULL,
  PRIMARY KEY (`notification_id`),
  KEY `FKb0yvoep4h4k92ipon31wmdf7e` (`user_id`),
  CONSTRAINT `FKb0yvoep4h4k92ipon31wmdf7e` FOREIGN KEY (`user_id`) REFERENCES `user` (`user_id`)
) ENGINE=InnoDB AUTO_INCREMENT=817 DEFAULT CHARSET=utf8mb4 COLLATE=utf8mb4_bin;

-- 테이블 데이터 s10p12a409.notification:~785 rows (대략적) 내보내기
INSERT INTO `notification` (`notification_id`, `content`, `created_at`, `read_flag`, `type`, `uri`, `user_id`, `away_team_id`, `deleted_at`, `home_team_id`, `nickname`, `profile`) VALUES
	(1, '출석 보상으로 10골을 지급 받았습니다.', '2024-02-07 22:01:14.125535', b'1', 'GOAL', 'https://i10a409.p.ssafy.io/mypage', 1, NULL, '2024-02-11 15:34:03.911726', NULL, NULL, NULL),
	(2, '출석 보상으로 10골을 지급 받았습니다.', '2024-02-07 22:01:41.850959', b'1', 'GOAL', 'https://i10a409.p.ssafy.io/mypage', 1, NULL, '2024-02-11 15:34:03.627527', NULL, NULL, NULL),
	(3, '출석 보상으로 10골을 지급 받았습니다.', '2024-02-08 01:15:17.739550', b'1', 'LIKE', 'http://localhost:3000/mypage', 3, NULL, NULL, NULL, NULL, NULL),
	(4, '출석 보상으로 10골을 지급 받았습니다.', '2024-02-08 02:15:34.729389', b'1', 'LIKE', 'http://localhost:3000/mypage', 16, NULL, NULL, NULL, NULL, NULL),
	(5, '출석 보상으로 10골을 지급 받았습니다.', '2024-02-08 04:27:21.733603', b'1', 'LIKE', 'http://localhost:3000/mypage', 3, NULL, NULL, NULL, NULL, NULL),
	(6, '유럽 진출 원하는 설영우, 오퍼까지 받았지만…“구단으로부터 ‘이적 불가’ 전달받아” [GOAL 알라이얀]', '2024-02-08 07:00:01.226241', b'1', 'NEWS', 'https://sports.news.naver.com/news?oid=216&aid=0000130560', 1, NULL, '2024-02-11 15:34:03.289912', NULL, NULL, NULL),
	(7, '유럽 진출 원하는 설영우, 오퍼까지 받았지만…“구단으로부터 ‘이적 불가’ 전달받아” [GOAL 알라이얀]', '2024-02-08 07:00:01.226924', b'1', 'NEWS', 'https://sports.news.naver.com/news?oid=216&aid=0000130560', 14, NULL, '2024-02-15 10:23:28.405069', NULL, NULL, NULL),
	(8, '[오피셜] 정승현, 박용우와 라이벌전…아시안컵 탈락→UAE 알 와슬 ‘옷피셜’', '2024-02-08 07:15:00.621702', b'1', 'NEWS', 'https://sports.news.naver.com/news?oid=241&aid=0003328950', 1, NULL, '2024-02-11 15:34:02.775176', NULL, NULL, NULL),
	(9, '박용우 없어 힘들었던 울산, \'브라질 특급\' 합류! 마테우스 "압박과 대인 수비 자신 있어" [울산 현장]', '2024-02-08 07:15:00.621711', b'1', 'NEWS', 'https://sports.news.naver.com/news?oid=108&aid=0003213705', 1, NULL, '2024-02-11 15:34:02.701891', NULL, NULL, NULL),
	(10, '[오피셜] 정승현, 박용우와 라이벌전…아시안컵 탈락→UAE 알 와슬 ‘옷피셜’', '2024-02-08 07:15:00.621749', b'1', 'NEWS', 'https://sports.news.naver.com/news?oid=241&aid=0003328950', 14, NULL, '2024-02-15 10:23:28.047772', NULL, NULL, NULL),
	(11, '박용우 없어 힘들었던 울산, \'브라질 특급\' 합류! 마테우스 "압박과 대인 수비 자신 있어" [울산 현장]', '2024-02-08 07:15:00.621756', b'1', 'NEWS', 'https://sports.news.naver.com/news?oid=108&aid=0003213705', 14, NULL, '2024-02-15 10:23:27.900599', NULL, NULL, NULL),
	(12, '[b11 현장] "주민규, 울산 이적하니 텃세 부려…빨리 적응하란 표현" 김민우의 농담', '2024-02-08 07:30:00.554128', b'1', 'NEWS', 'https://sports.news.naver.com/news?oid=343&aid=0000126064', 1, NULL, '2024-02-11 15:34:02.287046', NULL, NULL, NULL),
	(13, '[b11 현장] "주민규, 울산 이적하니 텃세 부려…빨리 적응하란 표현" 김민우의 농담', '2024-02-08 07:30:00.554200', b'1', 'NEWS', 'https://sports.news.naver.com/news?oid=343&aid=0000126064', 14, NULL, '2024-02-15 10:23:27.719414', NULL, NULL, NULL),
	(14, '“솔직히 리더십 없다”는 울산 엄원상, 수장과 형들의 절대 지지→‘감투 쓸만’', '2024-02-08 08:30:00.576908', b'1', 'NEWS', 'https://sports.news.naver.com/news?oid=139&aid=0002197570', 1, NULL, '2024-02-11 15:32:09.866626', NULL, NULL, NULL),
	(15, '“솔직히 리더십 없다”는 울산 엄원상, 수장과 형들의 절대 지지→‘감투 쓸만’', '2024-02-08 08:30:00.576943', b'1', 'NEWS', 'https://sports.news.naver.com/news?oid=139&aid=0002197570', 14, NULL, '2024-02-15 10:23:27.442405', NULL, NULL, NULL),
	(16, '셀틱 ‘이적설’에 직접 답한 정호연 “공식 오퍼 없었다, 제가 부족해서죠”[현장인터뷰]', '2024-02-08 08:45:02.429148', b'1', 'NEWS', 'https://sports.news.naver.com/news?oid=468&aid=0001029141', 3, NULL, NULL, NULL, NULL, NULL),
	(17, '[오피셜] \'아시안컵 끝나자 중동행\' 정승현, 울산 떠나 UAE 알와슬 입단... 두 번째 해외 도전', '2024-02-08 11:15:00.584689', b'1', 'NEWS', 'https://sports.news.naver.com/news?oid=108&aid=0003213768', 1, NULL, '2024-02-11 15:32:09.752376', NULL, NULL, NULL),
	(18, '[오피셜] \'국대 수비수\' 정승현, 울산 떠나 UAE 알와슬 이적...등번호 15번', '2024-02-08 11:15:00.584695', b'1', 'NEWS', 'https://sports.news.naver.com/news?oid=311&aid=0001689863', 1, NULL, '2024-02-11 15:32:09.628857', NULL, NULL, NULL),
	(19, '[오피셜] \'아시안컵 끝나자 중동행\' 정승현, 울산 떠나 UAE 알와슬 입단... 두 번째 해외 도전', '2024-02-08 11:15:00.584720', b'1', 'NEWS', 'https://sports.news.naver.com/news?oid=108&aid=0003213768', 14, NULL, '2024-02-15 10:23:22.896372', NULL, NULL, NULL),
	(20, '[오피셜] \'국대 수비수\' 정승현, 울산 떠나 UAE 알와슬 이적...등번호 15번', '2024-02-08 11:15:00.584726', b'1', 'NEWS', 'https://sports.news.naver.com/news?oid=311&aid=0001689863', 14, NULL, '2024-02-15 10:23:21.982286', NULL, NULL, NULL),
	(21, '출석 보상으로 10골을 지급 받았습니다.', '2024-02-08 13:54:30.244230', b'1', 'GOAL', 'https://i10a409.p.ssafy.io/mypage', 20, NULL, NULL, NULL, NULL, NULL),
	(22, '출석 보상으로 10골을 지급 받았습니다.', '2024-02-08 16:10:04.209392', b'1', 'GOAL', 'https://i10a409.p.ssafy.io/mypage', 2, NULL, NULL, NULL, NULL, NULL),
	(23, '출석 보상으로 10골을 지급 받았습니다.', '2024-02-08 18:43:59.245031', b'1', 'GOAL', 'https://i10a409.p.ssafy.io/mypage', 1, NULL, '2024-02-11 15:32:09.498523', NULL, NULL, NULL),
	(24, '출석 보상으로 10골을 지급 받았습니다.', '2024-02-08 23:00:53.130176', b'1', 'GOAL', 'http://localhost:3000/mypage', 3, NULL, NULL, NULL, NULL, NULL),
	(25, '출석 보상으로 10골을 지급 받았습니다.', '2024-02-09 00:17:08.225248', b'1', 'GOAL', 'http://localhost:3000/mypage', 3, NULL, NULL, NULL, NULL, NULL),
	(26, '출석 보상으로 10골을 지급 받았습니다.', '2024-02-09 04:43:14.966648', b'1', 'GOAL', 'http://localhost:3000/mypage', 16, NULL, NULL, NULL, NULL, NULL),
	(27, '출석 보상으로 10골을 지급 받았습니다.', '2024-02-09 07:05:16.651423', b'1', 'GOAL', 'http://localhost:3000/mypage', 3, NULL, NULL, NULL, NULL, NULL),
	(28, '출석 보상으로 10골을 지급 받았습니다.', '2024-02-09 13:36:50.704293', b'1', 'GOAL', 'https://i10a409.p.ssafy.io/mypage', 21, NULL, NULL, NULL, NULL, NULL),
	(29, '출석 보상으로 10골을 지급 받았습니다.', '2024-02-09 13:36:53.763397', b'1', 'GOAL', 'https://i10a409.p.ssafy.io/mypage', 2, NULL, NULL, NULL, NULL, NULL),
	(30, '출석 보상으로 10골을 지급 받았습니다.', '2024-02-09 15:28:48.444785', b'1', 'GOAL', 'https://i10a409.p.ssafy.io/mypage', 5, NULL, NULL, NULL, NULL, NULL),
	(31, '출석 보상으로 10골을 지급 받았습니다.', '2024-02-09 15:55:24.364467', b'1', 'GOAL', '/mypage', 3, NULL, NULL, NULL, NULL, NULL),
	(32, '출석 보상으로 10골을 지급 받았습니다.', '2024-02-09 17:12:01.271544', b'1', 'GOAL', '/mypage', 17, NULL, NULL, NULL, NULL, NULL),
	(33, '정승현, ‘악플과의 전쟁’ 예고…“선처 없이 고소”', '2024-02-09 17:45:00.431151', b'1', 'NEWS', 'https://sports.news.naver.com/news?oid=022&aid=0003903126', 1, NULL, '2024-02-11 15:32:09.374797', NULL, NULL, NULL),
	(34, '정승현, ‘악플과의 전쟁’ 예고…“선처 없이 고소”', '2024-02-09 17:45:00.431175', b'1', 'NEWS', 'https://sports.news.naver.com/news?oid=022&aid=0003903126', 14, NULL, '2024-02-15 10:22:31.413184', NULL, NULL, NULL),
	(35, '출석 보상으로 10골을 지급 받았습니다.', '2024-02-10 00:13:40.673231', b'1', 'GOAL', '/mypage', 1, NULL, '2024-02-11 15:32:09.280164', NULL, NULL, NULL),
	(36, '출석 보상으로 10골을 지급 받았습니다.', '2024-02-10 00:56:26.785885', b'1', 'GOAL', '/mypage', 22, NULL, '2024-02-15 14:29:53.670362', NULL, NULL, NULL),
	(37, '출석 보상으로 10골을 지급 받았습니다.', '2024-02-10 01:14:27.625090', b'1', 'GOAL', '/mypage', 16, NULL, NULL, NULL, NULL, NULL),
	(38, '출석 보상으로 10골을 지급 받았습니다.', '2024-02-10 01:29:12.199201', b'1', 'GOAL', '/mypage', 1, NULL, '2024-02-11 15:32:09.143436', NULL, NULL, NULL),
	(39, '출석 보상으로 10골을 지급 받았습니다.', '2024-02-10 01:45:07.077723', b'1', 'GOAL', '/mypage', 3, NULL, NULL, NULL, NULL, NULL),
	(40, '출석 보상으로 10골을 지급 받았습니다.', '2024-02-10 01:45:42.123290', b'1', 'GOAL', '/mypage', 2, NULL, NULL, NULL, NULL, NULL),
	(41, '출석 보상으로 10골을 지급 받았습니다.', '2024-02-10 01:55:29.961238', b'1', 'GOAL', '/mypage', 10, NULL, NULL, NULL, NULL, NULL),
	(42, '출석 보상으로 10골을 지급 받았습니다.', '2024-02-10 10:02:00.431744', b'1', 'GOAL', '/mypage', 5, NULL, NULL, NULL, NULL, NULL),
	(43, '출석 보상으로 10골을 지급 받았습니다.', '2024-02-10 19:34:00.901975', b'1', 'GOAL', '/mypage', 1, NULL, '2024-02-11 15:32:09.039492', NULL, NULL, NULL),
	(44, '출석 보상으로 10골을 지급 받았습니다.', '2024-02-10 20:13:04.918948', b'1', 'GOAL', '/mypage', 2, NULL, NULL, NULL, NULL, NULL),
	(45, '출석 보상으로 10골을 지급 받았습니다.', '2024-02-10 20:43:01.700339', b'1', 'GOAL', '/mypage', 21, NULL, NULL, NULL, NULL, NULL),
	(46, '출석 보상으로 10골을 지급 받았습니다.', '2024-02-10 20:46:33.816888', b'1', 'GOAL', '/mypage', 12, NULL, NULL, NULL, NULL, NULL),
	(47, '출석 보상으로 10골을 지급 받았습니다.', '2024-02-10 21:04:52.662020', b'1', 'GOAL', '/mypage', 10, NULL, NULL, NULL, NULL, NULL),
	(48, '출석 보상으로 10골을 지급 받았습니다.', '2024-02-10 21:28:53.380744', b'1', 'GOAL', '/mypage', 3, NULL, NULL, NULL, NULL, NULL),
	(49, '출석 보상으로 10골을 지급 받았습니다.', '2024-02-10 22:48:50.294623', b'1', 'GOAL', '/mypage', 5, NULL, NULL, NULL, NULL, NULL),
	(50, '출석 보상으로 10골을 지급 받았습니다.', '2024-02-10 22:50:18.323305', b'1', 'GOAL', '/mypage', 14, NULL, '2024-02-15 10:22:31.280904', NULL, NULL, NULL),
	(51, '출석 보상으로 10골을 지급 받았습니다.', '2024-02-10 22:52:37.607616', b'1', 'GOAL', '/mypage', 22, NULL, '2024-02-15 14:29:53.540560', NULL, NULL, NULL),
	(52, '출석 보상으로 10골을 지급 받았습니다.', '2024-02-11 00:05:08.992666', b'1', 'GOAL', '/mypage', 14, NULL, '2024-02-15 10:22:31.187311', NULL, NULL, NULL),
	(53, '출석 보상으로 10골을 지급 받았습니다.', '2024-02-11 00:06:12.059060', b'1', 'GOAL', '/mypage', 1, NULL, '2024-02-11 15:32:08.944561', NULL, NULL, NULL),
	(54, '출석 보상으로 10골을 지급 받았습니다.', '2024-02-11 00:14:20.982793', b'1', 'GOAL', '/mypage', 14, NULL, '2024-02-15 10:22:31.073698', NULL, NULL, NULL),
	(55, '출석 보상으로 10골을 지급 받았습니다.', '2024-02-11 00:24:19.720030', b'1', 'GOAL', '/mypage', 1, NULL, '2024-02-11 15:32:08.810652', NULL, NULL, NULL),
	(56, '출석 보상으로 10골을 지급 받았습니다.', '2024-02-11 00:30:28.817969', b'1', 'GOAL', '/mypage', 5, NULL, NULL, NULL, NULL, NULL),
	(57, '출석 보상으로 10골을 지급 받았습니다.', '2024-02-11 00:34:08.927751', b'1', 'GOAL', '/mypage', 22, NULL, '2024-02-15 14:29:53.406523', NULL, NULL, NULL),
	(58, '출석 보상으로 10골을 지급 받았습니다.', '2024-02-11 00:47:22.102837', b'1', 'GOAL', '/mypage', 3, NULL, NULL, NULL, NULL, NULL),
	(59, '출석 보상으로 10골을 지급 받았습니다.', '2024-02-11 00:47:59.128338', b'1', 'GOAL', '/mypage', 16, NULL, NULL, NULL, NULL, NULL),
	(60, '출석 보상으로 10골을 지급 받았습니다.', '2024-02-11 00:56:03.411996', b'1', 'GOAL', '/mypage', 10, NULL, NULL, NULL, NULL, NULL),
	(61, '님이 새로운 댓글을 달았습니다.', '2024-02-11 00:56:07.930772', b'1', 'COMMENT', '/waggle/10', 1, NULL, '2024-02-11 15:32:08.698961', NULL, '김동훈', 'http://k.kakaocdn.net/dn/1G9kp/btsAot8liOn/8CWudi3uy07rvFNUkk3ER0/img_640x640.jpg'),
	(62, '님이 새로운 댓글을 달았습니다.', '2024-02-11 00:58:39.185015', b'1', 'COMMENT', '/waggle/10', 1, NULL, '2024-02-11 15:32:08.555444', NULL, '홍나축대장', 'https://k-l1verse.s3.ap-northeast-2.amazonaws.com/be4826e6-eb90-4a67-9f59-cce3286bd844.png'),
	(63, '님이 새로운 댓글을 달았습니다.', '2024-02-11 00:58:44.159865', b'1', 'COMMENT', '/waggle/10', 1, NULL, '2024-02-11 15:32:08.458464', NULL, '홍나축대장', 'https://k-l1verse.s3.ap-northeast-2.amazonaws.com/be4826e6-eb90-4a67-9f59-cce3286bd844.png'),
	(64, '님이 새로운 댓글을 달았습니다.', '2024-02-11 00:58:52.610959', b'1', 'COMMENT', '/waggle/10', 1, NULL, '2024-02-11 15:32:08.323861', NULL, '홍나축대장', 'https://k-l1verse.s3.ap-northeast-2.amazonaws.com/be4826e6-eb90-4a67-9f59-cce3286bd844.png'),
	(65, '님이 좋아요를 누르셨습니다.', '2024-02-11 01:00:27.223950', b'1', 'LIKE', '/waggle/1', 1, NULL, '2024-02-11 01:20:02.338153', NULL, '홍윤기', 'https://ssl.pstatic.net/static/pwe/address/img_profile.png'),
	(66, '님이 좋아요를 누르셨습니다.', '2024-02-11 01:00:42.804325', b'1', 'LIKE', '/waggle/1', 1, NULL, '2024-02-11 01:20:02.068293', NULL, '홍윤기', 'https://ssl.pstatic.net/static/pwe/address/img_profile.png'),
	(67, '님이 좋아요를 누르셨습니다.', '2024-02-11 01:20:47.257562', b'1', 'LIKE', '/waggle/11', 10, NULL, NULL, NULL, '김동훈', 'http://k.kakaocdn.net/dn/1G9kp/btsAot8liOn/8CWudi3uy07rvFNUkk3ER0/img_640x640.jpg'),
	(68, '님이 새로운 댓글을 달았습니다.', '2024-02-11 01:20:49.332099', b'1', 'COMMENT', '/waggle/11', 1, NULL, '2024-02-11 15:32:08.184007', NULL, '김동훈', 'http://k.kakaocdn.net/dn/1G9kp/btsAot8liOn/8CWudi3uy07rvFNUkk3ER0/img_640x640.jpg'),
	(69, '님이 좋아요를 누르셨습니다.', '2024-02-11 01:40:19.912203', b'1', 'LIKE', '/waggle/11', 1, NULL, '2024-02-11 15:32:07.827673', NULL, '홍윤기짱', 'https://k-l1verse.s3.ap-northeast-2.amazonaws.com/64b34cf1-2d15-4e27-896f-8ffa2137c25a.png'),
	(70, '님이 좋아요를 누르셨습니다.', '2024-02-11 01:55:55.314669', b'1', 'LIKE', '/waggle/10', 1, NULL, '2024-02-11 15:32:07.746821', NULL, '김동훈', 'http://k.kakaocdn.net/dn/1G9kp/btsAot8liOn/8CWudi3uy07rvFNUkk3ER0/img_640x640.jpg'),
	(71, '님이 새로운 댓글을 달았습니다.', '2024-02-11 02:04:03.662470', b'1', 'COMMENT', '/waggle/12', 16, NULL, NULL, NULL, 'Jay', 'https://lh3.googleusercontent.com/a/ACg8ocL4A7X9UyEjyNJzMAYyW64rNDG1rMf0g-6ERRWhSOo=s96-c'),
	(72, '님이 좋아요를 누르셨습니다.', '2024-02-11 02:04:15.848966', b'1', 'LIKE', '/waggle/13', 10, NULL, NULL, NULL, 'Jay', 'https://lh3.googleusercontent.com/a/ACg8ocL4A7X9UyEjyNJzMAYyW64rNDG1rMf0g-6ERRWhSOo=s96-c'),
	(73, '님이 새로운 댓글을 달았습니다.', '2024-02-11 02:13:41.006002', b'1', 'COMMENT', '/waggle/6', 2, NULL, NULL, NULL, '일찐김동훈', 'https://lh3.googleusercontent.com/a/ACg8ocIEjlIuYZw4JIMb_AOEUHiYFB9_WUiyYRi7PR9FqLAw=s96-c'),
	(74, '님이 새로운 댓글을 달았습니다.', '2024-02-11 02:13:43.818527', b'1', 'COMMENT', '/waggle/6', 2, NULL, NULL, NULL, '일찐김동훈', 'https://lh3.googleusercontent.com/a/ACg8ocIEjlIuYZw4JIMb_AOEUHiYFB9_WUiyYRi7PR9FqLAw=s96-c'),
	(75, '님이 좋아요를 누르셨습니다.', '2024-02-11 02:14:42.803381', b'1', 'LIKE', '/waggle/13', 10, NULL, NULL, NULL, '일찐김동훈', 'https://lh3.googleusercontent.com/a/ACg8ocIEjlIuYZw4JIMb_AOEUHiYFB9_WUiyYRi7PR9FqLAw=s96-c'),
	(76, '님이 새로운 댓글을 달았습니다.', '2024-02-11 02:49:44.314345', b'1', 'COMMENT', '/waggle/12', 16, NULL, NULL, NULL, '홍나축대장', 'https://k-l1verse.s3.ap-northeast-2.amazonaws.com/be4826e6-eb90-4a67-9f59-cce3286bd844.png'),
	(77, '님이 좋아요를 누르셨습니다.', '2024-02-11 03:40:02.579658', b'1', 'LIKE', '/waggle/11', 1, NULL, '2024-02-11 15:32:06.047030', NULL, '수림수림수', 'https://k-l1verse.s3.ap-northeast-2.amazonaws.com/6cd2d67f-a8ce-4d6b-bca7-4b11dc2c90f5.jpg'),
	(78, '님이 좋아요를 누르셨습니다.', '2024-02-11 03:40:03.688962', b'1', 'LIKE', '/waggle/11', 1, NULL, '2024-02-11 15:32:05.931481', NULL, '수림수림수', 'https://k-l1verse.s3.ap-northeast-2.amazonaws.com/6cd2d67f-a8ce-4d6b-bca7-4b11dc2c90f5.jpg'),
	(79, '님이 새로운 댓글을 달았습니다.', '2024-02-11 03:40:16.989581', b'1', 'COMMENT', '/waggle/11', 1, NULL, '2024-02-11 15:32:05.815722', NULL, '수림수림수', 'https://k-l1verse.s3.ap-northeast-2.amazonaws.com/6cd2d67f-a8ce-4d6b-bca7-4b11dc2c90f5.jpg'),
	(80, '님이 새로운 댓글을 달았습니다.', '2024-02-11 03:40:27.146746', b'1', 'COMMENT', '/waggle/10', 1, NULL, '2024-02-11 15:32:05.711992', NULL, '수림수림수', 'https://k-l1verse.s3.ap-northeast-2.amazonaws.com/6cd2d67f-a8ce-4d6b-bca7-4b11dc2c90f5.jpg'),
	(81, '님이 새로운 댓글을 달았습니다.', '2024-02-11 03:40:35.230130', b'1', 'COMMENT', '/waggle/10', 1, NULL, '2024-02-11 15:32:05.589676', NULL, '수림수림수', 'https://k-l1verse.s3.ap-northeast-2.amazonaws.com/6cd2d67f-a8ce-4d6b-bca7-4b11dc2c90f5.jpg'),
	(82, '님이 새로운 댓글을 달았습니다.', '2024-02-11 03:40:42.309589', b'1', 'COMMENT', '/waggle/10', 1, NULL, '2024-02-11 15:32:05.468458', NULL, '수림수림수', 'https://k-l1verse.s3.ap-northeast-2.amazonaws.com/6cd2d67f-a8ce-4d6b-bca7-4b11dc2c90f5.jpg'),
	(83, '님이 새로운 댓글을 달았습니다.', '2024-02-11 03:41:20.340908', b'1', 'COMMENT', '/waggle/10', 1, NULL, '2024-02-11 15:32:05.353879', NULL, '수림수림수', 'https://k-l1verse.s3.ap-northeast-2.amazonaws.com/6cd2d67f-a8ce-4d6b-bca7-4b11dc2c90f5.jpg'),
	(84, '님이 새로운 댓글을 달았습니다.', '2024-02-11 03:46:42.838077', b'1', 'COMMENT', '/waggle/9', 22, NULL, '2024-02-15 14:29:53.265450', NULL, '수림수림수', 'https://k-l1verse.s3.ap-northeast-2.amazonaws.com/6cd2d67f-a8ce-4d6b-bca7-4b11dc2c90f5.jpg'),
	(85, '출석 보상으로 10골을 지급 받았습니다.', '2024-02-11 12:06:33.957097', b'1', 'GOAL', '/mypage', 5, NULL, NULL, NULL, NULL, NULL),
	(86, '출석 보상으로 10골을 지급 받았습니다.', '2024-02-11 12:22:58.106182', b'1', 'GOAL', '/mypage', 12, NULL, NULL, NULL, NULL, NULL),
	(87, '출석 보상으로 10골을 지급 받았습니다.', '2024-02-11 14:37:04.132827', b'1', 'GOAL', '/mypage', 1, NULL, '2024-02-11 15:32:05.231713', NULL, NULL, NULL),
	(88, '글 작성 보상으로 10골을 지급 받았습니다.', '2024-02-11 14:58:47.075468', b'1', 'GOAL', '/waggles/19', 1, NULL, '2024-02-11 15:32:05.105828', NULL, NULL, NULL),
	(89, '글 작성 보상으로 10골을 지급 받았습니다.', '2024-02-11 15:02:07.853775', b'1', 'GOAL', '/waggles/20', 2, NULL, NULL, NULL, NULL, NULL),
	(90, '님이 새로운 댓글을 달았습니다.', '2024-02-11 15:05:02.089212', b'1', 'COMMENT', '/waggle/20', 2, NULL, NULL, NULL, '일찐김동훈', 'https://lh3.googleusercontent.com/a/ACg8ocIEjlIuYZw4JIMb_AOEUHiYFB9_WUiyYRi7PR9FqLAw=s96-c'),
	(91, '님이 새로운 댓글을 달았습니다.', '2024-02-11 15:05:03.789164', b'1', 'COMMENT', '/waggle/20', 2, NULL, NULL, NULL, '일찐김동훈', 'https://lh3.googleusercontent.com/a/ACg8ocIEjlIuYZw4JIMb_AOEUHiYFB9_WUiyYRi7PR9FqLAw=s96-c'),
	(92, '뱃지 구매로 1000골을 사용하셨습니다.', NULL, b'1', 'GOAL', '/mypage', 1, NULL, '2024-02-11 15:32:05.000600', NULL, NULL, NULL),
	(93, '닉네임 변경으로 1000골을 사용하셨습니다.', NULL, b'1', 'GOAL', '/mypage', 1, NULL, '2024-02-11 15:32:04.886775', NULL, NULL, NULL),
	(94, '닉네임 변경으로 1000골을 사용하셨습니다.', NULL, b'1', 'GOAL', '/mypage', 1, NULL, '2024-02-11 15:32:04.769965', NULL, NULL, NULL),
	(95, '글 작성 보상으로 10골을 지급 받았습니다.', '2024-02-11 15:07:51.713076', b'1', 'GOAL', '/waggles/21', 1, NULL, '2024-02-11 15:32:04.657248', NULL, NULL, NULL),
	(96, '님이 새로운 댓글을 달았습니다.', '2024-02-11 15:08:27.129494', b'1', 'COMMENT', '/waggle/21', 1, NULL, '2024-02-11 15:32:04.421312', NULL, '수림수림수', 'https://k-l1verse.s3.ap-northeast-2.amazonaws.com/6cd2d67f-a8ce-4d6b-bca7-4b11dc2c90f5.jpg'),
	(97, '글 작성 보상으로 10골을 지급 받았습니다.', '2024-02-11 15:26:54.757540', b'1', 'GOAL', '/waggles/22', 1, NULL, '2024-02-11 15:32:04.308586', NULL, NULL, NULL),
	(98, '글 작성 보상으로 10골을 지급 받았습니다.', '2024-02-11 15:27:09.063484', b'1', 'GOAL', '/waggles/23', 1, NULL, '2024-02-11 15:32:04.200463', NULL, NULL, NULL),
	(99, '출석 보상으로 10골을 지급 받았습니다.', '2024-02-11 15:28:09.757207', b'1', 'GOAL', '/mypage', 14, NULL, '2024-02-15 10:22:30.951564', NULL, NULL, NULL),
	(100, '님이 좋아요를 누르셨습니다.', '2024-02-11 15:28:18.786164', b'1', 'LIKE', '/waggle/23', 1, NULL, '2024-02-11 15:32:04.075419', NULL, '홍윤기짱', 'https://k-l1verse.s3.ap-northeast-2.amazonaws.com/64b34cf1-2d15-4e27-896f-8ffa2137c25a.png'),
	(101, '님이 좋아요를 누르셨습니다.', '2024-02-11 15:29:06.064702', b'1', 'LIKE', '/waggle/23', 1, NULL, '2024-02-11 15:32:03.932659', NULL, '수림수림수', 'https://k-l1verse.s3.ap-northeast-2.amazonaws.com/6cd2d67f-a8ce-4d6b-bca7-4b11dc2c90f5.jpg'),
	(102, '님이 새로운 댓글을 달았습니다.', '2024-02-11 15:29:10.718085', b'1', 'COMMENT', '/waggle/23', 1, NULL, '2024-02-11 15:32:03.709029', NULL, '수림수림수', 'https://k-l1verse.s3.ap-northeast-2.amazonaws.com/6cd2d67f-a8ce-4d6b-bca7-4b11dc2c90f5.jpg'),
	(103, '님이 좋아요를 누르셨습니다.', '2024-02-11 15:29:13.496875', b'1', 'LIKE', '/waggle/23', 1, NULL, '2024-02-11 15:32:03.426781', NULL, '홍나축대장', 'https://k-l1verse.s3.ap-northeast-2.amazonaws.com/be4826e6-eb90-4a67-9f59-cce3286bd844.png'),
	(104, '글 작성 보상으로 10골을 지급 받았습니다.', '2024-02-11 15:32:54.721057', b'1', 'GOAL', '/waggles/1', 1, NULL, '2024-02-11 15:34:01.529309', NULL, NULL, NULL),
	(105, '글 작성 보상으로 10골을 지급 받았습니다.', '2024-02-11 15:32:55.048153', b'1', 'GOAL', '/waggles/2', 1, NULL, '2024-02-11 15:34:01.241847', NULL, NULL, NULL),
	(106, '글 작성 보상으로 10골을 지급 받았습니다.', '2024-02-11 15:35:28.733679', b'1', 'GOAL', '/waggles/3', 1, NULL, '2024-02-15 10:19:08.274991', NULL, NULL, NULL),
	(107, '글 작성 보상으로 10골을 지급 받았습니다.', '2024-02-11 15:39:56.665187', b'1', 'GOAL', '/waggles/7', 2, NULL, NULL, NULL, NULL, NULL),
	(108, '글 작성 보상으로 10골을 지급 받았습니다.', '2024-02-11 15:41:01.675601', b'1', 'GOAL', '/waggles/8', 2, NULL, NULL, NULL, NULL, NULL),
	(109, '님이 새로운 댓글을 달았습니다.', '2024-02-11 15:58:56.351724', b'1', 'COMMENT', '/waggle/7', 2, NULL, NULL, NULL, '홍나축대장', 'https://k-l1verse.s3.ap-northeast-2.amazonaws.com/be4826e6-eb90-4a67-9f59-cce3286bd844.png'),
	(110, '님이 새로운 댓글을 달았습니다.', '2024-02-11 16:13:03.503013', b'1', 'COMMENT', '/waggle/8', 2, NULL, NULL, NULL, '일찐김동훈', 'https://lh3.googleusercontent.com/a/ACg8ocIEjlIuYZw4JIMb_AOEUHiYFB9_WUiyYRi7PR9FqLAw=s96-c'),
	(111, '글 작성 보상으로 10골을 지급 받았습니다.', '2024-02-11 16:16:28.831140', b'1', 'GOAL', '/waggle/14', 14, NULL, '2024-02-15 10:22:30.817818', NULL, NULL, NULL),
	(112, '글 작성 보상으로 10골을 지급 받았습니다.', '2024-02-11 16:20:16.122267', b'1', 'GOAL', '/waggle/15', 14, NULL, '2024-02-15 10:22:30.703008', NULL, NULL, NULL),
	(113, '님이 좋아요를 누르셨습니다.', '2024-02-11 16:22:34.807857', b'1', 'LIKE', '/waggle/1', 1, NULL, '2024-02-15 10:19:07.944048', NULL, '홍윤기짱', 'https://k-l1verse.s3.ap-northeast-2.amazonaws.com/64b34cf1-2d15-4e27-896f-8ffa2137c25a.png'),
	(114, '글 작성 보상으로 10골을 지급 받았습니다.', '2024-02-11 16:22:40.487315', b'1', 'GOAL', '/waggle/16', 2, NULL, NULL, NULL, NULL, NULL),
	(115, '님이 좋아요를 누르셨습니다.', '2024-02-11 16:22:40.868755', b'1', 'LIKE', '/waggle/2', 1, NULL, '2024-02-15 10:19:07.790633', NULL, '홍윤기짱', 'https://k-l1verse.s3.ap-northeast-2.amazonaws.com/64b34cf1-2d15-4e27-896f-8ffa2137c25a.png'),
	(116, '님이 좋아요를 누르셨습니다.', '2024-02-11 16:22:46.360138', b'1', 'LIKE', '/waggle/3', 1, NULL, '2024-02-15 10:19:07.623016', NULL, '홍윤기짱', 'https://k-l1verse.s3.ap-northeast-2.amazonaws.com/64b34cf1-2d15-4e27-896f-8ffa2137c25a.png'),
	(117, '님이 좋아요를 누르셨습니다.', '2024-02-11 16:23:12.725267', b'1', 'LIKE', '/waggle/16', 2, NULL, NULL, NULL, '홍윤기짱', 'https://k-l1verse.s3.ap-northeast-2.amazonaws.com/64b34cf1-2d15-4e27-896f-8ffa2137c25a.png'),
	(118, '님이 새로운 댓글을 달았습니다.', '2024-02-11 16:23:15.205804', b'1', 'COMMENT', '/waggle/16', 2, NULL, '2024-02-12 02:07:13.815714', NULL, '홍윤기짱', 'https://k-l1verse.s3.ap-northeast-2.amazonaws.com/64b34cf1-2d15-4e27-896f-8ffa2137c25a.png'),
	(119, '님이 새로운 댓글을 달았습니다.', '2024-02-11 16:23:19.756882', b'1', 'COMMENT', '/waggle/16', 2, NULL, NULL, NULL, '홍윤기짱', 'https://k-l1verse.s3.ap-northeast-2.amazonaws.com/64b34cf1-2d15-4e27-896f-8ffa2137c25a.png'),
	(120, '글 작성 보상으로 10골을 지급 받았습니다.', '2024-02-11 17:36:36.810949', b'1', 'GOAL', '/waggle/17', 2, NULL, NULL, NULL, NULL, NULL),
	(121, '닉네임 변경으로 1000골을 사용하셨습니다.', NULL, b'1', 'GOAL', '/mypage', 2, NULL, '2024-02-12 02:07:11.914205', NULL, NULL, NULL),
	(122, '닉네임 변경으로 1000골을 사용하셨습니다.', NULL, b'1', 'GOAL', '/mypage', 2, NULL, '2024-02-12 02:07:11.574848', NULL, NULL, NULL),
	(123, '출석 보상으로 10골을 지급 받았습니다.', '2024-02-11 18:29:16.687642', b'1', 'GOAL', '/mypage', 1, NULL, '2024-02-15 10:19:07.476342', NULL, NULL, NULL),
	(124, '님이 새로운 댓글을 달았습니다.', '2024-02-11 18:37:46.096103', b'1', 'COMMENT', '/product/11', 2, NULL, NULL, NULL, '일찐김동훈', 'https://lh3.googleusercontent.com/a/ACg8ocIEjlIuYZw4JIMb_AOEUHiYFB9_WUiyYRi7PR9FqLAw=s96-c'),
	(125, '출석 보상으로 10골을 지급 받았습니다.', '2024-02-11 18:39:18.907278', b'1', 'GOAL', '/mypage', 14, NULL, '2024-02-15 10:22:30.566871', NULL, NULL, NULL),
	(126, '님이 새로운 댓글을 달았습니다.', '2024-02-11 18:39:29.845831', b'1', 'COMMENT', '/product/18', 1, NULL, '2024-02-15 10:19:07.170660', NULL, '홍윤기짱', 'https://k-l1verse.s3.ap-northeast-2.amazonaws.com/64b34cf1-2d15-4e27-896f-8ffa2137c25a.png'),
	(127, '님이 새로운 댓글을 달았습니다.', '2024-02-11 18:39:32.094308', b'1', 'COMMENT', '/product/18', 1, NULL, '2024-02-15 10:19:07.000336', NULL, '홍윤기짱', 'https://k-l1verse.s3.ap-northeast-2.amazonaws.com/64b34cf1-2d15-4e27-896f-8ffa2137c25a.png'),
	(128, '님이 새로운 댓글을 달았습니다.', '2024-02-11 18:40:24.860642', b'1', 'COMMENT', '/product/18', 1, NULL, '2024-02-15 10:19:06.718821', NULL, '수림수림수', 'https://k-l1verse.s3.ap-northeast-2.amazonaws.com/6cd2d67f-a8ce-4d6b-bca7-4b11dc2c90f5.jpg'),
	(129, '님이 새로운 댓글을 달았습니다.', '2024-02-11 18:40:33.256184', b'1', 'COMMENT', '/product/18', 1, NULL, '2024-02-15 10:19:06.565336', NULL, '수림수림수', 'https://k-l1verse.s3.ap-northeast-2.amazonaws.com/6cd2d67f-a8ce-4d6b-bca7-4b11dc2c90f5.jpg'),
	(130, '님이 새로운 댓글을 달았습니다.', '2024-02-11 18:40:35.589101', b'1', 'COMMENT', '/product/18', 1, NULL, '2024-02-15 10:19:06.415071', NULL, '수림수림수', 'https://k-l1verse.s3.ap-northeast-2.amazonaws.com/6cd2d67f-a8ce-4d6b-bca7-4b11dc2c90f5.jpg'),
	(131, '출석 보상으로 10골을 지급 받았습니다.', '2024-02-11 18:48:13.842821', b'1', 'GOAL', '/mypage', 2, NULL, NULL, NULL, NULL, NULL),
	(132, '출석 보상으로 10골을 지급 받았습니다.', '2024-02-11 19:19:11.118914', b'1', 'GOAL', '/mypage', 2, NULL, '2024-02-12 02:07:10.609194', NULL, NULL, NULL),
	(133, '님이 좋아요를 누르셨습니다.', '2024-02-11 19:23:42.463507', b'1', 'LIKE', '/waggle/3', 1, NULL, '2024-02-15 10:19:06.233113', NULL, '수림수림수', 'https://k-l1verse.s3.ap-northeast-2.amazonaws.com/6cd2d67f-a8ce-4d6b-bca7-4b11dc2c90f5.jpg'),
	(134, '출석 보상으로 10골을 지급 받았습니다.', '2024-02-11 19:32:09.097363', b'1', 'GOAL', '/mypage', 17, NULL, NULL, NULL, NULL, NULL),
	(135, '출석 보상으로 10골을 지급 받았습니다.', '2024-02-11 19:56:11.015364', b'1', 'GOAL', '/mypage', 5, NULL, '2024-02-14 08:51:47.399976', NULL, NULL, NULL),
	(136, '뱃지 구매로 1000골을 사용하셨습니다.', NULL, b'1', 'GOAL', '/mypage', 5, NULL, NULL, NULL, NULL, NULL),
	(137, '뱃지 구매로 1000골을 사용하셨습니다.', NULL, b'1', 'GOAL', '/mypage', 5, NULL, NULL, NULL, NULL, NULL),
	(138, '뱃지 구매로 1000골을 사용하셨습니다.', NULL, b'1', 'GOAL', '/mypage', 5, NULL, NULL, NULL, NULL, NULL),
	(139, '뱃지 구매로 1000골을 사용하셨습니다.', NULL, b'1', 'GOAL', '/mypage', 5, NULL, NULL, NULL, NULL, NULL),
	(140, '출석 보상으로 10골을 지급 받았습니다.', '2024-02-11 19:59:51.826412', b'1', 'GOAL', '/mypage', 1, NULL, '2024-02-15 10:19:06.090670', NULL, NULL, NULL),
	(141, '출석 보상으로 10골을 지급 받았습니다.', '2024-02-11 20:04:02.697200', b'1', 'GOAL', '/mypage', 3, NULL, NULL, NULL, NULL, NULL),
	(142, '출석 보상으로 10골을 지급 받았습니다.', '2024-02-11 20:45:16.999057', b'0', 'GOAL', '/mypage', 21, NULL, NULL, NULL, NULL, NULL),
	(143, '출석 보상으로 10골을 지급 받았습니다.', '2024-02-11 20:53:41.574523', b'1', 'GOAL', '/mypage', 22, NULL, '2024-02-15 14:29:53.125875', NULL, NULL, NULL),
	(144, '님이 새로운 댓글을 달았습니다.', '2024-02-11 20:54:20.659525', b'1', 'COMMENT', '/waggle/8', 2, NULL, '2024-02-12 02:07:08.609189', NULL, 'Jay', 'https://lh3.googleusercontent.com/a/ACg8ocL4A7X9UyEjyNJzMAYyW64rNDG1rMf0g-6ERRWhSOo=s96-c'),
	(145, '님이 새로운 댓글을 달았습니다.', '2024-02-11 20:54:21.781316', b'1', 'COMMENT', '/waggle/8', 2, NULL, '2024-02-12 02:07:07.882100', NULL, 'Jay', 'https://lh3.googleusercontent.com/a/ACg8ocL4A7X9UyEjyNJzMAYyW64rNDG1rMf0g-6ERRWhSOo=s96-c'),
	(146, '님이 새로운 댓글을 달았습니다.', '2024-02-11 20:54:25.408951', b'1', 'COMMENT', '/waggle/8', 2, NULL, '2024-02-12 02:07:07.171239', NULL, 'Jay', 'https://lh3.googleusercontent.com/a/ACg8ocL4A7X9UyEjyNJzMAYyW64rNDG1rMf0g-6ERRWhSOo=s96-c'),
	(147, '님이 새로운 댓글을 달았습니다.', '2024-02-11 20:54:28.504013', b'1', 'COMMENT', '/waggle/8', 2, NULL, '2024-02-12 02:07:06.596093', NULL, 'Jay', 'https://lh3.googleusercontent.com/a/ACg8ocL4A7X9UyEjyNJzMAYyW64rNDG1rMf0g-6ERRWhSOo=s96-c'),
	(148, '님이 새로운 댓글을 달았습니다.', '2024-02-11 20:54:28.799060', b'1', 'COMMENT', '/waggle/8', 2, NULL, '2024-02-12 02:07:05.934832', NULL, 'Jay', 'https://lh3.googleusercontent.com/a/ACg8ocL4A7X9UyEjyNJzMAYyW64rNDG1rMf0g-6ERRWhSOo=s96-c'),
	(149, '님이 새로운 댓글을 달았습니다.', '2024-02-11 20:55:20.939048', b'1', 'COMMENT', '/waggle/8', 2, NULL, '2024-02-12 02:07:05.555638', NULL, 'Jay', 'https://lh3.googleusercontent.com/a/ACg8ocL4A7X9UyEjyNJzMAYyW64rNDG1rMf0g-6ERRWhSOo=s96-c'),
	(150, '글 작성 보상으로 10골을 지급 받았습니다.', '2024-02-11 20:57:11.797592', b'1', 'GOAL', '/waggle/19', 22, NULL, '2024-02-15 14:29:52.975795', NULL, NULL, NULL),
	(151, '닉네임 변경으로 1000골을 사용하셨습니다.', NULL, b'1', 'GOAL', '/mypage', 22, NULL, '2024-02-15 14:29:52.823201', NULL, NULL, NULL),
	(152, '오스마르, 수원 잡으러 왔다..."난 여전히 하이 레벨, 새로운 슈퍼매치 기대해"', '2024-02-11 21:00:02.487730', b'1', 'NEWS', 'https://sports.news.naver.com/news?oid=311&aid=0001690584', 2, NULL, NULL, NULL, NULL, NULL),
	(153, '글 작성 보상으로 10골을 지급 받았습니다.', '2024-02-11 21:17:13.249042', b'1', 'GOAL', '/waggle/22', 2, NULL, NULL, NULL, NULL, NULL),
	(154, '출석 보상으로 10골을 지급 받았습니다.', '2024-02-11 21:20:29.632621', b'1', 'GOAL', '/mypage', 23, NULL, NULL, NULL, NULL, NULL),
	(155, '글 작성 보상으로 10골을 지급 받았습니다.', '2024-02-11 21:58:25.082261', b'1', 'GOAL', '/waggle/24', 3, NULL, NULL, NULL, NULL, NULL),
	(156, '글 작성 보상으로 10골을 지급 받았습니다.', '2024-02-11 22:06:58.162991', b'1', 'GOAL', '/waggle/28', 22, NULL, '2024-02-15 14:29:52.689678', NULL, NULL, NULL),
	(157, '출석 보상으로 10골을 지급 받았습니다.', '2024-02-11 22:07:54.905665', b'1', 'GOAL', '/mypage', 16, NULL, NULL, NULL, NULL, NULL),
	(158, '님이 좋아요를 누르셨습니다.', '2024-02-11 22:38:07.972378', b'1', 'LIKE', '/waggle/28', 22, NULL, '2024-02-15 14:29:52.543429', NULL, '수림수림수', 'https://k-l1verse.s3.ap-northeast-2.amazonaws.com/6cd2d67f-a8ce-4d6b-bca7-4b11dc2c90f5.jpg'),
	(159, '님이 새로운 댓글을 달았습니다.', '2024-02-11 22:38:12.199018', b'1', 'COMMENT', '/waggle/28', 22, NULL, '2024-02-15 14:29:52.399305', NULL, '수림수림수', 'https://k-l1verse.s3.ap-northeast-2.amazonaws.com/6cd2d67f-a8ce-4d6b-bca7-4b11dc2c90f5.jpg'),
	(160, '님이 새로운 댓글을 달았습니다.', '2024-02-11 22:38:28.373536', b'1', 'COMMENT', '/waggle/24', 3, NULL, NULL, NULL, '수림수림수', 'https://k-l1verse.s3.ap-northeast-2.amazonaws.com/6cd2d67f-a8ce-4d6b-bca7-4b11dc2c90f5.jpg'),
	(161, '출석 보상으로 10골을 지급 받았습니다.', '2024-02-12 00:09:01.868862', b'1', 'GOAL', '/mypage', 1, NULL, '2024-02-15 10:19:05.914372', NULL, NULL, NULL),
	(162, '뱃지 구매로 1000골을 사용하셨습니다.', NULL, b'1', 'GOAL', '/mypage', 1, NULL, '2024-02-15 10:19:05.781772', NULL, NULL, NULL),
	(163, '출석 보상으로 10골을 지급 받았습니다.', '2024-02-12 00:53:12.054903', b'1', 'GOAL', '/mypage', 2, NULL, NULL, NULL, NULL, NULL),
	(164, '출석 보상으로 10골을 지급 받았습니다.', '2024-02-12 00:53:21.228543', b'1', 'GOAL', '/mypage', 16, NULL, NULL, NULL, NULL, NULL),
	(165, '뱃지 구매로 1000골을 사용하셨습니다.', NULL, b'1', 'GOAL', '/mypage', 16, NULL, NULL, NULL, NULL, NULL),
	(166, '뱃지 구매로 1000골을 사용하셨습니다.', NULL, b'1', 'GOAL', '/mypage', 23, NULL, NULL, NULL, NULL, NULL),
	(167, '님이 새로운 댓글을 달았습니다.', '2024-02-12 00:57:02.086598', b'1', 'COMMENT', '/waggle/22', 2, NULL, '2024-02-12 02:07:04.318530', NULL, '네이버수림', 'https://ssl.pstatic.net/static/pwe/address/img_profile.png'),
	(168, '님이 새로운 댓글을 달았습니다.', '2024-02-12 01:04:50.616291', b'1', 'COMMENT', '/waggle/28', 22, NULL, '2024-02-15 14:29:52.257210', NULL, '수림수림수', 'https://k-l1verse.s3.ap-northeast-2.amazonaws.com/6cd2d67f-a8ce-4d6b-bca7-4b11dc2c90f5.jpg'),
	(169, '님이 새로운 댓글을 달았습니다.', '2024-02-12 01:09:10.433168', b'1', 'COMMENT', '/waggle/28', 22, NULL, '2024-02-15 14:29:52.137733', NULL, '수림수림수', 'https://k-l1verse.s3.ap-northeast-2.amazonaws.com/6cd2d67f-a8ce-4d6b-bca7-4b11dc2c90f5.jpg'),
	(170, '님이 새로운 댓글을 달았습니다.', '2024-02-12 01:09:10.709935', b'1', 'COMMENT', '/waggle/28', 22, NULL, '2024-02-15 14:29:51.997380', NULL, '수림수림수', 'https://k-l1verse.s3.ap-northeast-2.amazonaws.com/6cd2d67f-a8ce-4d6b-bca7-4b11dc2c90f5.jpg'),
	(171, '님이 새로운 댓글을 달았습니다.', '2024-02-12 01:09:10.825169', b'1', 'COMMENT', '/waggle/28', 22, NULL, '2024-02-15 14:29:51.853080', NULL, '수림수림수', 'https://k-l1verse.s3.ap-northeast-2.amazonaws.com/6cd2d67f-a8ce-4d6b-bca7-4b11dc2c90f5.jpg'),
	(172, '님이 새로운 댓글을 달았습니다.', '2024-02-12 01:09:10.941083', b'1', 'COMMENT', '/waggle/28', 22, NULL, '2024-02-15 14:29:51.713478', NULL, '수림수림수', 'https://k-l1verse.s3.ap-northeast-2.amazonaws.com/6cd2d67f-a8ce-4d6b-bca7-4b11dc2c90f5.jpg'),
	(173, '닉네임 변경으로 1000골을 사용하셨습니다.', NULL, b'1', 'GOAL', '/mypage', 1, NULL, '2024-02-15 10:19:05.501158', NULL, NULL, NULL),
	(174, '닉네임 변경으로 1000골을 사용하셨습니다.', NULL, b'1', 'GOAL', '/mypage', 1, NULL, '2024-02-15 10:19:05.334228', NULL, NULL, NULL),
	(175, '글 작성 보상으로 10골을 지급 받았습니다.', '2024-02-12 02:08:18.879690', b'1', 'GOAL', '/waggle/29', 2, NULL, NULL, NULL, NULL, NULL),
	(176, '님이 새로운 댓글을 달았습니다.', '2024-02-12 02:15:09.374638', b'1', 'COMMENT', '/waggle/30', 1, NULL, '2024-02-15 10:19:05.178844', NULL, '수림수림수', 'https://k-l1verse.s3.ap-northeast-2.amazonaws.com/6cd2d67f-a8ce-4d6b-bca7-4b11dc2c90f5.jpg'),
	(177, '님이 새로운 댓글을 달았습니다.', '2024-02-12 02:16:15.418617', b'1', 'COMMENT', '/waggle/30', 1, NULL, '2024-02-15 10:19:05.021164', NULL, '궁예', 'https://k-l1verse.s3.ap-northeast-2.amazonaws.com/bd816c51-ac28-41ae-8985-7299935c3017.jpeg'),
	(178, '글 작성 보상으로 10골을 지급 받았습니다.', '2024-02-12 02:16:34.396495', b'1', 'GOAL', '/waggle/31', 3, NULL, NULL, NULL, NULL, NULL),
	(179, '님이 새로운 댓글을 달았습니다.', '2024-02-12 02:16:45.282511', b'1', 'COMMENT', '/waggle/29', 2, NULL, NULL, NULL, '궁예', 'https://k-l1verse.s3.ap-northeast-2.amazonaws.com/bd816c51-ac28-41ae-8985-7299935c3017.jpeg'),
	(180, '글 작성 보상으로 10골을 지급 받았습니다.', '2024-02-12 02:32:52.623723', b'1', 'GOAL', '/waggle/34', 3, NULL, NULL, NULL, NULL, NULL),
	(181, '글 작성 보상으로 10골을 지급 받았습니다.', '2024-02-12 02:36:45.223045', b'1', 'GOAL', '/waggle/35', 1, NULL, '2024-02-15 10:19:04.761657', NULL, NULL, NULL),
	(182, '님이 좋아요를 누르셨습니다.', '2024-02-12 02:37:04.332990', b'1', 'LIKE', '/waggle/34', 3, NULL, NULL, NULL, '일찐김동훈', 'https://lh3.googleusercontent.com/a/ACg8ocIEjlIuYZw4JIMb_AOEUHiYFB9_WUiyYRi7PR9FqLAw=s96-c'),
	(183, '님이 좋아요를 누르셨습니다.', '2024-02-12 02:44:52.989181', b'1', 'LIKE', '/waggle/29', 2, NULL, NULL, NULL, '일찐김동훈', 'https://lh3.googleusercontent.com/a/ACg8ocIEjlIuYZw4JIMb_AOEUHiYFB9_WUiyYRi7PR9FqLAw=s96-c'),
	(184, '님이 좋아요를 누르셨습니다.', '2024-02-12 02:44:56.058646', b'1', 'LIKE', '/waggle/29', 2, NULL, NULL, NULL, '일찐김동훈', 'https://lh3.googleusercontent.com/a/ACg8ocIEjlIuYZw4JIMb_AOEUHiYFB9_WUiyYRi7PR9FqLAw=s96-c'),
	(185, '님이 좋아요를 누르셨습니다.', '2024-02-12 02:45:08.825856', b'1', 'LIKE', '/waggle/34', 3, NULL, NULL, NULL, '일찐김동훈', 'https://lh3.googleusercontent.com/a/ACg8ocIEjlIuYZw4JIMb_AOEUHiYFB9_WUiyYRi7PR9FqLAw=s96-c'),
	(186, '출석 보상으로 10골을 지급 받았습니다.', '2024-02-12 10:09:35.320145', b'1', 'GOAL', '/mypage', 23, NULL, NULL, NULL, NULL, NULL),
	(187, '출석 보상으로 10골을 지급 받았습니다.', '2024-02-12 10:36:19.865822', b'1', 'GOAL', '/mypage', 2, NULL, NULL, NULL, NULL, NULL),
	(188, '출석 보상으로 10골을 지급 받았습니다.', '2024-02-12 12:15:37.294580', b'1', 'GOAL', '/mypage', 5, NULL, NULL, NULL, NULL, NULL),
	(189, '출석 보상으로 10골을 지급 받았습니다.', '2024-02-12 13:44:25.049543', b'1', 'GOAL', '/mypage', 1, NULL, '2024-02-15 10:19:04.616647', NULL, NULL, NULL),
	(190, '출석 보상으로 10골을 지급 받았습니다.', '2024-02-12 14:03:01.598092', b'1', 'GOAL', '/mypage', 22, NULL, '2024-02-15 14:29:51.556975', NULL, NULL, NULL),
	(191, '님이 좋아요를 누르셨습니다.', '2024-02-12 14:03:21.747263', b'1', 'LIKE', '/waggle/29', 2, NULL, NULL, NULL, 'Sonny', 'https://lh3.googleusercontent.com/a/ACg8ocL4A7X9UyEjyNJzMAYyW64rNDG1rMf0g-6ERRWhSOo=s96-c'),
	(192, '뱃지 구매로 1000골을 사용하셨습니다.', NULL, b'1', 'GOAL', '/mypage', 5, NULL, NULL, NULL, NULL, NULL),
	(193, '뱃지 구매로 1000골을 사용하셨습니다.', NULL, b'1', 'GOAL', '/mypage', 5, NULL, NULL, NULL, NULL, NULL),
	(194, '글 작성 보상으로 10골을 지급 받았습니다.', '2024-02-12 14:04:42.040267', b'1', 'GOAL', '/waggle/37', 22, NULL, '2024-02-15 14:29:51.424919', NULL, NULL, NULL),
	(195, 'FC서울에서 서울E로…2부 ‘첫’ 도전 오스마르 “한국서 은퇴할 기회, 수원과는 또 다른 ‘슈퍼매치’”[현장인터뷰]', '2024-02-12 14:15:02.217489', b'1', 'NEWS', 'https://sports.news.naver.com/news?oid=468&aid=0001029656', 2, NULL, NULL, NULL, NULL, NULL),
	(196, '뱃지 구매로 1000골을 사용하셨습니다.', NULL, b'1', 'GOAL', '/mypage', 5, NULL, NULL, NULL, NULL, NULL),
	(197, '닉네임 변경으로 1000골을 사용하셨습니다.', NULL, b'1', 'GOAL', '/mypage', 1, NULL, '2024-02-15 10:19:04.472624', NULL, NULL, NULL),
	(198, '닉네임 변경으로 1000골을 사용하셨습니다.', NULL, b'1', 'GOAL', '/mypage', 1, NULL, '2024-02-15 10:19:04.319891', NULL, NULL, NULL),
	(199, '닉네임 변경으로 1000골을 사용하셨습니다.', NULL, b'1', 'GOAL', '/mypage', 1, NULL, '2024-02-15 10:19:04.180768', NULL, NULL, NULL),
	(200, '닉네임 변경으로 1000골을 사용하셨습니다.', NULL, b'1', 'GOAL', '/mypage', 1, NULL, '2024-02-15 10:19:04.017190', NULL, NULL, NULL),
	(201, '닉네임 변경으로 1000골을 사용하셨습니다.', NULL, b'1', 'GOAL', '/mypage', 1, NULL, '2024-02-15 10:19:03.871574', NULL, NULL, NULL),
	(202, '닉네임 변경으로 1000골을 사용하셨습니다.', NULL, b'1', 'GOAL', '/mypage', 1, NULL, '2024-02-15 10:19:03.719009', NULL, NULL, NULL),
	(203, '뱃지 구매로 1000골을 사용하셨습니다.', NULL, b'1', 'GOAL', '/mypage', 1, NULL, '2024-02-15 10:19:03.576017', NULL, NULL, NULL),
	(204, '출석 보상으로 10골을 지급 받았습니다.', '2024-02-12 16:30:06.921884', b'1', 'GOAL', '/mypage', 3, NULL, NULL, NULL, NULL, NULL),
	(205, '출석 보상으로 10골을 지급 받았습니다.', '2024-02-12 17:53:01.270976', b'1', 'GOAL', '/mypage', 24, NULL, NULL, NULL, NULL, NULL),
	(206, '뱃지 구매로 1000골을 사용하셨습니다.', NULL, b'1', 'GOAL', '/mypage', 24, NULL, NULL, NULL, NULL, NULL),
	(207, '님이 새로운 댓글을 달았습니다.', '2024-02-12 17:56:09.014509', b'1', 'COMMENT', '/product/5', 2, NULL, NULL, NULL, '율리', 'http://k.kakaocdn.net/dn/1G9kp/btsAot8liOn/8CWudi3uy07rvFNUkk3ER0/img_640x640.jpg'),
	(208, '51년 역사의 포항, 사상 첫 \'외국인 주장\' 완델손 → 뭘 보고 확신했나', '2024-02-12 18:00:01.297924', b'1', 'NEWS', 'https://sports.news.naver.com/news?oid=076&aid=0004109266', 16, NULL, NULL, NULL, NULL, NULL),
	(209, '출석 보상으로 10골을 지급 받았습니다.', '2024-02-12 19:55:38.600750', b'1', 'GOAL', '/mypage', 16, NULL, NULL, NULL, NULL, NULL),
	(210, '글 작성 보상으로 10골을 지급 받았습니다.', '2024-02-12 20:17:25.117862', b'1', 'GOAL', '/waggle/83', 22, NULL, '2024-02-15 14:29:51.291915', NULL, NULL, NULL),
	(211, '글 작성 보상으로 10골을 지급 받았습니다.', '2024-02-12 20:44:35.388546', b'1', 'GOAL', '/mate/92', 16, NULL, NULL, NULL, NULL, NULL),
	(212, '글 작성 보상으로 10골을 지급 받았습니다.', '2024-02-12 20:44:52.126040', b'1', 'GOAL', '/mate/93', 1, NULL, '2024-02-15 10:19:03.400946', NULL, NULL, NULL),
	(213, '님이 새로운 댓글을 달았습니다.', '2024-02-12 20:46:01.138566', b'1', 'COMMENT', '/mate/92', 16, NULL, NULL, NULL, 'Sonny', 'https://lh3.googleusercontent.com/a/ACg8ocL4A7X9UyEjyNJzMAYyW64rNDG1rMf0g-6ERRWhSOo=s96-c'),
	(214, '님이 새로운 댓글을 달았습니다.', '2024-02-12 20:46:05.817501', b'1', 'COMMENT', '/mate/92', 16, NULL, NULL, NULL, 'Sonny', 'https://lh3.googleusercontent.com/a/ACg8ocL4A7X9UyEjyNJzMAYyW64rNDG1rMf0g-6ERRWhSOo=s96-c'),
	(215, '님이 새로운 댓글을 달았습니다.', '2024-02-12 20:46:07.549984', b'1', 'COMMENT', '/mate/92', 16, NULL, NULL, NULL, 'Sonny', 'https://lh3.googleusercontent.com/a/ACg8ocL4A7X9UyEjyNJzMAYyW64rNDG1rMf0g-6ERRWhSOo=s96-c'),
	(216, '글 작성 보상으로 10골을 지급 받았습니다.', '2024-02-12 20:47:23.796774', b'1', 'GOAL', '/waggle/95', 16, NULL, NULL, NULL, NULL, NULL),
	(217, '글 작성 보상으로 10골을 지급 받았습니다.', '2024-02-12 21:17:26.898235', b'1', 'GOAL', '/waggle/115', 5, NULL, NULL, NULL, NULL, NULL),
	(218, '님이 좋아요를 누르셨습니다.', '2024-02-12 21:19:43.147465', b'1', 'LIKE', '/waggle/115', 5, NULL, NULL, NULL, '일찐김동훈', 'https://k-l1verse.s3.ap-northeast-2.amazonaws.com/41464052-56ec-465c-b5bf-1d5703715c8b.jpg'),
	(219, '님이 좋아요를 누르셨습니다.', '2024-02-12 21:19:58.374160', b'1', 'LIKE', '/waggle/115', 5, NULL, NULL, NULL, 'Sonny', 'https://lh3.googleusercontent.com/a/ACg8ocL4A7X9UyEjyNJzMAYyW64rNDG1rMf0g-6ERRWhSOo=s96-c'),
	(220, '글 작성 보상으로 10골을 지급 받았습니다.', '2024-02-12 21:20:13.166444', b'1', 'GOAL', '/waggle/117', 22, NULL, '2024-02-15 14:29:51.147045', NULL, NULL, NULL),
	(221, '글 작성 보상으로 10골을 지급 받았습니다.', '2024-02-12 21:20:45.873272', b'1', 'GOAL', '/waggle/118', 1, NULL, '2024-02-15 10:19:03.166838', NULL, NULL, NULL),
	(222, '님이 댓글 좋아요를 누르셨습니다.', '2024-02-12 21:21:47.949389', b'1', 'LIKE', '/waggle/118', 1, NULL, '2024-02-15 10:19:03.002987', NULL, '홍나축대장', 'https://k-l1verse.s3.ap-northeast-2.amazonaws.com/be4826e6-eb90-4a67-9f59-cce3286bd844.png'),
	(223, '님이 좋아요를 누르셨습니다.', '2024-02-12 21:27:32.133755', b'1', 'LIKE', '/waggle/118', 1, NULL, '2024-02-15 10:19:02.890777', NULL, '고해림', 'http://k.kakaocdn.net/dn/yxtkI/btsB7kujEgB/JA3oMYkQgG8wUpXnpSaFe1/img_640x640.jpg'),
	(224, '님이 댓글 좋아요를 누르셨습니다.', '2024-02-12 21:27:34.595996', b'1', 'LIKE', '/waggle/118', 1, NULL, '2024-02-15 10:19:02.519688', NULL, '고해림', 'http://k.kakaocdn.net/dn/yxtkI/btsB7kujEgB/JA3oMYkQgG8wUpXnpSaFe1/img_640x640.jpg'),
	(225, '님이 새로운 댓글을 달았습니다.', '2024-02-12 21:28:11.537792', b'1', 'COMMENT', '/waggle/119', 3, NULL, NULL, NULL, '고해림', 'http://k.kakaocdn.net/dn/yxtkI/btsB7kujEgB/JA3oMYkQgG8wUpXnpSaFe1/img_640x640.jpg'),
	(226, '님이 댓글 좋아요를 누르셨습니다.', '2024-02-12 21:48:48.613361', b'1', 'LIKE', '/waggle/118', 1, NULL, '2024-02-15 10:19:02.377531', NULL, 'Sonny', 'https://lh3.googleusercontent.com/a/ACg8ocL4A7X9UyEjyNJzMAYyW64rNDG1rMf0g-6ERRWhSOo=s96-c'),
	(227, '님이 댓글 좋아요를 누르셨습니다.', '2024-02-12 21:48:51.640166', b'1', 'LIKE', '/waggle/118', 1, NULL, '2024-02-15 10:19:02.243512', NULL, 'Sonny', 'https://lh3.googleusercontent.com/a/ACg8ocL4A7X9UyEjyNJzMAYyW64rNDG1rMf0g-6ERRWhSOo=s96-c'),
	(228, '님이 좋아요를 누르셨습니다.', '2024-02-12 21:49:01.765210', b'1', 'LIKE', '/waggle/118', 1, NULL, '2024-02-15 10:19:02.120504', NULL, 'Sonny', 'https://lh3.googleusercontent.com/a/ACg8ocL4A7X9UyEjyNJzMAYyW64rNDG1rMf0g-6ERRWhSOo=s96-c'),
	(229, '님이 새로운 댓글을 달았습니다.', '2024-02-12 21:49:08.712685', b'1', 'COMMENT', '/waggle/118', 1, NULL, '2024-02-15 10:19:01.943006', NULL, 'Sonny', 'https://lh3.googleusercontent.com/a/ACg8ocL4A7X9UyEjyNJzMAYyW64rNDG1rMf0g-6ERRWhSOo=s96-c'),
	(230, '글 작성 보상으로 10골을 지급 받았습니다.', '2024-02-12 21:51:05.959522', b'1', 'GOAL', '/product/122', 22, NULL, '2024-02-15 14:29:51.002919', NULL, NULL, NULL),
	(231, '글 작성 보상으로 10골을 지급 받았습니다.', '2024-02-12 23:33:28.639152', b'1', 'GOAL', '/waggle/126', 2, NULL, NULL, NULL, NULL, NULL),
	(232, '님이 좋아요를 누르셨습니다.', '2024-02-12 23:35:40.371957', b'1', 'LIKE', '/waggle/115', 5, NULL, NULL, NULL, '수림수림수', 'https://k-l1verse.s3.ap-northeast-2.amazonaws.com/6cd2d67f-a8ce-4d6b-bca7-4b11dc2c90f5.jpg'),
	(233, '님이 새로운 댓글을 달았습니다.', '2024-02-12 23:36:25.842641', b'1', 'COMMENT', '/waggle/126', 2, NULL, NULL, NULL, 'Sonny', 'https://lh3.googleusercontent.com/a/ACg8ocL4A7X9UyEjyNJzMAYyW64rNDG1rMf0g-6ERRWhSOo=s96-c'),
	(234, '뱃지 구매로 1000골을 사용하셨습니다.', NULL, b'1', 'GOAL', '/mypage', 3, NULL, NULL, NULL, NULL, NULL),
	(235, '출석 보상으로 10골을 지급 받았습니다.', '2024-02-13 00:21:36.045981', b'1', 'GOAL', '/mypage', 12, NULL, NULL, NULL, NULL, NULL),
	(236, '뱃지 구매로 1000골을 사용하셨습니다.', NULL, b'1', 'GOAL', '/mypage', 12, NULL, NULL, NULL, NULL, NULL),
	(237, '뱃지 구매로 1000골을 사용하셨습니다.', NULL, b'1', 'GOAL', '/mypage', 12, NULL, NULL, NULL, NULL, NULL),
	(238, '뱃지 구매로 1000골을 사용하셨습니다.', NULL, b'1', 'GOAL', '/mypage', 12, NULL, NULL, NULL, NULL, NULL),
	(239, '뱃지 구매로 1000골을 사용하셨습니다.', NULL, b'1', 'GOAL', '/mypage', 12, NULL, NULL, NULL, NULL, NULL),
	(240, '님이 댓글 좋아요를 누르셨습니다.', '2024-02-13 01:31:01.992169', b'1', 'LIKE', '/waggle/126', 12, NULL, NULL, NULL, '수림수림수', 'https://k-l1verse.s3.ap-northeast-2.amazonaws.com/6cd2d67f-a8ce-4d6b-bca7-4b11dc2c90f5.jpg'),
	(241, '출석 보상으로 10골을 지급 받았습니다.', '2024-02-13 01:34:12.599196', b'1', 'GOAL', '/mypage', 23, NULL, NULL, NULL, NULL, NULL),
	(242, '님이 좋아요를 누르셨습니다.', '2024-02-13 01:34:42.536799', b'1', 'LIKE', '/waggle/126', 2, NULL, NULL, NULL, '네이버수림', 'https://k-l1verse.s3.ap-northeast-2.amazonaws.com/21037f19-04c6-4944-9372-177715867eba.jpeg'),
	(243, '님이 댓글 좋아요를 누르셨습니다.', '2024-02-13 01:34:43.685116', b'1', 'LIKE', '/waggle/126', 2, NULL, NULL, NULL, '네이버수림', 'https://k-l1verse.s3.ap-northeast-2.amazonaws.com/21037f19-04c6-4944-9372-177715867eba.jpeg'),
	(244, '님이 댓글 좋아요를 누르셨습니다.', '2024-02-13 01:34:44.794284', b'1', 'LIKE', '/waggle/126', 12, NULL, NULL, NULL, '네이버수림', 'https://k-l1verse.s3.ap-northeast-2.amazonaws.com/21037f19-04c6-4944-9372-177715867eba.jpeg'),
	(245, '님이 댓글 좋아요를 누르셨습니다.', '2024-02-13 01:34:46.739642', b'1', 'LIKE', '/waggle/126', 2, NULL, NULL, NULL, '네이버수림', 'https://k-l1verse.s3.ap-northeast-2.amazonaws.com/21037f19-04c6-4944-9372-177715867eba.jpeg'),
	(246, '님이 댓글 좋아요를 누르셨습니다.', '2024-02-13 01:34:49.720777', b'1', 'LIKE', '/waggle/126', 22, NULL, '2024-02-15 14:29:50.783788', NULL, '네이버수림', 'https://k-l1verse.s3.ap-northeast-2.amazonaws.com/21037f19-04c6-4944-9372-177715867eba.jpeg'),
	(247, '출석 보상으로 10골을 지급 받았습니다.', '2024-02-13 01:35:11.776661', b'1', 'GOAL', '/mypage', 2, NULL, NULL, NULL, NULL, NULL),
	(248, '님이 좋아요를 누르셨습니다.', '2024-02-13 01:37:09.771225', b'1', 'LIKE', '/waggle/126', 2, NULL, NULL, NULL, '츄리미', 'https://k-l1verse.s3.ap-northeast-2.amazonaws.com/aea8004e-c402-4185-8b90-8e565241aae8.jpeg'),
	(249, '출석 보상으로 10골을 지급 받았습니다.', '2024-02-13 06:44:41.402802', b'1', 'GOAL', '/mypage', 2, NULL, NULL, NULL, NULL, NULL),
	(250, '출석 보상으로 10골을 지급 받았습니다.', '2024-02-13 08:46:22.578563', b'1', 'GOAL', '/mypage', 1, NULL, '2024-02-15 10:19:01.800891', NULL, NULL, NULL),
	(251, '출석 보상으로 10골을 지급 받았습니다.', '2024-02-13 08:46:27.323198', b'1', 'GOAL', '/mypage', 3, NULL, NULL, NULL, NULL, NULL),
	(252, '출석 보상으로 10골을 지급 받았습니다.', '2024-02-13 08:51:27.515919', b'1', 'GOAL', '/mypage', 5, NULL, NULL, NULL, NULL, NULL),
	(253, '출석 보상으로 10골을 지급 받았습니다.', '2024-02-13 09:08:45.962291', b'1', 'GOAL', '/mypage', 14, NULL, '2024-02-15 10:22:30.350948', NULL, NULL, NULL),
	(254, '님이 새로운 댓글을 달았습니다.', '2024-02-13 09:09:17.159235', b'1', 'COMMENT', '/waggle/126', 2, NULL, NULL, NULL, '홍윤기짱', 'https://k-l1verse.s3.ap-northeast-2.amazonaws.com/64b34cf1-2d15-4e27-896f-8ffa2137c25a.png'),
	(255, '출석 보상으로 10골을 지급 받았습니다.', '2024-02-13 09:09:21.176042', b'1', 'GOAL', '/mypage', 22, NULL, '2024-02-15 14:29:50.634369', NULL, NULL, NULL),
	(256, '뱃지 구매로 1000골을 사용하셨습니다.', NULL, b'1', 'GOAL', '/mypage', 22, NULL, '2024-02-15 14:29:50.497742', NULL, NULL, NULL),
	(257, '뱃지 구매로 1000골을 사용하셨습니다.', NULL, b'1', 'GOAL', '/mypage', 22, NULL, '2024-02-15 14:29:50.383429', NULL, NULL, NULL),
	(258, '닉네임 변경으로 1000골을 사용하셨습니다.', NULL, b'1', 'GOAL', '/mypage', 22, NULL, '2024-02-15 14:29:49.977735', NULL, NULL, NULL),
	(259, '글 작성 보상으로 10골을 지급 받았습니다.', '2024-02-13 09:17:31.209843', b'1', 'GOAL', '/waggle/134', 22, NULL, '2024-02-15 14:29:49.844448', NULL, NULL, NULL),
	(260, '닉네임 변경으로 1000골을 사용하셨습니다.', NULL, b'1', 'GOAL', '/mypage', 22, NULL, '2024-02-15 14:29:49.588952', NULL, NULL, NULL),
	(261, '님이 새로운 댓글을 달았습니다.', '2024-02-13 10:22:19.854977', b'1', 'COMMENT', '/product/122', 22, NULL, '2024-02-15 14:29:49.474952', NULL, '일찐김동훈', 'https://k-l1verse.s3.ap-northeast-2.amazonaws.com/f9f1db5a-e856-407b-8c9c-635145f53ef1.jpg'),
	(262, '출석 보상으로 10골을 지급 받았습니다.', '2024-02-13 11:00:06.434926', b'1', 'GOAL', '/mypage', 1, NULL, '2024-02-15 10:19:01.643476', NULL, NULL, NULL),
	(263, '출석 보상으로 10골을 지급 받았습니다.', '2024-02-13 11:05:08.544178', b'1', 'GOAL', '/mypage', 22, NULL, '2024-02-15 14:29:49.328430', NULL, NULL, NULL),
	(264, '출석 보상으로 10골을 지급 받았습니다.', '2024-02-13 11:05:10.230687', b'1', 'GOAL', '/mypage', 2, NULL, NULL, NULL, NULL, NULL),
	(265, '출석 보상으로 10골을 지급 받았습니다.', '2024-02-13 11:10:29.122894', b'1', 'GOAL', '/mypage', 3, NULL, NULL, NULL, NULL, NULL),
	(266, '글 작성 보상으로 10골을 지급 받았습니다.', '2024-02-13 11:11:20.682966', b'1', 'GOAL', '/waggle/146', 3, NULL, NULL, NULL, NULL, NULL),
	(267, '출석 보상으로 10골을 지급 받았습니다.', '2024-02-13 11:30:18.997697', b'1', 'GOAL', '/mypage', 14, NULL, '2024-02-15 10:22:30.230654', NULL, NULL, NULL),
	(268, '님이 새로운 댓글을 달았습니다.', '2024-02-13 12:14:12.887657', b'1', 'COMMENT', '/waggle/150', 3, NULL, NULL, NULL, '프론트개초보', 'https://lh3.googleusercontent.com/a/ACg8ocL4A7X9UyEjyNJzMAYyW64rNDG1rMf0g-6ERRWhSOo=s96-c'),
	(269, '출석 보상으로 10골을 지급 받았습니다.', '2024-02-13 12:16:33.612084', b'1', 'GOAL', '/mypage', 5, NULL, NULL, NULL, NULL, NULL),
	(270, '글 작성 보상으로 10골을 지급 받았습니다.', '2024-02-13 12:17:19.577684', b'1', 'GOAL', '/waggle/151', 5, NULL, NULL, NULL, NULL, NULL),
	(271, '님이 새로운 댓글을 달았습니다.', '2024-02-13 12:23:29.526600', b'1', 'COMMENT', '/waggle/151', 5, NULL, NULL, NULL, '궁예', 'https://k-l1verse.s3.ap-northeast-2.amazonaws.com/bd816c51-ac28-41ae-8985-7299935c3017.jpeg'),
	(272, '글 작성 보상으로 10골을 지급 받았습니다.', '2024-02-13 12:23:55.187173', b'1', 'GOAL', '/waggle/155', 3, NULL, NULL, NULL, NULL, NULL),
	(273, '글 작성 보상으로 10골을 지급 받았습니다.', '2024-02-13 12:25:19.685272', b'1', 'GOAL', '/waggle/157', 3, NULL, NULL, NULL, NULL, NULL),
	(274, '글 작성 보상으로 10골을 지급 받았습니다.', '2024-02-13 12:28:59.447716', b'1', 'GOAL', '/waggle/158', 5, NULL, '2024-02-13 15:32:14.777121', NULL, NULL, NULL),
	(275, '님이 새로운 댓글을 달았습니다.', '2024-02-13 12:47:13.344358', b'1', 'COMMENT', '/product/144', 1, NULL, '2024-02-15 10:19:01.475454', NULL, '수림수림수', 'https://k-l1verse.s3.ap-northeast-2.amazonaws.com/6cd2d67f-a8ce-4d6b-bca7-4b11dc2c90f5.jpg'),
	(276, '글 작성 보상으로 10골을 지급 받았습니다.', '2024-02-13 12:48:00.591137', b'1', 'GOAL', '/product/162', 2, NULL, NULL, NULL, NULL, NULL),
	(277, '님이 좋아요를 누르셨습니다.', '2024-02-13 12:48:53.970522', b'1', 'LIKE', '/waggle/157', 3, NULL, NULL, NULL, '수림수림수', 'https://k-l1verse.s3.ap-northeast-2.amazonaws.com/6cd2d67f-a8ce-4d6b-bca7-4b11dc2c90f5.jpg'),
	(278, '님이 새로운 댓글을 달았습니다.', '2024-02-13 12:48:56.442874', b'1', 'COMMENT', '/waggle/157', 3, NULL, NULL, NULL, '수림수림수', 'https://k-l1verse.s3.ap-northeast-2.amazonaws.com/6cd2d67f-a8ce-4d6b-bca7-4b11dc2c90f5.jpg'),
	(279, '님이 새로운 댓글을 달았습니다.', '2024-02-13 12:49:08.659414', b'1', 'COMMENT', '/product/161', 3, NULL, NULL, NULL, '수림수림수', 'https://k-l1verse.s3.ap-northeast-2.amazonaws.com/6cd2d67f-a8ce-4d6b-bca7-4b11dc2c90f5.jpg'),
	(280, '님이 새로운 댓글을 달았습니다.', '2024-02-13 12:49:27.008871', b'1', 'COMMENT', '/waggle/158', 5, NULL, NULL, NULL, '수림수림수', 'https://k-l1verse.s3.ap-northeast-2.amazonaws.com/6cd2d67f-a8ce-4d6b-bca7-4b11dc2c90f5.jpg'),
	(281, '님이 새로운 댓글을 달았습니다.', '2024-02-13 12:54:33.568866', b'1', 'COMMENT', '/waggle/160', 3, NULL, NULL, NULL, '홍나축대장', 'https://k-l1verse.s3.ap-northeast-2.amazonaws.com/be4826e6-eb90-4a67-9f59-cce3286bd844.png'),
	(282, '[전지훈련 인터뷰] \'이제는 대전 라인 브레이커\' 김승대, "포항-전북 상대 세리머니 할 것! 시상식 참석 오래됐어"', '2024-02-13 13:00:02.195741', b'1', 'NEWS', 'https://sports.news.naver.com/news?oid=450&aid=0000098169', 16, NULL, NULL, NULL, NULL, NULL),
	(283, '님이 새로운 댓글을 달았습니다.', '2024-02-13 13:02:52.282589', b'1', 'COMMENT', '/product/163', 3, NULL, NULL, NULL, '홍나축대장', 'https://k-l1verse.s3.ap-northeast-2.amazonaws.com/be4826e6-eb90-4a67-9f59-cce3286bd844.png'),
	(284, '출석 보상으로 10골을 지급 받았습니다.', '2024-02-13 13:15:11.231208', b'1', 'GOAL', '/mypage', 16, NULL, NULL, NULL, NULL, NULL),
	(285, '출석 보상으로 10골을 지급 받았습니다.', '2024-02-13 13:20:04.654921', b'1', 'GOAL', '/mypage', 17, NULL, NULL, NULL, NULL, NULL),
	(286, '님이 새로운 댓글을 달았습니다.', '2024-02-13 13:24:37.925361', b'1', 'COMMENT', '/mate/123', 3, NULL, NULL, NULL, '고해림', 'http://k.kakaocdn.net/dn/yxtkI/btsB7kujEgB/JA3oMYkQgG8wUpXnpSaFe1/img_640x640.jpg'),
	(287, '글 작성 보상으로 10골을 지급 받았습니다.', '2024-02-13 13:28:31.028131', b'1', 'GOAL', '/waggle/166', 2, NULL, NULL, NULL, NULL, NULL),
	(288, '글 작성 보상으로 10골을 지급 받았습니다.', '2024-02-13 13:43:23.811149', b'1', 'GOAL', '/waggle/167', 17, NULL, NULL, NULL, NULL, NULL),
	(289, '글 작성 보상으로 10골을 지급 받았습니다.', '2024-02-13 13:45:07.767480', b'1', 'GOAL', '/waggle/168', 17, NULL, NULL, NULL, NULL, NULL),
	(290, '글 작성 보상으로 10골을 지급 받았습니다.', '2024-02-13 15:03:41.457445', b'1', 'GOAL', '/waggle/170', 16, NULL, NULL, NULL, NULL, NULL),
	(291, '글 작성 보상으로 10골을 지급 받았습니다.', '2024-02-13 15:13:21.757278', b'1', 'GOAL', '/waggle/171', 3, NULL, NULL, NULL, NULL, NULL),
	(292, '닉네임 변경으로 1000골을 사용하셨습니다.', NULL, b'1', 'GOAL', '/mypage', 22, NULL, '2024-02-15 14:29:49.185920', NULL, NULL, NULL),
	(293, '글 작성 보상으로 10골을 지급 받았습니다.', '2024-02-13 15:21:04.483511', b'1', 'GOAL', '/waggle/172', 3, NULL, NULL, NULL, NULL, NULL),
	(294, '닉네임 변경으로 1000골을 사용하셨습니다.', NULL, b'1', 'GOAL', '/mypage', 22, NULL, '2024-02-15 14:29:49.056790', NULL, NULL, NULL),
	(295, '뱃지 구매로 1000골을 사용하셨습니다.', NULL, b'1', 'GOAL', '/mypage', 5, NULL, NULL, NULL, NULL, NULL),
	(296, '[ACL 기자회견] \'전북의 캡틴\' 김진수, "지지 않은 모습 익숙했던 우리 무조건 승리할 수 있다"', '2024-02-13 15:45:01.125473', b'1', 'NEWS', 'https://sports.news.naver.com/news?oid=450&aid=0000098172', 22, NULL, '2024-02-15 14:29:48.919276', NULL, NULL, NULL),
	(297, '닉네임 변경으로 1000골을 사용하셨습니다.', NULL, b'1', 'GOAL', '/mypage', 2, NULL, NULL, NULL, NULL, NULL),
	(298, '글 작성 보상으로 10골을 지급 받았습니다.', '2024-02-13 15:53:14.810411', b'1', 'GOAL', '/waggle/173', 3, NULL, NULL, NULL, NULL, NULL),
	(299, '글 작성 보상으로 10골을 지급 받았습니다.', '2024-02-13 15:54:35.713188', b'1', 'GOAL', '/waggle/174', 3, NULL, NULL, NULL, NULL, NULL),
	(300, '글 작성 보상으로 10골을 지급 받았습니다.', '2024-02-13 16:02:24.710325', b'1', 'GOAL', '/waggle/186', 3, NULL, NULL, NULL, NULL, NULL),
	(301, '글 작성 보상으로 10골을 지급 받았습니다.', '2024-02-13 16:11:29.484231', b'1', 'GOAL', '/waggle/187', 3, NULL, NULL, NULL, NULL, NULL),
	(302, '글 작성 보상으로 10골을 지급 받았습니다.', '2024-02-13 16:15:52.219433', b'1', 'GOAL', '/waggle/188', 3, NULL, NULL, NULL, NULL, NULL),
	(303, '글 작성 보상으로 10골을 지급 받았습니다.', '2024-02-13 16:32:49.117096', b'1', 'GOAL', '/waggle/192', 3, NULL, NULL, NULL, NULL, NULL),
	(304, '글 작성 보상으로 10골을 지급 받았습니다.', '2024-02-13 16:41:16.720232', b'1', 'GOAL', '/waggle/193', 22, NULL, '2024-02-15 14:29:48.792113', NULL, NULL, NULL),
	(305, '글 작성 보상으로 10골을 지급 받았습니다.', '2024-02-13 16:41:16.919959', b'1', 'GOAL', '/waggle/194', 22, NULL, '2024-02-15 14:29:48.668074', NULL, NULL, NULL),
	(306, '글 작성 보상으로 10골을 지급 받았습니다.', '2024-02-13 16:41:33.892710', b'1', 'GOAL', '/waggle/195', 5, NULL, NULL, NULL, NULL, NULL),
	(307, '글 작성 보상으로 10골을 지급 받았습니다.', '2024-02-13 16:41:36.209371', b'1', 'GOAL', '/waggle/196', 22, NULL, '2024-02-15 14:29:48.531633', NULL, NULL, NULL),
	(308, '글 작성 보상으로 10골을 지급 받았습니다.', '2024-02-13 16:54:39.471044', b'1', 'GOAL', '/waggle/201', 3, NULL, NULL, NULL, NULL, NULL),
	(309, '글 작성 보상으로 10골을 지급 받았습니다.', '2024-02-13 17:07:50.680497', b'1', 'GOAL', '/waggle/204', 3, NULL, NULL, NULL, NULL, NULL),
	(310, '글 작성 보상으로 10골을 지급 받았습니다.', '2024-02-13 17:09:30.684564', b'1', 'GOAL', '/waggle/209', 3, NULL, NULL, NULL, NULL, NULL),
	(311, '글 작성 보상으로 10골을 지급 받았습니다.', '2024-02-13 17:13:06.970110', b'1', 'GOAL', '/waggle/215', 3, NULL, NULL, NULL, NULL, NULL),
	(312, '글 작성 보상으로 10골을 지급 받았습니다.', '2024-02-13 17:13:36.443698', b'1', 'GOAL', '/product/216', 3, NULL, NULL, NULL, NULL, NULL),
	(313, '글 작성 보상으로 10골을 지급 받았습니다.', '2024-02-13 17:14:49.326378', b'1', 'GOAL', '/waggle/217', 3, NULL, NULL, NULL, NULL, NULL),
	(314, '[ACL 기자회견] \'포항 주장 완장 차고 첫 경기\' 완델손, "영광이다...동료들 믿는다"', '2024-02-13 17:15:01.740970', b'1', 'NEWS', 'https://sports.news.naver.com/news?oid=450&aid=0000098177', 16, NULL, NULL, NULL, NULL, NULL),
	(315, '글 작성 보상으로 10골을 지급 받았습니다.', '2024-02-13 17:23:39.890315', b'1', 'GOAL', '/waggle/218', 3, NULL, NULL, NULL, NULL, NULL),
	(316, '글 작성 보상으로 10골을 지급 받았습니다.', '2024-02-13 17:25:11.062793', b'1', 'GOAL', '/waggle/219', 3, NULL, NULL, NULL, NULL, NULL),
	(317, '출석 보상으로 10골을 지급 받았습니다.', '2024-02-13 17:26:42.358420', b'1', 'GOAL', '/mypage', 13, NULL, NULL, NULL, NULL, NULL),
	(318, '글 작성 보상으로 10골을 지급 받았습니다.', '2024-02-13 17:27:22.924616', b'1', 'GOAL', '/waggle/220', 3, NULL, NULL, NULL, NULL, NULL),
	(319, '글 작성 보상으로 10골을 지급 받았습니다.', '2024-02-13 17:28:16.565396', b'1', 'GOAL', '/waggle/221', 3, NULL, NULL, NULL, NULL, NULL),
	(320, '글 작성 보상으로 10골을 지급 받았습니다.', '2024-02-13 17:32:16.194586', b'1', 'GOAL', '/product/222', 3, NULL, NULL, NULL, NULL, NULL),
	(321, '글 작성 보상으로 10골을 지급 받았습니다.', '2024-02-13 17:35:48.578464', b'1', 'GOAL', '/product/223', 3, NULL, NULL, NULL, NULL, NULL),
	(322, '글 작성 보상으로 10골을 지급 받았습니다.', '2024-02-13 17:36:35.502101', b'1', 'GOAL', '/waggle/224', 3, NULL, NULL, NULL, NULL, NULL),
	(323, '글 작성 보상으로 10골을 지급 받았습니다.', '2024-02-13 17:42:58.429790', b'1', 'GOAL', '/waggle/225', 16, NULL, '2024-02-15 22:44:27.128807', NULL, NULL, NULL),
	(324, '출석 보상으로 10골을 지급 받았습니다.', '2024-02-13 18:17:56.585156', b'1', 'GOAL', '/mypage', 18, NULL, NULL, NULL, NULL, NULL),
	(325, '님이 댓글 좋아요를 누르셨습니다.', '2024-02-13 19:36:40.107819', b'1', 'LIKE', '/waggle/7', 5, NULL, '2024-02-15 10:25:19.707413', NULL, '수림수림수', 'https://k-l1verse.s3.ap-northeast-2.amazonaws.com/6cd2d67f-a8ce-4d6b-bca7-4b11dc2c90f5.jpg'),
	(326, '님이 댓글 좋아요를 누르셨습니다.', '2024-02-13 19:36:40.928916', b'1', 'LIKE', '/waggle/7', 5, NULL, '2024-02-15 10:25:19.574028', NULL, '수림수림수', 'https://k-l1verse.s3.ap-northeast-2.amazonaws.com/6cd2d67f-a8ce-4d6b-bca7-4b11dc2c90f5.jpg'),
	(327, '님이 새로운 대댓글을 달았습니다.', '2024-02-13 19:45:20.529671', b'1', 'COMMENT', '/waggle/8', 22, NULL, '2024-02-15 14:29:48.397764', NULL, '수림수림수', 'https://k-l1verse.s3.ap-northeast-2.amazonaws.com/6cd2d67f-a8ce-4d6b-bca7-4b11dc2c90f5.jpg'),
	(328, '글 작성 보상으로 10골을 지급 받았습니다.', '2024-02-13 19:47:59.941428', b'1', 'GOAL', '/waggle/226', 3, NULL, NULL, NULL, NULL, NULL),
	(329, '님이 댓글 좋아요를 누르셨습니다.', '2024-02-13 19:49:59.020275', b'1', 'LIKE', '/product/161', 2, NULL, NULL, NULL, '궁예', 'https://k-l1verse.s3.ap-northeast-2.amazonaws.com/bd816c51-ac28-41ae-8985-7299935c3017.jpeg'),
	(330, '출석 보상으로 10골을 지급 받았습니다.', '2024-02-13 19:51:38.659778', b'1', 'GOAL', '/mypage', 12, NULL, NULL, NULL, NULL, NULL),
	(331, '님이 새로운 댓글을 달았습니다.', '2024-02-13 19:52:22.522559', b'1', 'COMMENT', '/waggle/226', 3, NULL, NULL, NULL, '수림수림수', 'https://k-l1verse.s3.ap-northeast-2.amazonaws.com/6cd2d67f-a8ce-4d6b-bca7-4b11dc2c90f5.jpg'),
	(332, '님이 새로운 댓글을 달았습니다.', '2024-02-13 19:52:26.380621', b'1', 'COMMENT', '/waggle/226', 3, NULL, NULL, NULL, '수림수림수', 'https://k-l1verse.s3.ap-northeast-2.amazonaws.com/6cd2d67f-a8ce-4d6b-bca7-4b11dc2c90f5.jpg'),
	(333, '글 작성 보상으로 10골을 지급 받았습니다.', '2024-02-13 20:01:15.589403', b'1', 'GOAL', '/waggle/227', 2, NULL, NULL, NULL, NULL, NULL),
	(334, '님이 새로운 댓글을 달았습니다.', '2024-02-13 20:01:34.958670', b'1', 'COMMENT', '/waggle/227', 2, NULL, NULL, NULL, '궁예', 'https://k-l1verse.s3.ap-northeast-2.amazonaws.com/bd816c51-ac28-41ae-8985-7299935c3017.jpeg'),
	(335, '님이 새로운 댓글을 달았습니다.', '2024-02-13 20:06:03.061840', b'1', 'COMMENT', '/waggle/227', 2, NULL, NULL, NULL, '고해림수고', 'http://k.kakaocdn.net/dn/yxtkI/btsB7kujEgB/JA3oMYkQgG8wUpXnpSaFe1/img_640x640.jpg'),
	(336, '님이 새로운 대댓글을 달았습니다.', '2024-02-13 20:07:03.253517', b'1', 'COMMENT', '/mate/92', 22, NULL, '2024-02-15 14:29:48.270591', NULL, '고해림수고', 'http://k.kakaocdn.net/dn/yxtkI/btsB7kujEgB/JA3oMYkQgG8wUpXnpSaFe1/img_640x640.jpg'),
	(337, '님이 새로운 댓글을 달았습니다.', '2024-02-13 20:11:26.961551', b'1', 'COMMENT', '/waggle/228', 1, NULL, '2024-02-15 10:19:01.339935', NULL, '수림수림수', 'https://k-l1verse.s3.ap-northeast-2.amazonaws.com/6cd2d67f-a8ce-4d6b-bca7-4b11dc2c90f5.jpg'),
	(338, '님이 새로운 댓글을 달았습니다.', '2024-02-13 20:11:34.590326', b'1', 'COMMENT', '/waggle/228', 1, NULL, '2024-02-15 10:19:01.181769', NULL, '수림수림수', 'https://k-l1verse.s3.ap-northeast-2.amazonaws.com/6cd2d67f-a8ce-4d6b-bca7-4b11dc2c90f5.jpg'),
	(339, '님이 새로운 댓글을 달았습니다.', '2024-02-13 20:14:15.410983', b'1', 'COMMENT', '/waggle/228', 1, NULL, '2024-02-15 10:19:01.049222', NULL, '고해림수고', 'http://k.kakaocdn.net/dn/yxtkI/btsB7kujEgB/JA3oMYkQgG8wUpXnpSaFe1/img_640x640.jpg'),
	(340, '글 작성 보상으로 10골을 지급 받았습니다.', '2024-02-13 20:15:36.594193', b'1', 'GOAL', '/waggle/229', 3, NULL, NULL, NULL, NULL, NULL),
	(341, '글 작성 보상으로 10골을 지급 받았습니다.', '2024-02-13 20:19:38.969052', b'1', 'GOAL', '/waggle/230', 3, NULL, NULL, NULL, NULL, NULL),
	(342, '님이 새로운 대댓글을 달았습니다.', '2024-02-13 20:21:41.768499', b'1', 'COMMENT', '/waggle/229', 3, NULL, NULL, NULL, '일찐김동훈', 'https://k-l1verse.s3.ap-northeast-2.amazonaws.com/f9f1db5a-e856-407b-8c9c-635145f53ef1.jpg'),
	(343, '님이 새로운 대댓글을 달았습니다.', '2024-02-13 20:22:53.839712', b'1', 'COMMENT', '/waggle/229', 3, NULL, NULL, NULL, '홍윤기짱', 'https://k-l1verse.s3.ap-northeast-2.amazonaws.com/64b34cf1-2d15-4e27-896f-8ffa2137c25a.png'),
	(344, '출석 보상으로 10골을 지급 받았습니다.', '2024-02-13 20:23:08.487751', b'1', 'GOAL', '/mypage', 1, NULL, '2024-02-15 10:19:00.900672', NULL, NULL, NULL),
	(345, '글 작성 보상으로 10골을 지급 받았습니다.', '2024-02-13 20:23:44.683708', b'1', 'GOAL', '/waggle/231', 3, NULL, NULL, NULL, NULL, NULL),
	(346, '님이 좋아요를 누르셨습니다.', '2024-02-13 20:26:31.227683', b'1', 'LIKE', '/waggle/229', 3, NULL, NULL, NULL, '수림수림수', 'https://k-l1verse.s3.ap-northeast-2.amazonaws.com/6cd2d67f-a8ce-4d6b-bca7-4b11dc2c90f5.jpg'),
	(347, '님이 댓글 좋아요를 누르셨습니다.', '2024-02-13 20:26:34.603771', b'1', 'LIKE', '/waggle/229', 3, NULL, NULL, NULL, '수림수림수', 'https://k-l1verse.s3.ap-northeast-2.amazonaws.com/6cd2d67f-a8ce-4d6b-bca7-4b11dc2c90f5.jpg'),
	(348, '님이 댓글 좋아요를 누르셨습니다.', '2024-02-13 20:26:36.505439', b'1', 'LIKE', '/waggle/229', 1, NULL, '2024-02-15 10:19:00.736469', NULL, '수림수림수', 'https://k-l1verse.s3.ap-northeast-2.amazonaws.com/6cd2d67f-a8ce-4d6b-bca7-4b11dc2c90f5.jpg'),
	(349, '님이 새로운 대댓글을 달았습니다.', '2024-02-13 20:26:51.706150', b'1', 'COMMENT', '/waggle/229', 3, NULL, NULL, NULL, '수림수림수', 'https://k-l1verse.s3.ap-northeast-2.amazonaws.com/6cd2d67f-a8ce-4d6b-bca7-4b11dc2c90f5.jpg'),
	(350, '출석 보상으로 10골을 지급 받았습니다.', '2024-02-13 20:27:03.386048', b'1', 'GOAL', '/mypage', 16, NULL, '2024-02-15 22:44:28.053107', NULL, NULL, NULL),
	(351, '출석 보상으로 10골을 지급 받았습니다.', '2024-02-13 20:37:50.654695', b'1', 'GOAL', '/mypage', 14, NULL, '2024-02-15 10:22:30.103313', NULL, NULL, NULL),
	(352, '출석 보상으로 10골을 지급 받았습니다.', '2024-02-13 20:38:52.806356', b'1', 'GOAL', '/mypage', 2, NULL, NULL, NULL, NULL, NULL),
	(353, '님이 새로운 댓글을 달았습니다.', '2024-02-13 20:59:37.073740', b'1', 'COMMENT', '/waggle/231', 3, NULL, NULL, NULL, '고해림수고', 'http://k.kakaocdn.net/dn/yxtkI/btsB7kujEgB/JA3oMYkQgG8wUpXnpSaFe1/img_640x640.jpg'),
	(354, '출석 보상으로 10골을 지급 받았습니다.', '2024-02-13 21:26:34.812723', b'1', 'GOAL', '/mypage', 18, NULL, NULL, NULL, NULL, NULL),
	(355, '출석 보상으로 10골을 지급 받았습니다.', '2024-02-13 21:53:53.406063', b'1', 'GOAL', '/mypage', 5, NULL, NULL, NULL, NULL, NULL),
	(356, '님이 좋아요를 누르셨습니다.', '2024-02-13 21:54:49.670470', b'1', 'LIKE', '/waggle/7', 2, NULL, NULL, NULL, '홍나축대장', 'https://k-l1verse.s3.ap-northeast-2.amazonaws.com/be4826e6-eb90-4a67-9f59-cce3286bd844.png'),
	(357, '님이 좋아요를 누르셨습니다.', '2024-02-13 21:54:50.403474', b'1', 'LIKE', '/waggle/7', 2, NULL, NULL, NULL, '홍나축대장', 'https://k-l1verse.s3.ap-northeast-2.amazonaws.com/be4826e6-eb90-4a67-9f59-cce3286bd844.png'),
	(358, '출석 보상으로 10골을 지급 받았습니다.', '2024-02-13 22:19:50.149436', b'1', 'GOAL', '/mypage', 12, NULL, NULL, NULL, NULL, NULL),
	(359, '글 작성 보상으로 10골을 지급 받았습니다.', '2024-02-13 22:35:35.444164', b'1', 'GOAL', '/mate/234', 2, NULL, NULL, NULL, NULL, NULL),
	(360, '닉네임 변경으로 1000골을 사용하셨습니다.', NULL, b'1', 'GOAL', '/mypage', 1, NULL, '2024-02-15 10:19:00.579217', NULL, NULL, NULL),
	(361, '닉네임 변경으로 1000골을 사용하셨습니다.', NULL, b'1', 'GOAL', '/mypage', 1, NULL, '2024-02-15 10:19:00.457621', NULL, NULL, NULL),
	(362, '닉네임 변경으로 1000골을 사용하셨습니다.', NULL, b'1', 'GOAL', '/mypage', 1, NULL, '2024-02-15 10:19:00.073340', NULL, NULL, NULL),
	(363, '닉네임 변경으로 1000골을 사용하셨습니다.', NULL, b'1', 'GOAL', '/mypage', 1, NULL, '2024-02-15 10:18:59.929420', NULL, NULL, NULL),
	(364, '글 작성 보상으로 10골을 지급 받았습니다.', '2024-02-13 22:46:19.726760', b'1', 'GOAL', '/mate/235', 2, NULL, NULL, NULL, NULL, NULL),
	(365, '님이 새로운 대댓글을 달았습니다.', '2024-02-13 23:03:26.884387', b'1', 'COMMENT', '/waggle/231', 2, NULL, NULL, NULL, '일찐김동훈', 'https://k-l1verse.s3.ap-northeast-2.amazonaws.com/3c8b1011-b335-4973-a92d-936d19d3170c.jpg'),
	(366, '님이 댓글 좋아요를 누르셨습니다.', '2024-02-13 23:04:12.902265', b'1', 'LIKE', '/waggle/229', 3, NULL, NULL, NULL, '일찐김동훈', 'https://k-l1verse.s3.ap-northeast-2.amazonaws.com/3c8b1011-b335-4973-a92d-936d19d3170c.jpg'),
	(367, '닉네임 변경으로 1000골을 사용하셨습니다.', NULL, b'1', 'GOAL', '/mypage', 1, NULL, '2024-02-15 10:18:59.814737', NULL, NULL, NULL),
	(368, '닉네임 변경으로 1000골을 사용하셨습니다.', NULL, b'1', 'GOAL', '/mypage', 1, NULL, '2024-02-15 10:18:59.660613', NULL, NULL, NULL),
	(369, '닉네임 변경으로 1000골을 사용하셨습니다.', NULL, b'1', 'GOAL', '/mypage', 1, NULL, '2024-02-15 10:18:59.518190', NULL, NULL, NULL),
	(370, '님이 좋아요를 누르셨습니다.', '2024-02-13 23:36:38.149735', b'1', 'LIKE', '/waggle/229', 3, NULL, NULL, NULL, '츄리미', 'https://k-l1verse.s3.ap-northeast-2.amazonaws.com/aea8004e-c402-4185-8b90-8e565241aae8.jpeg'),
	(371, '님이 새로운 댓글을 달았습니다.', '2024-02-13 23:42:43.822765', b'1', 'COMMENT', '/mate/235', 2, NULL, NULL, NULL, '고해림수고', 'http://k.kakaocdn.net/dn/yxtkI/btsB7kujEgB/JA3oMYkQgG8wUpXnpSaFe1/img_640x640.jpg'),
	(372, '출석 보상으로 10골을 지급 받았습니다.', '2024-02-13 23:45:18.962602', b'1', 'GOAL', '/mypage', 25, NULL, NULL, NULL, NULL, NULL),
	(373, '출석 보상으로 10골을 지급 받았습니다.', '2024-02-13 23:46:53.153493', b'1', 'GOAL', '/mypage', 17, NULL, NULL, NULL, NULL, NULL),
	(374, '출석 보상으로 10골을 지급 받았습니다.', '2024-02-14 00:33:54.964025', b'1', 'GOAL', '/mypage', 17, NULL, NULL, NULL, NULL, NULL),
	(375, '출석 보상으로 10골을 지급 받았습니다.', '2024-02-14 00:43:36.434838', b'1', 'GOAL', '/mypage', 1, NULL, '2024-02-15 10:18:59.380131', NULL, NULL, NULL),
	(376, '출석 보상으로 10골을 지급 받았습니다.', '2024-02-14 00:43:50.254520', b'1', 'GOAL', '/mypage', 16, NULL, '2024-02-15 22:44:15.349586', NULL, NULL, NULL),
	(377, '글 작성 보상으로 10골을 지급 받았습니다.', '2024-02-14 01:06:04.689573', b'1', 'GOAL', '/product/237', 1, NULL, '2024-02-15 10:18:59.240771', NULL, NULL, NULL),
	(378, '글 작성 보상으로 10골을 지급 받았습니다.', '2024-02-14 01:06:15.733981', b'1', 'GOAL', '/product/238', 1, NULL, '2024-02-15 10:18:58.967176', NULL, NULL, NULL),
	(379, '[442.interview] \'김기동 경험자\' 임상협, "왜 재활공장장이냐고? 디테일이 달라요"', '2024-02-14 06:00:02.302056', b'0', 'NEWS', 'https://sports.news.naver.com/news?oid=411&aid=0000041574', 24, NULL, NULL, NULL, NULL, NULL),
	(380, '출석 보상으로 10골을 지급 받았습니다.', '2024-02-14 08:32:02.820012', b'0', 'GOAL', '/mypage', 26, NULL, NULL, NULL, NULL, NULL),
	(381, '출석 보상으로 10골을 지급 받았습니다.', '2024-02-14 08:39:13.092044', b'1', 'GOAL', '/mypage', 2, NULL, NULL, NULL, NULL, NULL),
	(382, '님이 새로운 댓글을 달았습니다.', '2024-02-14 08:50:23.193323', b'1', 'COMMENT', '/waggle/236', 1, NULL, '2024-02-15 10:18:58.818117', NULL, '홍나축대장', 'https://k-l1verse.s3.ap-northeast-2.amazonaws.com/be4826e6-eb90-4a67-9f59-cce3286bd844.png'),
	(383, '님이 댓글 좋아요를 누르셨습니다.', '2024-02-14 08:55:09.710463', b'1', 'LIKE', '/mate/235', 16, NULL, '2024-02-15 22:44:15.146561', NULL, '홍나축대장', 'https://k-l1verse.s3.ap-northeast-2.amazonaws.com/be4826e6-eb90-4a67-9f59-cce3286bd844.png'),
	(384, '출석 보상으로 10골을 지급 받았습니다.', '2024-02-14 09:19:04.621106', b'1', 'GOAL', '/mypage', 10, NULL, NULL, NULL, NULL, NULL),
	(385, '출석 보상으로 10골을 지급 받았습니다.', '2024-02-14 09:22:05.600107', b'1', 'GOAL', '/mypage', 27, NULL, NULL, NULL, NULL, NULL),
	(386, '글 작성 보상으로 10골을 지급 받았습니다.', '2024-02-14 09:30:31.586048', b'1', 'GOAL', '/product/239', 2, NULL, NULL, NULL, NULL, NULL),
	(387, '출석 보상으로 10골을 지급 받았습니다.', '2024-02-14 09:34:49.882294', b'1', 'GOAL', '/mypage', 5, NULL, NULL, NULL, NULL, NULL),
	(388, '글 작성 보상으로 10골을 지급 받았습니다.', '2024-02-14 09:36:56.470985', b'1', 'GOAL', '/waggle/240', 16, NULL, '2024-02-15 22:44:14.965199', NULL, NULL, NULL),
	(389, '글 작성 보상으로 10골을 지급 받았습니다.', '2024-02-14 09:45:35.177099', b'1', 'GOAL', '/waggle/241', 16, NULL, '2024-02-15 22:44:14.789188', NULL, NULL, NULL),
	(390, '출석 보상으로 10골을 지급 받았습니다.', '2024-02-14 09:48:49.847275', b'1', 'GOAL', '/mypage', 13, NULL, NULL, NULL, NULL, NULL),
	(391, '글 작성 보상으로 10골을 지급 받았습니다.', '2024-02-14 09:49:47.317359', b'1', 'GOAL', '/waggle/242', 13, NULL, NULL, NULL, NULL, NULL),
	(392, '출석 보상으로 10골을 지급 받았습니다.', '2024-02-14 09:59:50.831384', b'0', 'GOAL', '/mypage', 28, NULL, NULL, NULL, NULL, NULL),
	(393, '출석 보상으로 10골을 지급 받았습니다.', '2024-02-14 10:00:49.752727', b'1', 'GOAL', '/mypage', 29, NULL, NULL, NULL, NULL, NULL),
	(394, '글 작성 보상으로 10골을 지급 받았습니다.', '2024-02-14 10:32:34.165062', b'1', 'GOAL', '/waggle/243', 16, NULL, '2024-02-15 22:44:14.611001', NULL, NULL, NULL),
	(395, '[ACL 기자회견] 울산 홍명보 감독, “설영우에게 1년 동안 함께 하자고 했다”', '2024-02-14 10:45:01.713276', b'1', 'NEWS', 'https://sports.news.naver.com/news?oid=139&aid=0002197784', 14, NULL, '2024-02-15 10:22:29.979877', NULL, NULL, NULL),
	(396, '[ACL 기자회견] 울산 홍명보 감독, “설영우에게 1년 동안 함께 하자고 했다”', '2024-02-14 10:45:01.713599', b'1', 'NEWS', 'https://sports.news.naver.com/news?oid=139&aid=0002197784', 2, NULL, NULL, NULL, NULL, NULL),
	(397, '[ACL 기자회견] 울산 홍명보 감독, “설영우에게 1년 동안 함께 하자고 했다”', '2024-02-14 10:45:01.713782', b'0', 'NEWS', 'https://sports.news.naver.com/news?oid=139&aid=0002197784', 23, NULL, NULL, NULL, NULL, NULL),
	(398, '[ACL 기자회견] 울산 김기희, “주장 맡아 영광... 16강에 쉬운 팀 없어” 출사표', '2024-02-14 11:00:00.917763', b'1', 'NEWS', 'https://sports.news.naver.com/news?oid=139&aid=0002197786', 14, NULL, '2024-02-15 10:22:29.867508', NULL, NULL, NULL),
	(399, '[ACL 기자회견] 울산 김기희, “주장 맡아 영광... 16강에 쉬운 팀 없어” 출사표', '2024-02-14 11:00:00.917959', b'1', 'NEWS', 'https://sports.news.naver.com/news?oid=139&aid=0002197786', 2, NULL, NULL, NULL, NULL, NULL),
	(400, '[ACL 기자회견] 울산 김기희, “주장 맡아 영광... 16강에 쉬운 팀 없어” 출사표', '2024-02-14 11:00:00.918044', b'0', 'NEWS', 'https://sports.news.naver.com/news?oid=139&aid=0002197786', 23, NULL, NULL, NULL, NULL, NULL),
	(401, '글 작성 보상으로 10골을 지급 받았습니다.', '2024-02-14 11:02:02.298889', b'1', 'GOAL', '/waggle/244', 4, NULL, '2024-02-14 15:29:36.356801', NULL, NULL, NULL),
	(402, '출석 보상으로 10골을 지급 받았습니다.', '2024-02-14 11:05:01.570373', b'0', 'GOAL', '/mypage', 30, NULL, NULL, NULL, NULL, NULL),
	(403, '출석 보상으로 10골을 지급 받았습니다.', '2024-02-14 11:23:20.616324', b'1', 'GOAL', '/mypage', 18, NULL, NULL, NULL, NULL, NULL),
	(404, '고후 상대하는 홍명보 감독, "설영우 이적, 입장 변화 없어…1년 더 하고 높은 곳으로 갈 것"', '2024-02-14 11:45:01.141379', b'1', 'NEWS', 'https://sports.news.naver.com/news?oid=343&aid=0000126127', 14, NULL, '2024-02-15 10:22:29.747956', NULL, NULL, NULL),
	(405, '고후 상대하는 홍명보 감독, "설영우 이적, 입장 변화 없어…1년 더 하고 높은 곳으로 갈 것"', '2024-02-14 11:45:01.141469', b'1', 'NEWS', 'https://sports.news.naver.com/news?oid=343&aid=0000126127', 2, NULL, NULL, NULL, NULL, NULL),
	(406, '고후 상대하는 홍명보 감독, "설영우 이적, 입장 변화 없어…1년 더 하고 높은 곳으로 갈 것"', '2024-02-14 11:45:01.141501', b'0', 'NEWS', 'https://sports.news.naver.com/news?oid=343&aid=0000126127', 23, NULL, NULL, NULL, NULL, NULL),
	(407, '님이 새로운 댓글을 달았습니다.', '2024-02-14 12:01:15.060279', b'1', 'COMMENT', '/waggle/244', 4, NULL, '2024-02-14 15:29:36.223820', NULL, '고해림수고', 'http://k.kakaocdn.net/dn/yxtkI/btsB7kujEgB/JA3oMYkQgG8wUpXnpSaFe1/img_640x640.jpg'),
	(408, '홍명보, 설영우 이적 만류 "1년 더 뛰고 더 높은 곳 도전해야"', '2024-02-14 12:15:00.513507', b'1', 'NEWS', 'https://sports.news.naver.com/news?oid=003&aid=0012372050', 14, NULL, '2024-02-15 10:22:29.618836', NULL, NULL, NULL),
	(409, '홍명보, 설영우 이적 만류 "1년 더 뛰고 더 높은 곳 도전해야"', '2024-02-14 12:15:00.513598', b'1', 'NEWS', 'https://sports.news.naver.com/news?oid=003&aid=0012372050', 2, NULL, NULL, NULL, NULL, NULL),
	(410, '홍명보, 설영우 이적 만류 "1년 더 뛰고 더 높은 곳 도전해야"', '2024-02-14 12:15:00.513653', b'0', 'NEWS', 'https://sports.news.naver.com/news?oid=003&aid=0012372050', 23, NULL, NULL, NULL, NULL, NULL),
	(411, '글 작성 보상으로 10골을 지급 받았습니다.', '2024-02-14 12:21:19.306001', b'1', 'GOAL', '/waggle/245', 16, NULL, '2024-02-15 22:44:14.433572', NULL, NULL, NULL),
	(412, '출석 보상으로 10골을 지급 받았습니다.', '2024-02-14 12:36:28.318454', b'0', 'GOAL', '/mypage', 31, NULL, NULL, NULL, NULL, NULL),
	(413, '닉네임 변경으로 1000골을 사용하셨습니다.', NULL, b'1', 'GOAL', '/mypage', 1, NULL, '2024-02-15 10:18:58.665271', NULL, NULL, NULL),
	(414, '출석 보상으로 10골을 지급 받았습니다.', '2024-02-14 12:38:13.444720', b'0', 'GOAL', '/mypage', 32, NULL, NULL, NULL, NULL, NULL),
	(415, '닉네임 변경으로 1000골을 사용하셨습니다.', NULL, b'1', 'GOAL', '/mypage', 1, NULL, '2024-02-15 10:18:58.486170', NULL, NULL, NULL),
	(416, '닉네임 변경으로 1000골을 사용하셨습니다.', NULL, b'1', 'GOAL', '/mypage', 1, NULL, '2024-02-15 10:18:58.314189', NULL, NULL, NULL),
	(417, '닉네임 변경으로 1000골을 사용하셨습니다.', NULL, b'1', 'GOAL', '/mypage', 1, NULL, '2024-02-15 10:18:58.005280', NULL, NULL, NULL),
	(418, '수원FC 이승우 "K리그 승리수당, 상한선 없애고 자율화해야"', '2024-02-14 12:45:03.730720', b'1', 'NEWS', 'https://sports.news.naver.com/news?oid=018&aid=0005673052', 12, NULL, NULL, NULL, NULL, NULL),
	(419, '"유럽 이적설 설영우, 울산에 1년만 더 남았으면" 홍명보 감독의 진심', '2024-02-14 13:00:00.579523', b'1', 'NEWS', 'https://sports.news.naver.com/news?oid=108&aid=0003214717', 14, NULL, '2024-02-15 10:22:29.479807', NULL, NULL, NULL),
	(420, '"유럽 이적설 설영우, 울산에 1년만 더 남았으면" 홍명보 감독의 진심', '2024-02-14 13:00:00.579611', b'1', 'NEWS', 'https://sports.news.naver.com/news?oid=108&aid=0003214717', 2, NULL, NULL, NULL, NULL, NULL),
	(421, '"유럽 이적설 설영우, 울산에 1년만 더 남았으면" 홍명보 감독의 진심', '2024-02-14 13:00:00.579680', b'0', 'NEWS', 'https://sports.news.naver.com/news?oid=108&aid=0003214717', 23, NULL, NULL, NULL, NULL, NULL),
	(422, '님이 댓글 좋아요를 누르셨습니다.', '2024-02-14 13:08:11.173649', b'1', 'LIKE', '/waggle/244', 4, NULL, '2024-02-14 15:29:36.079142', NULL, '수림수림수', 'https://k-l1verse.s3.ap-northeast-2.amazonaws.com/6cd2d67f-a8ce-4d6b-bca7-4b11dc2c90f5.jpg'),
	(423, '님이 댓글 좋아요를 누르셨습니다.', '2024-02-14 13:08:12.892628', b'1', 'LIKE', '/waggle/244', 4, NULL, '2024-02-14 15:29:35.958417', NULL, '수림수림수', 'https://k-l1verse.s3.ap-northeast-2.amazonaws.com/6cd2d67f-a8ce-4d6b-bca7-4b11dc2c90f5.jpg'),
	(424, '님이 댓글 좋아요를 누르셨습니다.', '2024-02-14 13:08:13.473234', b'1', 'LIKE', '/waggle/244', 4, NULL, '2024-02-14 15:29:35.815307', NULL, '수림수림수', 'https://k-l1verse.s3.ap-northeast-2.amazonaws.com/6cd2d67f-a8ce-4d6b-bca7-4b11dc2c90f5.jpg'),
	(425, '님이 댓글 좋아요를 누르셨습니다.', '2024-02-14 13:08:14.213508', b'1', 'LIKE', '/waggle/244', 4, NULL, '2024-02-14 15:29:35.679704', NULL, '수림수림수', 'https://k-l1verse.s3.ap-northeast-2.amazonaws.com/6cd2d67f-a8ce-4d6b-bca7-4b11dc2c90f5.jpg'),
	(426, '님이 댓글 좋아요를 누르셨습니다.', '2024-02-14 13:08:15.231315', b'1', 'LIKE', '/waggle/244', 4, NULL, '2024-02-14 15:29:35.543767', NULL, '수림수림수', 'https://k-l1verse.s3.ap-northeast-2.amazonaws.com/6cd2d67f-a8ce-4d6b-bca7-4b11dc2c90f5.jpg'),
	(427, '글 작성 보상으로 10골을 지급 받았습니다.', '2024-02-14 13:27:22.464072', b'1', 'GOAL', '/waggle/246', 4, NULL, '2024-02-14 15:29:35.413846', NULL, NULL, NULL),
	(428, '글 작성 보상으로 10골을 지급 받았습니다.', '2024-02-14 13:43:04.974961', b'1', 'GOAL', '/waggle/247', 4, NULL, '2024-02-14 15:29:35.270904', NULL, NULL, NULL),
	(429, '글 작성 보상으로 10골을 지급 받았습니다.', '2024-02-14 13:56:01.353037', b'1', 'GOAL', '/waggle/248', 4, NULL, '2024-02-14 15:29:35.123201', NULL, NULL, NULL),
	(430, '출석 보상으로 10골을 지급 받았습니다.', '2024-02-14 14:08:09.563362', b'1', 'GOAL', '/mypage', 18, NULL, NULL, NULL, NULL, NULL),
	(431, '출석 보상으로 10골을 지급 받았습니다.', '2024-02-14 14:08:41.418608', b'1', 'GOAL', '/mypage', 16, NULL, '2024-02-15 22:44:14.241945', NULL, NULL, NULL),
	(432, '출석 보상으로 10골을 지급 받았습니다.', '2024-02-14 14:15:26.250804', b'1', 'GOAL', '/mypage', 4, NULL, '2024-02-14 15:29:34.991203', NULL, NULL, NULL),
	(433, '글 작성 보상으로 10골을 지급 받았습니다.', '2024-02-14 14:16:40.972538', b'1', 'GOAL', '/waggle/249', 4, NULL, '2024-02-14 15:29:34.861935', NULL, NULL, NULL),
	(434, '출석 보상으로 10골을 지급 받았습니다.', '2024-02-14 14:24:51.779172', b'1', 'GOAL', '/mypage', 17, NULL, NULL, NULL, NULL, NULL),
	(435, '글 작성 보상으로 10골을 지급 받았습니다.', '2024-02-14 14:26:26.254360', b'1', 'GOAL', '/waggle/250', 4, NULL, '2024-02-14 15:29:34.735045', NULL, NULL, NULL),
	(436, '글 작성 보상으로 10골을 지급 받았습니다.', '2024-02-14 14:29:27.093298', b'1', 'GOAL', '/waggle/251', 4, NULL, '2024-02-14 15:29:34.603079', NULL, NULL, NULL),
	(437, '홍명보 감독 "설영우, 울산서 1년 잘 마무리하고 도전하길"', '2024-02-14 14:30:01.635156', b'1', 'NEWS', 'https://sports.news.naver.com/news?oid=001&aid=0014504605', 14, NULL, '2024-02-15 10:22:29.324177', NULL, NULL, NULL),
	(438, '홍명보 감독 "설영우, 울산서 1년 잘 마무리하고 도전하길"', '2024-02-14 14:30:01.635419', b'1', 'NEWS', 'https://sports.news.naver.com/news?oid=001&aid=0014504605', 2, NULL, NULL, NULL, NULL, NULL),
	(439, '홍명보 감독 "설영우, 울산서 1년 잘 마무리하고 도전하길"', '2024-02-14 14:30:01.635688', b'0', 'NEWS', 'https://sports.news.naver.com/news?oid=001&aid=0014504605', 23, NULL, NULL, NULL, NULL, NULL),
	(440, '출석 보상으로 10골을 지급 받았습니다.', '2024-02-14 14:31:02.178583', b'1', 'GOAL', '/mypage', 1, NULL, '2024-02-15 10:18:57.837408', NULL, NULL, NULL),
	(441, '글 작성 보상으로 10골을 지급 받았습니다.', '2024-02-14 14:32:24.339676', b'1', 'GOAL', '/waggle/252', 4, NULL, '2024-02-14 15:29:34.450100', NULL, NULL, NULL),
	(442, '홍명보 감독 "설영우, 1년 뒤 박수받으며 유럽 도전 나설 수 있도록 함께 노력할 것"', '2024-02-14 14:45:00.626660', b'1', 'NEWS', 'https://sports.news.naver.com/news?oid=436&aid=0000082614', 14, NULL, '2024-02-15 10:22:29.008012', NULL, NULL, NULL),
	(443, '홍명보 감독 "설영우, 1년 뒤 박수받으며 유럽 도전 나설 수 있도록 함께 노력할 것"', '2024-02-14 14:45:00.626819', b'1', 'NEWS', 'https://sports.news.naver.com/news?oid=436&aid=0000082614', 2, NULL, NULL, NULL, NULL, NULL),
	(444, '홍명보 감독 "설영우, 1년 뒤 박수받으며 유럽 도전 나설 수 있도록 함께 노력할 것"', '2024-02-14 14:45:00.626891', b'0', 'NEWS', 'https://sports.news.naver.com/news?oid=436&aid=0000082614', 23, NULL, NULL, NULL, NULL, NULL),
	(445, '출석 보상으로 10골을 지급 받았습니다.', '2024-02-14 14:48:49.825311', b'1', 'GOAL', '/mypage', 2, NULL, NULL, NULL, NULL, NULL),
	(446, '출석 보상으로 10골을 지급 받았습니다.', '2024-02-14 15:00:22.122607', b'1', 'GOAL', '/mypage', 16, NULL, '2024-02-15 22:44:14.035057', NULL, NULL, NULL),
	(447, '글 작성 보상으로 10골을 지급 받았습니다.', '2024-02-14 15:29:00.215043', b'1', 'GOAL', '/mate/255', 4, NULL, '2024-02-14 15:29:34.343125', NULL, NULL, NULL),
	(448, '글 작성 보상으로 10골을 지급 받았습니다.', '2024-02-14 15:29:49.217753', b'1', 'GOAL', '/mate/256', 16, NULL, '2024-02-15 22:44:13.858898', NULL, NULL, NULL),
	(449, '홍명보 울산 감독 "설영우, 1년 잘 마무리하고 박수 받으며 더 높은 곳에 도전"', '2024-02-14 15:30:01.197328', b'1', 'NEWS', 'https://sports.news.naver.com/news?oid=421&aid=0007351026', 14, NULL, '2024-02-15 10:22:28.885006', NULL, NULL, NULL),
	(450, '홍명보 울산 감독 "설영우, 1년 잘 마무리하고 박수 받으며 더 높은 곳에 도전"', '2024-02-14 15:30:01.197397', b'1', 'NEWS', 'https://sports.news.naver.com/news?oid=421&aid=0007351026', 2, NULL, NULL, NULL, NULL, NULL),
	(451, '홍명보 울산 감독 "설영우, 1년 잘 마무리하고 박수 받으며 더 높은 곳에 도전"', '2024-02-14 15:30:01.197451', b'0', 'NEWS', 'https://sports.news.naver.com/news?oid=421&aid=0007351026', 23, NULL, NULL, NULL, NULL, NULL),
	(452, '님이 새로운 댓글을 달았습니다.', '2024-02-14 15:30:08.302994', b'1', 'COMMENT', '/mate/256', 16, NULL, '2024-02-15 22:44:13.473270', NULL, '전성재', 'http://k.kakaocdn.net/dn/b5A6YM/btsC9zpBXND/0LTprQNob7NqBUyyh6oxV1/img_640x640.jpg'),
	(453, '님이 새로운 댓글을 달았습니다.', '2024-02-14 15:30:20.311484', b'1', 'COMMENT', '/mate/255', 4, NULL, '2024-02-15 14:01:29.792615', NULL, '고해림수고', 'http://k.kakaocdn.net/dn/yxtkI/btsB7kujEgB/JA3oMYkQgG8wUpXnpSaFe1/img_640x640.jpg'),
	(454, '글 작성 보상으로 10골을 지급 받았습니다.', '2024-02-14 15:30:28.165972', b'1', 'GOAL', '/mate/257', 4, NULL, '2024-02-15 14:01:29.671914', NULL, NULL, NULL),
	(455, '글 작성 보상으로 10골을 지급 받았습니다.', '2024-02-14 15:33:08.788257', b'1', 'GOAL', '/product/258', 4, NULL, '2024-02-15 14:01:29.531405', NULL, NULL, NULL),
	(456, '님이 새로운 대댓글을 달았습니다.', '2024-02-14 15:42:04.818983', b'1', 'COMMENT', '/mate/93', 1, NULL, '2024-02-15 10:18:57.676026', NULL, '수림수림수', 'https://k-l1verse.s3.ap-northeast-2.amazonaws.com/6cd2d67f-a8ce-4d6b-bca7-4b11dc2c90f5.jpg'),
	(457, '님이 댓글 좋아요를 누르셨습니다.', '2024-02-14 15:42:06.831117', b'1', 'LIKE', '/mate/93', 1, NULL, '2024-02-15 10:18:57.352149', NULL, '수림수림수', 'https://k-l1verse.s3.ap-northeast-2.amazonaws.com/6cd2d67f-a8ce-4d6b-bca7-4b11dc2c90f5.jpg'),
	(458, '글 작성 보상으로 10골을 지급 받았습니다.', '2024-02-14 15:43:41.838462', b'1', 'GOAL', '/mate/259', 2, NULL, NULL, NULL, NULL, NULL),
	(459, '출석 보상으로 10골을 지급 받았습니다.', '2024-02-14 15:52:46.904394', b'1', 'GOAL', '/mypage', 27, NULL, NULL, NULL, NULL, NULL),
	(460, '글 작성 보상으로 10골을 지급 받았습니다.', '2024-02-14 15:53:59.245038', b'1', 'GOAL', '/waggle/260', 27, NULL, '2024-02-14 15:57:55.256024', NULL, NULL, NULL),
	(461, '글 작성 보상으로 10골을 지급 받았습니다.', '2024-02-14 15:54:25.908016', b'1', 'GOAL', '/mate/261', 27, NULL, '2024-02-14 15:57:54.667478', NULL, NULL, NULL),
	(462, '뱃지 구매로 1000골을 사용하셨습니다.', NULL, b'1', 'GOAL', '/mypage', 27, NULL, '2024-02-14 15:57:53.848701', NULL, NULL, NULL),
	(463, '님이 좋아요를 누르셨습니다.', '2024-02-14 15:58:16.516525', b'0', 'LIKE', '/waggle/260', 27, NULL, NULL, NULL, '일찐김동훈', 'https://k-l1verse.s3.ap-northeast-2.amazonaws.com/3441560d-7bd7-4b3a-9093-426a966ef5dc.jpg'),
	(464, '님이 새로운 댓글을 달았습니다.', '2024-02-14 15:58:22.915211', b'0', 'COMMENT', '/waggle/260', 27, NULL, NULL, NULL, '일찐김동훈', 'https://k-l1verse.s3.ap-northeast-2.amazonaws.com/3441560d-7bd7-4b3a-9093-426a966ef5dc.jpg'),
	(465, '출석 보상으로 10골을 지급 받았습니다.', '2024-02-14 16:01:06.966946', b'1', 'GOAL', '/mypage', 10, NULL, NULL, NULL, NULL, NULL),
	(466, '글 작성 보상으로 10골을 지급 받았습니다.', '2024-02-14 16:05:47.627238', b'1', 'GOAL', '/waggle/262', 2, NULL, NULL, NULL, NULL, NULL),
	(467, '님이 새로운 댓글을 달았습니다.', '2024-02-14 16:06:12.576322', b'1', 'COMMENT', '/waggle/262', 2, NULL, NULL, NULL, '일찐김동훈', 'https://k-l1verse.s3.ap-northeast-2.amazonaws.com/3441560d-7bd7-4b3a-9093-426a966ef5dc.jpg'),
	(468, '님이 새로운 댓글을 달았습니다.', '2024-02-14 16:06:49.970318', b'1', 'COMMENT', '/waggle/262', 2, NULL, NULL, NULL, '일찐김동훈', 'https://k-l1verse.s3.ap-northeast-2.amazonaws.com/3441560d-7bd7-4b3a-9093-426a966ef5dc.jpg'),
	(469, '님이 새로운 댓글을 달았습니다.', '2024-02-14 16:08:40.921339', b'1', 'COMMENT', '/waggle/262', 2, NULL, NULL, NULL, '일찐김동훈', 'https://k-l1verse.s3.ap-northeast-2.amazonaws.com/3441560d-7bd7-4b3a-9093-426a966ef5dc.jpg'),
	(470, '님이 새로운 댓글을 달았습니다.', '2024-02-14 16:18:16.715512', b'1', 'COMMENT', '/waggle/254', 1, NULL, '2024-02-15 10:18:57.019352', NULL, '수림수림수', 'https://k-l1verse.s3.ap-northeast-2.amazonaws.com/6cd2d67f-a8ce-4d6b-bca7-4b11dc2c90f5.jpg'),
	(471, '님이 새로운 댓글을 달았습니다.', '2024-02-14 16:18:21.389319', b'1', 'COMMENT', '/waggle/254', 1, NULL, '2024-02-15 10:18:56.424336', NULL, '수림수림수', 'https://k-l1verse.s3.ap-northeast-2.amazonaws.com/6cd2d67f-a8ce-4d6b-bca7-4b11dc2c90f5.jpg'),
	(472, '님이 새로운 댓글을 달았습니다.', '2024-02-14 16:18:27.636518', b'1', 'COMMENT', '/waggle/254', 1, NULL, '2024-02-15 10:18:55.953749', NULL, '수림수림수', 'https://k-l1verse.s3.ap-northeast-2.amazonaws.com/6cd2d67f-a8ce-4d6b-bca7-4b11dc2c90f5.jpg'),
	(473, '출석 보상으로 10골을 지급 받았습니다.', '2024-02-14 17:01:20.499388', b'1', 'GOAL', '/mypage', 18, NULL, NULL, NULL, NULL, NULL),
	(474, '글 작성 보상으로 10골을 지급 받았습니다.', '2024-02-14 17:04:53.794832', b'1', 'GOAL', '/product/264', 16, NULL, '2024-02-15 22:44:13.298431', NULL, NULL, NULL),
	(475, '출석 보상으로 10골을 지급 받았습니다.', '2024-02-14 17:14:06.000325', b'1', 'GOAL', '/mypage', 29, NULL, NULL, NULL, NULL, NULL),
	(476, '출석 보상으로 10골을 지급 받았습니다.', '2024-02-14 19:06:16.186010', b'1', 'GOAL', '/mypage', 2, NULL, NULL, NULL, NULL, NULL),
	(477, '출석 보상으로 10골을 지급 받았습니다.', '2024-02-14 19:42:55.507005', b'1', 'GOAL', '/mypage', 1, NULL, '2024-02-15 10:18:55.634732', NULL, NULL, NULL),
	(478, '글 작성 보상으로 10골을 지급 받았습니다.', '2024-02-14 20:36:04.217097', b'1', 'GOAL', '/mate/266', 2, NULL, NULL, NULL, NULL, NULL),
	(479, '에르난데스-안현범 연속골 폭발! 전북, 포항에 1차전 2-0 완승...8강 진출 우위 점했다 [ACL 리뷰]', '2024-02-14 21:15:02.710300', b'1', 'NEWS', 'https://sports.news.naver.com/news?oid=311&aid=0001691662', 22, NULL, '2024-02-15 14:29:48.144294', NULL, NULL, NULL),
	(480, '[acl.review] 전북 오자마자 호우! \'에르난데스 선제골→안현범 추가골\' 전북, 포항에 2-0 승리', '2024-02-14 21:15:02.710367', b'1', 'NEWS', 'https://sports.news.naver.com/news?oid=411&aid=0000041608', 22, NULL, '2024-02-15 14:29:48.012353', NULL, NULL, NULL),
	(481, '\'에르난데스-안현범 연속골\' 전북, 포항에 2-0 완승... ACL 16강 기선제압 [오!쎈현장]', '2024-02-14 21:15:02.710377', b'1', 'NEWS', 'https://sports.news.naver.com/news?oid=109&aid=0005017705', 22, NULL, '2024-02-15 14:29:47.873796', NULL, NULL, NULL),
	(482, '에르난데스-안현범 연속골 폭발! 전북, 포항에 1차전 2-0 완승...8강 진출 우위 점했다 [ACL 리뷰]', '2024-02-14 21:15:02.710496', b'0', 'NEWS', 'https://sports.news.naver.com/news?oid=311&aid=0001691662', 27, NULL, NULL, NULL, NULL, NULL),
	(483, '[acl.review] 전북 오자마자 호우! \'에르난데스 선제골→안현범 추가골\' 전북, 포항에 2-0 승리', '2024-02-14 21:15:02.710508', b'0', 'NEWS', 'https://sports.news.naver.com/news?oid=411&aid=0000041608', 27, NULL, NULL, NULL, NULL, NULL),
	(484, '\'에르난데스-안현범 연속골\' 전북, 포항에 2-0 완승... ACL 16강 기선제압 [오!쎈현장]', '2024-02-14 21:15:02.710524', b'0', 'NEWS', 'https://sports.news.naver.com/news?oid=109&aid=0005017705', 27, NULL, NULL, NULL, NULL, NULL),
	(485, '출석 보상으로 10골을 지급 받았습니다.', '2024-02-14 22:11:49.405574', b'1', 'GOAL', '/mypage', 1, NULL, '2024-02-15 10:18:55.404079', NULL, NULL, NULL),
	(486, '클린스만호 내분 논란에 김진수 "내가 할 수 있는 말 없어"', '2024-02-14 22:45:02.088119', b'1', 'NEWS', 'https://sports.news.naver.com/news?oid=001&aid=0014505715', 22, NULL, '2024-02-15 14:29:47.757840', NULL, NULL, NULL),
	(487, '클린스만호 내분 논란에 김진수 "내가 할 수 있는 말 없어"', '2024-02-14 22:45:02.088378', b'0', 'NEWS', 'https://sports.news.naver.com/news?oid=001&aid=0014505715', 27, NULL, NULL, NULL, NULL, NULL),
	(488, '출석 보상으로 10골을 지급 받았습니다.', '2024-02-14 22:58:14.585032', b'1', 'GOAL', '/mypage', 2, NULL, NULL, NULL, NULL, NULL),
	(489, '출석 보상으로 10골을 지급 받았습니다.', '2024-02-14 23:05:31.056094', b'1', 'GOAL', '/mypage', 16, NULL, '2024-02-15 22:44:13.105266', NULL, NULL, NULL),
	(490, '출석 보상으로 10골을 지급 받았습니다.', '2024-02-14 23:51:49.942967', b'1', 'GOAL', '/mypage', 18, NULL, NULL, NULL, NULL, NULL),
	(491, '출석 보상으로 10골을 지급 받았습니다.', '2024-02-15 00:13:39.902893', b'1', 'GOAL', '/mypage', 12, NULL, NULL, NULL, NULL, NULL),
	(492, '출석 보상으로 10골을 지급 받았습니다.', '2024-02-15 00:14:29.142913', b'0', 'GOAL', '/mypage', 32, NULL, NULL, NULL, NULL, NULL),
	(493, '대표팀 불화설에 \'말 아낀\' 김진수 "축구협회에 물어봐달라…기사 보고 알아" [현장인터뷰]', '2024-02-15 00:15:01.802802', b'1', 'NEWS', 'https://sports.news.naver.com/news?oid=311&aid=0001691707', 22, NULL, '2024-02-15 14:29:47.649202', NULL, NULL, NULL),
	(494, '대표팀 불화설에 \'말 아낀\' 김진수 "축구협회에 물어봐달라…기사 보고 알아" [현장인터뷰]', '2024-02-15 00:15:01.803118', b'0', 'NEWS', 'https://sports.news.naver.com/news?oid=311&aid=0001691707', 27, NULL, NULL, NULL, NULL, NULL),
	(495, '출석 보상으로 10골을 지급 받았습니다.', '2024-02-15 00:25:39.037204', b'1', 'GOAL', '/mypage', 5, NULL, NULL, NULL, NULL, NULL),
	(496, '님이 좋아요를 누르셨습니다.', '2024-02-15 01:04:28.353435', b'0', 'LIKE', '/waggle/260', 27, NULL, NULL, NULL, '홍나축대장', 'https://k-l1verse.s3.ap-northeast-2.amazonaws.com/be4826e6-eb90-4a67-9f59-cce3286bd844.png'),
	(497, '님이 새로운 댓글을 달았습니다.', '2024-02-15 01:04:35.774193', b'0', 'COMMENT', '/waggle/260', 27, NULL, NULL, NULL, '홍나축대장', 'https://k-l1verse.s3.ap-northeast-2.amazonaws.com/be4826e6-eb90-4a67-9f59-cce3286bd844.png'),
	(498, '글 작성 보상으로 10골을 지급 받았습니다.', '2024-02-15 01:21:14.573661', b'1', 'GOAL', '/waggle/268', 16, NULL, '2024-02-15 22:44:12.946113', NULL, NULL, NULL),
	(499, '글 작성 보상으로 10골을 지급 받았습니다.', '2024-02-15 01:21:57.733122', b'1', 'GOAL', '/mate/269', 16, NULL, '2024-02-15 22:44:12.764269', NULL, NULL, NULL),
	(500, '글 작성 보상으로 10골을 지급 받았습니다.', '2024-02-15 01:23:07.882367', b'1', 'GOAL', '/product/270', 16, NULL, '2024-02-15 22:44:12.557384', NULL, NULL, NULL),
	(501, '글 작성 보상으로 10골을 지급 받았습니다.', '2024-02-15 01:23:56.233799', b'1', 'GOAL', '/product/271', 16, NULL, '2024-02-15 22:44:11.967319', NULL, NULL, NULL),
	(502, '출석 보상으로 10골을 지급 받았습니다.', '2024-02-15 01:29:20.871646', b'1', 'GOAL', '/mypage', 2, NULL, NULL, NULL, NULL, NULL),
	(503, '클린스만호 ‘불화설’에 김진수는 말을 아꼈다 “협회에 물어봐야, 내가 할 수 있는 말은 없다”[현장인터뷰]', '2024-02-15 06:15:01.900941', b'1', 'NEWS', 'https://sports.news.naver.com/news?oid=468&aid=0001030522', 22, NULL, '2024-02-15 14:29:47.526981', NULL, NULL, NULL),
	(504, '클린스만호 ‘불화설’에 김진수는 말을 아꼈다 “협회에 물어봐야, 내가 할 수 있는 말은 없다”[현장인터뷰]', '2024-02-15 06:15:01.901020', b'0', 'NEWS', 'https://sports.news.naver.com/news?oid=468&aid=0001030522', 27, NULL, NULL, NULL, NULL, NULL),
	(505, '출석 보상으로 10골을 지급 받았습니다.', '2024-02-15 08:25:34.811876', b'1', 'GOAL', '/mypage', 4, NULL, '2024-02-15 14:01:29.391600', NULL, NULL, NULL),
	(506, '글 작성 보상으로 10골을 지급 받았습니다.', '2024-02-15 08:26:51.502371', b'1', 'GOAL', '/waggle/272', 4, NULL, '2024-02-15 14:01:29.259653', NULL, NULL, NULL),
	(507, '뱃지 구매로 1000골을 사용하셨습니다.', NULL, b'1', 'GOAL', '/mypage', 4, NULL, '2024-02-15 14:01:29.126304', NULL, NULL, NULL),
	(508, '뱃지 구매로 1000골을 사용하셨습니다.', NULL, b'1', 'GOAL', '/mypage', 4, NULL, '2024-02-15 14:01:29.001399', NULL, NULL, NULL),
	(509, '출석 보상으로 10골을 지급 받았습니다.', '2024-02-15 08:40:00.483145', b'1', 'GOAL', '/mypage', 33, NULL, NULL, NULL, NULL, NULL),
	(510, '글 작성 보상으로 10골을 지급 받았습니다.', '2024-02-15 08:40:46.488819', b'1', 'GOAL', '/waggle/273', 33, NULL, NULL, NULL, NULL, NULL),
	(511, '글 작성 보상으로 10골을 지급 받았습니다.', '2024-02-15 08:41:48.613230', b'1', 'GOAL', '/mate/274', 5, NULL, NULL, NULL, NULL, NULL),
	(512, '님이 새로운 댓글을 달았습니다.', '2024-02-15 08:51:27.970390', b'1', 'COMMENT', '/product/253', 16, NULL, '2024-02-15 22:44:11.779511', NULL, '멘붕직', 'http://k.kakaocdn.net/dn/1G9kp/btsAot8liOn/8CWudi3uy07rvFNUkk3ER0/img_640x640.jpg'),
	(513, '출석 보상으로 10골을 지급 받았습니다.', '2024-02-15 08:55:08.101694', b'1', 'GOAL', '/mypage', 1, NULL, '2024-02-15 10:18:55.208350', NULL, NULL, NULL),
	(514, '글 작성 보상으로 10골을 지급 받았습니다.', '2024-02-15 09:22:57.846703', b'1', 'GOAL', '/mate/275', 1, NULL, '2024-02-15 10:18:54.902427', NULL, NULL, NULL),
	(515, '글 작성 보상으로 10골을 지급 받았습니다.', '2024-02-15 09:23:10.015923', b'1', 'GOAL', '/mate/276', 1, NULL, '2024-02-15 10:18:54.382230', NULL, NULL, NULL),
	(516, '글 작성 보상으로 10골을 지급 받았습니다.', '2024-02-15 09:23:22.980718', b'1', 'GOAL', '/mate/277', 1, NULL, '2024-02-15 10:18:54.117601', NULL, NULL, NULL),
	(517, '글 작성 보상으로 10골을 지급 받았습니다.', '2024-02-15 09:23:36.612912', b'1', 'GOAL', '/mate/278', 1, NULL, '2024-02-15 10:18:53.207575', NULL, NULL, NULL),
	(518, '글 작성 보상으로 10골을 지급 받았습니다.', '2024-02-15 09:23:48.046684', b'1', 'GOAL', '/mate/279', 1, NULL, '2024-02-15 10:18:52.925635', NULL, NULL, NULL),
	(519, '글 작성 보상으로 10골을 지급 받았습니다.', '2024-02-15 09:23:57.432447', b'1', 'GOAL', '/mate/280', 1, NULL, '2024-02-15 10:18:52.742071', NULL, NULL, NULL),
	(520, '글 작성 보상으로 10골을 지급 받았습니다.', '2024-02-15 09:24:05.764559', b'1', 'GOAL', '/mate/281', 1, NULL, '2024-02-15 10:18:44.037930', NULL, NULL, NULL),
	(521, '뱃지 구매로 1000골을 사용하셨습니다.', NULL, b'1', 'GOAL', '/mypage', 1, NULL, NULL, NULL, NULL, NULL),
	(522, '출석 보상으로 10골을 지급 받았습니다.', '2024-02-15 10:21:30.585674', b'1', 'GOAL', '/mypage', 13, NULL, NULL, NULL, NULL, NULL),
	(523, '뱃지 구매로 1000골을 사용하셨습니다.', NULL, b'1', 'GOAL', '/mypage', 13, NULL, NULL, NULL, NULL, NULL),
	(524, '출석 보상으로 10골을 지급 받았습니다.', '2024-02-15 10:21:50.320107', b'1', 'GOAL', '/mypage', 14, NULL, '2024-02-15 10:22:28.701194', NULL, NULL, NULL),
	(525, '출석 보상으로 10골을 지급 받았습니다.', '2024-02-15 10:21:57.161921', b'1', 'GOAL', '/mypage', 34, NULL, '2024-02-15 15:19:38.301290', NULL, NULL, NULL),
	(526, '뱃지 구매로 1000골을 사용하셨습니다.', NULL, b'1', 'GOAL', '/mypage', 14, NULL, '2024-02-15 10:22:28.562361', NULL, NULL, NULL),
	(527, '출석 보상으로 10골을 지급 받았습니다.', '2024-02-15 10:22:02.960006', b'1', 'GOAL', '/mypage', 3, NULL, NULL, NULL, NULL, NULL),
	(528, '뱃지 구매로 1000골을 사용하셨습니다.', NULL, b'1', 'GOAL', '/mypage', 34, NULL, '2024-02-15 15:19:38.172840', NULL, NULL, NULL),
	(529, '뱃지 구매로 1000골을 사용하셨습니다.', NULL, b'1', 'GOAL', '/mypage', 3, NULL, NULL, NULL, NULL, NULL),
	(530, '뱃지 구매로 1000골을 사용하셨습니다.', NULL, b'1', 'GOAL', '/mypage', 3, NULL, NULL, NULL, NULL, NULL),
	(531, '출석 보상으로 10골을 지급 받았습니다.', '2024-02-15 10:22:56.330139', b'1', 'GOAL', '/mypage', 17, NULL, NULL, NULL, NULL, NULL),
	(532, '닉네임 변경으로 1000골을 사용하셨습니다.', NULL, b'1', 'GOAL', '/mypage', 5, NULL, NULL, NULL, NULL, NULL),
	(533, '닉네임 변경으로 1000골을 사용하셨습니다.', NULL, b'1', 'GOAL', '/mypage', 4, NULL, '2024-02-15 14:01:28.856489', NULL, NULL, NULL),
	(534, '닉네임 변경으로 1000골을 사용하셨습니다.', NULL, b'0', 'GOAL', '/mypage', 13, NULL, NULL, NULL, NULL, NULL),
	(535, '글 작성 보상으로 10골을 지급 받았습니다.', '2024-02-15 10:25:08.764808', b'1', 'GOAL', '/waggle/282', 5, NULL, NULL, NULL, NULL, NULL),
	(536, '뱃지 구매로 1000골을 사용하셨습니다.', NULL, b'1', 'GOAL', '/mypage', 12, NULL, NULL, NULL, NULL, NULL),
	(537, '닉네임 변경으로 1000골을 사용하셨습니다.', NULL, b'1', 'GOAL', '/mypage', 2, NULL, NULL, NULL, NULL, NULL),
	(538, '닉네임 변경으로 1000골을 사용하셨습니다.', NULL, b'1', 'GOAL', '/mypage', 2, NULL, NULL, NULL, NULL, NULL),
	(539, '님이 좋아요를 누르셨습니다.', '2024-02-15 10:30:55.563288', b'1', 'LIKE', '/waggle/282', 5, NULL, NULL, NULL, 'GM수풀림', 'https://k-l1verse.s3.ap-northeast-2.amazonaws.com/6cd2d67f-a8ce-4d6b-bca7-4b11dc2c90f5.jpg'),
	(540, '글 작성 보상으로 10골을 지급 받았습니다.', '2024-02-15 10:34:33.807095', b'1', 'GOAL', '/waggle/283', 1, NULL, NULL, NULL, NULL, NULL),
	(541, '글 작성 보상으로 10골을 지급 받았습니다.', '2024-02-15 10:34:44.059722', b'1', 'GOAL', '/waggle/284', 3, NULL, NULL, NULL, NULL, NULL),
	(542, '님이 새로운 댓글을 달았습니다.', '2024-02-15 10:35:19.858615', b'1', 'COMMENT', '/waggle/282', 5, NULL, NULL, NULL, 'GM후니', 'https://k-l1verse.s3.ap-northeast-2.amazonaws.com/3441560d-7bd7-4b3a-9093-426a966ef5dc.jpg'),
	(543, '글 작성 보상으로 10골을 지급 받았습니다.', '2024-02-15 10:35:49.559808', b'1', 'GOAL', '/waggle/285', 2, NULL, NULL, NULL, NULL, NULL),
	(544, '글 작성 보상으로 10골을 지급 받았습니다.', '2024-02-15 10:36:29.118060', b'1', 'GOAL', '/waggle/286', 3, NULL, NULL, NULL, NULL, NULL),
	(545, '님이 새로운 댓글을 달았습니다.', '2024-02-15 10:36:51.587635', b'1', 'COMMENT', '/waggle/283', 1, NULL, NULL, NULL, 'GM궁예', 'https://k-l1verse.s3.ap-northeast-2.amazonaws.com/bd816c51-ac28-41ae-8985-7299935c3017.jpeg'),
	(546, '님이 새로운 댓글을 달았습니다.', '2024-02-15 10:37:00.994975', b'1', 'COMMENT', '/waggle/283', 1, NULL, NULL, NULL, 'GM궁예', 'https://k-l1verse.s3.ap-northeast-2.amazonaws.com/bd816c51-ac28-41ae-8985-7299935c3017.jpeg'),
	(547, '글 작성 보상으로 10골을 지급 받았습니다.', '2024-02-15 10:37:24.927372', b'1', 'GOAL', '/waggle/287', 2, NULL, NULL, NULL, NULL, NULL),
	(548, '님이 좋아요를 누르셨습니다.', '2024-02-15 10:37:40.931979', b'1', 'LIKE', '/waggle/287', 2, NULL, NULL, NULL, 'GM궁예', 'https://k-l1verse.s3.ap-northeast-2.amazonaws.com/bd816c51-ac28-41ae-8985-7299935c3017.jpeg'),
	(549, '글 작성 보상으로 10골을 지급 받았습니다.', '2024-02-15 10:37:43.975087', b'1', 'GOAL', '/waggle/288', 4, NULL, '2024-02-15 14:01:28.724599', NULL, NULL, NULL),
	(550, '님이 새로운 댓글을 달았습니다.', '2024-02-15 10:37:58.096041', b'1', 'COMMENT', '/waggle/288', 4, NULL, '2024-02-15 14:01:28.586553', NULL, 'GM궁예', 'https://k-l1verse.s3.ap-northeast-2.amazonaws.com/bd816c51-ac28-41ae-8985-7299935c3017.jpeg'),
	(551, '뱃지 구매로 1000골을 사용하셨습니다.', NULL, b'1', 'GOAL', '/mypage', 17, NULL, NULL, NULL, NULL, NULL),
	(552, '뱃지 구매로 1000골을 사용하셨습니다.', NULL, b'1', 'GOAL', '/mypage', 17, NULL, NULL, NULL, NULL, NULL),
	(553, '님이 새로운 댓글을 달았습니다.', '2024-02-15 10:38:09.134309', b'1', 'COMMENT', '/waggle/287', 2, NULL, NULL, NULL, 'GM궁예', 'https://k-l1verse.s3.ap-northeast-2.amazonaws.com/bd816c51-ac28-41ae-8985-7299935c3017.jpeg'),
	(554, '글 작성 보상으로 10골을 지급 받았습니다.', '2024-02-15 10:39:21.796359', b'1', 'GOAL', '/waggle/289', 5, NULL, NULL, NULL, NULL, NULL),
	(555, '글 작성 보상으로 10골을 지급 받았습니다.', '2024-02-15 10:39:29.201356', b'1', 'GOAL', '/waggle/290', 4, NULL, '2024-02-15 14:01:28.461321', NULL, NULL, NULL),
	(556, '글 작성 보상으로 10골을 지급 받았습니다.', '2024-02-15 10:39:31.452395', b'1', 'GOAL', '/waggle/291', 17, NULL, NULL, NULL, NULL, NULL),
	(557, '님이 새로운 댓글을 달았습니다.', '2024-02-15 10:40:07.722100', b'1', 'COMMENT', '/waggle/290', 4, NULL, '2024-02-15 14:01:28.332272', NULL, 'GM궁예', 'https://k-l1verse.s3.ap-northeast-2.amazonaws.com/bd816c51-ac28-41ae-8985-7299935c3017.jpeg'),
	(558, '글 작성 보상으로 10골을 지급 받았습니다.', '2024-02-15 10:40:12.686100', b'1', 'GOAL', '/waggle/292', 17, NULL, NULL, NULL, NULL, NULL),
	(559, '글 작성 보상으로 10골을 지급 받았습니다.', '2024-02-15 10:40:16.736510', b'1', 'GOAL', '/waggle/293', 1, NULL, NULL, NULL, NULL, NULL),
	(560, '님이 새로운 댓글을 달았습니다.', '2024-02-15 10:41:39.220344', b'1', 'COMMENT', '/waggle/293', 1, NULL, NULL, NULL, 'GM궁예', 'https://k-l1verse.s3.ap-northeast-2.amazonaws.com/bd816c51-ac28-41ae-8985-7299935c3017.jpeg'),
	(561, '님이 좋아요를 누르셨습니다.', '2024-02-15 10:41:47.151225', b'1', 'LIKE', '/waggle/293', 1, NULL, NULL, NULL, 'GM궁예', 'https://k-l1verse.s3.ap-northeast-2.amazonaws.com/bd816c51-ac28-41ae-8985-7299935c3017.jpeg'),
	(562, '님이 새로운 댓글을 달았습니다.', '2024-02-15 10:42:05.116555', b'1', 'COMMENT', '/waggle/292', 17, NULL, NULL, NULL, 'GM궁예', 'https://k-l1verse.s3.ap-northeast-2.amazonaws.com/bd816c51-ac28-41ae-8985-7299935c3017.jpeg'),
	(563, '글 작성 보상으로 10골을 지급 받았습니다.', '2024-02-15 10:46:53.774039', b'1', 'GOAL', '/waggle/294', 4, NULL, '2024-02-15 14:01:28.214069', NULL, NULL, NULL),
	(564, '글 작성 보상으로 10골을 지급 받았습니다.', '2024-02-15 10:52:30.465727', b'1', 'GOAL', '/waggle/295', 1, NULL, NULL, NULL, NULL, NULL),
	(565, '글 작성 보상으로 10골을 지급 받았습니다.', '2024-02-15 10:56:32.692415', b'1', 'GOAL', '/waggle/296', 1, NULL, NULL, NULL, NULL, NULL),
	(566, '출석 보상으로 10골을 지급 받았습니다.', '2024-02-15 10:57:01.121078', b'1', 'GOAL', '/mypage', 35, NULL, NULL, NULL, NULL, NULL),
	(567, '님이 새로운 댓글을 달았습니다.', '2024-02-15 10:57:26.331778', b'1', 'COMMENT', '/waggle/293', 1, NULL, NULL, NULL, '린가동자', 'https://lh3.googleusercontent.com/a/ACg8ocLXYd9Csj6Zwhzdxt00R1Bvwt5wYay6JoNy-Z8_RvCjwA=s96-c'),
	(568, '뱃지 구매로 1000골을 사용하셨습니다.', NULL, b'1', 'GOAL', '/mypage', 35, NULL, NULL, NULL, NULL, NULL),
	(569, '출석 보상으로 10골을 지급 받았습니다.', '2024-02-15 11:00:48.175140', b'1', 'GOAL', '/mypage', 16, NULL, '2024-02-15 22:44:11.582580', NULL, NULL, NULL),
	(570, '글 작성 보상으로 10골을 지급 받았습니다.', '2024-02-15 11:01:15.940374', b'1', 'GOAL', '/waggle/297', 35, NULL, NULL, NULL, NULL, NULL),
	(571, '님이 좋아요를 누르셨습니다.', '2024-02-15 11:01:54.110705', b'1', 'LIKE', '/waggle/297', 35, NULL, NULL, NULL, '고해림수고', 'http://k.kakaocdn.net/dn/yxtkI/btsB7kujEgB/JA3oMYkQgG8wUpXnpSaFe1/img_640x640.jpg'),
	(572, '님이 새로운 댓글을 달았습니다.', '2024-02-15 11:02:08.720622', b'1', 'COMMENT', '/waggle/297', 35, NULL, NULL, NULL, '고해림수고', 'http://k.kakaocdn.net/dn/yxtkI/btsB7kujEgB/JA3oMYkQgG8wUpXnpSaFe1/img_640x640.jpg'),
	(573, '글 작성 보상으로 10골을 지급 받았습니다.', '2024-02-15 12:05:31.693783', b'1', 'GOAL', '/product/298', 1, NULL, NULL, NULL, NULL, NULL),
	(574, '출석 보상으로 10골을 지급 받았습니다.', '2024-02-15 12:06:43.460699', b'1', 'GOAL', '/mypage', 10, NULL, NULL, NULL, NULL, NULL),
	(575, '출석 보상으로 10골을 지급 받았습니다.', '2024-02-15 12:07:43.373960', b'0', 'GOAL', '/mypage', 36, NULL, NULL, NULL, NULL, NULL),
	(576, '님이 좋아요를 누르셨습니다.', '2024-02-15 12:08:04.583579', b'1', 'LIKE', '/waggle/297', 35, NULL, NULL, NULL, 'GM후니', 'https://k-l1verse.s3.ap-northeast-2.amazonaws.com/3441560d-7bd7-4b3a-9093-426a966ef5dc.jpg'),
	(577, '님이 새로운 댓글을 달았습니다.', '2024-02-15 12:08:13.304078', b'1', 'COMMENT', '/waggle/297', 35, NULL, NULL, NULL, 'GM후니', 'https://k-l1verse.s3.ap-northeast-2.amazonaws.com/3441560d-7bd7-4b3a-9093-426a966ef5dc.jpg'),
	(578, '님이 새로운 댓글을 달았습니다.', '2024-02-15 12:09:00.495043', b'1', 'COMMENT', '/product/271', 16, NULL, '2024-02-15 22:44:11.424767', NULL, 'GM후니', 'https://k-l1verse.s3.ap-northeast-2.amazonaws.com/3441560d-7bd7-4b3a-9093-426a966ef5dc.jpg'),
	(579, '뱃지 구매로 1000골을 사용하셨습니다.', NULL, b'0', 'GOAL', '/mypage', 36, NULL, NULL, NULL, NULL, NULL),
	(580, '글 작성 보상으로 10골을 지급 받았습니다.', '2024-02-15 12:21:14.150150', b'1', 'GOAL', '/waggle/299', 1, NULL, NULL, NULL, NULL, NULL),
	(581, '글 작성 보상으로 10골을 지급 받았습니다.', '2024-02-15 12:24:05.584352', b'1', 'GOAL', '/waggle/300', 1, NULL, NULL, NULL, NULL, NULL),
	(582, '글 작성 보상으로 10골을 지급 받았습니다.', '2024-02-15 12:24:12.838215', b'1', 'GOAL', '/waggle/301', 2, NULL, NULL, NULL, NULL, NULL),
	(583, '글 작성 보상으로 10골을 지급 받았습니다.', '2024-02-15 12:24:28.614788', b'1', 'GOAL', '/waggle/302', 2, NULL, NULL, NULL, NULL, NULL),
	(584, '글 작성 보상으로 10골을 지급 받았습니다.', '2024-02-15 12:25:26.452788', b'1', 'GOAL', '/waggle/303', 1, NULL, NULL, NULL, NULL, NULL),
	(585, '님이 좋아요를 누르셨습니다.', '2024-02-15 12:28:19.951631', b'1', 'LIKE', '/waggle/289', 5, NULL, NULL, NULL, '고해림수고', 'http://k.kakaocdn.net/dn/yxtkI/btsB7kujEgB/JA3oMYkQgG8wUpXnpSaFe1/img_640x640.jpg'),
	(586, '님이 좋아요를 누르셨습니다.', '2024-02-15 12:28:23.402746', b'1', 'LIKE', '/waggle/289', 5, NULL, NULL, NULL, '고해림수고', 'http://k.kakaocdn.net/dn/yxtkI/btsB7kujEgB/JA3oMYkQgG8wUpXnpSaFe1/img_640x640.jpg'),
	(587, '님이 좋아요를 누르셨습니다.', '2024-02-15 12:34:27.028170', b'1', 'LIKE', '/waggle/297', 35, NULL, NULL, NULL, 'GM제이', 'http://k.kakaocdn.net/dn/b5A6YM/btsC9zpBXND/0LTprQNob7NqBUyyh6oxV1/img_640x640.jpg'),
	(588, '님이 새로운 댓글을 달았습니다.', '2024-02-15 12:53:39.910676', b'1', 'COMMENT', '/waggle/301', 2, NULL, NULL, NULL, 'GM제이', 'http://k.kakaocdn.net/dn/b5A6YM/btsC9zpBXND/0LTprQNob7NqBUyyh6oxV1/img_640x640.jpg'),
	(589, '님이 새로운 대댓글을 달았습니다.', '2024-02-15 12:55:19.290428', b'1', 'COMMENT', '/waggle/297', 16, NULL, '2024-02-15 22:44:11.250260', NULL, 'GM수풀림', 'https://k-l1verse.s3.ap-northeast-2.amazonaws.com/6cd2d67f-a8ce-4d6b-bca7-4b11dc2c90f5.jpg'),
	(590, '글 작성 보상으로 10골을 지급 받았습니다.', '2024-02-15 13:00:01.272210', b'1', 'GOAL', '/waggle/304', 2, NULL, NULL, NULL, NULL, NULL),
	(591, '님이 댓글 좋아요를 누르셨습니다.', '2024-02-15 13:25:54.837158', b'1', 'LIKE', '/waggle/302', 2, NULL, NULL, NULL, 'GM제이', 'http://k.kakaocdn.net/dn/b5A6YM/btsC9zpBXND/0LTprQNob7NqBUyyh6oxV1/img_640x640.jpg'),
	(592, '님이 댓글 좋아요를 누르셨습니다.', '2024-02-15 13:25:59.446818', b'1', 'LIKE', '/waggle/302', 2, NULL, NULL, NULL, 'GM제이', 'http://k.kakaocdn.net/dn/b5A6YM/btsC9zpBXND/0LTprQNob7NqBUyyh6oxV1/img_640x640.jpg'),
	(593, '님이 좋아요를 누르셨습니다.', '2024-02-15 13:26:01.392341', b'1', 'LIKE', '/waggle/302', 2, NULL, NULL, NULL, 'GM제이', 'http://k.kakaocdn.net/dn/b5A6YM/btsC9zpBXND/0LTprQNob7NqBUyyh6oxV1/img_640x640.jpg'),
	(594, '님이 새로운 댓글을 달았습니다.', '2024-02-15 13:26:05.581206', b'1', 'COMMENT', '/waggle/302', 2, NULL, NULL, NULL, 'GM제이', 'http://k.kakaocdn.net/dn/b5A6YM/btsC9zpBXND/0LTprQNob7NqBUyyh6oxV1/img_640x640.jpg'),
	(595, '님이 댓글 좋아요를 누르셨습니다.', '2024-02-15 13:26:15.986322', b'1', 'LIKE', '/waggle/302', 2, NULL, NULL, NULL, 'GM제이', 'http://k.kakaocdn.net/dn/b5A6YM/btsC9zpBXND/0LTprQNob7NqBUyyh6oxV1/img_640x640.jpg'),
	(596, '님이 좋아요를 누르셨습니다.', '2024-02-15 13:26:19.489426', b'1', 'LIKE', '/waggle/302', 2, NULL, NULL, NULL, 'GM제이', 'http://k.kakaocdn.net/dn/b5A6YM/btsC9zpBXND/0LTprQNob7NqBUyyh6oxV1/img_640x640.jpg'),
	(597, '님이 좋아요를 누르셨습니다.', '2024-02-15 13:26:21.438724', b'1', 'LIKE', '/waggle/302', 2, NULL, NULL, NULL, 'GM제이', 'http://k.kakaocdn.net/dn/b5A6YM/btsC9zpBXND/0LTprQNob7NqBUyyh6oxV1/img_640x640.jpg'),
	(598, '님이 댓글 좋아요를 누르셨습니다.', '2024-02-15 13:26:23.313319', b'1', 'LIKE', '/waggle/302', 2, NULL, NULL, NULL, 'GM제이', 'http://k.kakaocdn.net/dn/b5A6YM/btsC9zpBXND/0LTprQNob7NqBUyyh6oxV1/img_640x640.jpg'),
	(599, '님이 댓글 좋아요를 누르셨습니다.', '2024-02-15 13:26:24.706186', b'1', 'LIKE', '/waggle/302', 2, NULL, NULL, NULL, 'GM제이', 'http://k.kakaocdn.net/dn/b5A6YM/btsC9zpBXND/0LTprQNob7NqBUyyh6oxV1/img_640x640.jpg'),
	(600, '님이 새로운 댓글을 달았습니다.', '2024-02-15 13:26:30.171844', b'1', 'COMMENT', '/waggle/302', 2, NULL, NULL, NULL, 'GM제이', 'http://k.kakaocdn.net/dn/b5A6YM/btsC9zpBXND/0LTprQNob7NqBUyyh6oxV1/img_640x640.jpg'),
	(601, '님이 새로운 댓글을 달았습니다.', '2024-02-15 13:26:49.229513', b'1', 'COMMENT', '/waggle/304', 2, NULL, NULL, NULL, 'GM후니', 'https://k-l1verse.s3.ap-northeast-2.amazonaws.com/3441560d-7bd7-4b3a-9093-426a966ef5dc.jpg'),
	(602, '님이 좋아요를 누르셨습니다.', '2024-02-15 13:27:00.800250', b'1', 'LIKE', '/waggle/304', 2, NULL, NULL, NULL, 'GM후니', 'https://k-l1verse.s3.ap-northeast-2.amazonaws.com/3441560d-7bd7-4b3a-9093-426a966ef5dc.jpg'),
	(603, '님이 좋아요를 누르셨습니다.', '2024-02-15 13:27:15.932622', b'1', 'LIKE', '/waggle/302', 2, NULL, NULL, NULL, 'GM제이', 'http://k.kakaocdn.net/dn/b5A6YM/btsC9zpBXND/0LTprQNob7NqBUyyh6oxV1/img_640x640.jpg'),
	(604, '님이 좋아요를 누르셨습니다.', '2024-02-15 13:27:20.420722', b'1', 'LIKE', '/waggle/302', 2, NULL, NULL, NULL, 'GM제이', 'http://k.kakaocdn.net/dn/b5A6YM/btsC9zpBXND/0LTprQNob7NqBUyyh6oxV1/img_640x640.jpg'),
	(605, '님이 새로운 댓글을 달았습니다.', '2024-02-15 13:27:53.197757', b'1', 'COMMENT', '/waggle/302', 2, NULL, NULL, NULL, 'GM제이', 'http://k.kakaocdn.net/dn/b5A6YM/btsC9zpBXND/0LTprQNob7NqBUyyh6oxV1/img_640x640.jpg'),
	(606, '출석 보상으로 10골을 지급 받았습니다.', '2024-02-15 13:32:37.736027', b'1', 'GOAL', '/mypage', 37, NULL, NULL, NULL, NULL, NULL),
	(607, '님이 댓글 좋아요를 누르셨습니다.', '2024-02-15 13:33:44.433841', b'1', 'LIKE', '/waggle/282', 2, NULL, NULL, NULL, 'GM대장', 'https://k-l1verse.s3.ap-northeast-2.amazonaws.com/be4826e6-eb90-4a67-9f59-cce3286bd844.png'),
	(608, '님이 댓글 좋아요를 누르셨습니다.', '2024-02-15 13:33:44.661079', b'1', 'LIKE', '/waggle/282', 1, NULL, NULL, NULL, 'GM대장', 'https://k-l1verse.s3.ap-northeast-2.amazonaws.com/be4826e6-eb90-4a67-9f59-cce3286bd844.png'),
	(609, '님이 새로운 댓글을 달았습니다.', '2024-02-15 13:39:58.169736', b'1', 'COMMENT', '/mate/274', 5, NULL, NULL, NULL, 'GM후니', 'https://k-l1verse.s3.ap-northeast-2.amazonaws.com/3441560d-7bd7-4b3a-9093-426a966ef5dc.jpg'),
	(610, '님이 댓글 좋아요를 누르셨습니다.', '2024-02-15 13:44:17.565577', b'1', 'LIKE', '/waggle/297', 16, NULL, '2024-02-15 22:44:11.076681', NULL, 'GM대장', 'https://k-l1verse.s3.ap-northeast-2.amazonaws.com/be4826e6-eb90-4a67-9f59-cce3286bd844.png'),
	(611, '님이 새로운 댓글을 달았습니다.', '2024-02-15 13:47:15.503637', b'1', 'COMMENT', '/product/271', 16, NULL, '2024-02-15 22:44:10.915703', NULL, 'GM대장', 'https://k-l1verse.s3.ap-northeast-2.amazonaws.com/be4826e6-eb90-4a67-9f59-cce3286bd844.png'),
	(612, '글 작성 보상으로 10골을 지급 받았습니다.', '2024-02-15 14:00:23.619708', b'1', 'GOAL', '/waggle/1', 4, NULL, '2024-02-15 14:01:27.970648', NULL, NULL, NULL),
	(613, '뱃지 구매로 1000골을 사용하셨습니다.', NULL, b'1', 'GOAL', '/mypage', 4, NULL, '2024-02-15 15:40:46.467884', NULL, NULL, NULL),
	(614, '글 작성 보상으로 10골을 지급 받았습니다.', '2024-02-15 14:03:06.461362', b'1', 'GOAL', '/mate/2', 4, NULL, '2024-02-15 15:40:46.080255', NULL, NULL, NULL),
	(615, '글 작성 보상으로 10골을 지급 받았습니다.', '2024-02-15 14:07:24.105364', b'1', 'GOAL', '/waggle/3', 16, NULL, '2024-02-15 22:44:10.741175', NULL, NULL, NULL),
	(616, '님이 좋아요를 누르셨습니다.', '2024-02-15 14:10:04.078952', b'1', 'LIKE', '/waggle/3', 16, NULL, '2024-02-15 22:44:10.578033', NULL, 'GM제이', 'http://k.kakaocdn.net/dn/b5A6YM/btsC9zpBXND/0LTprQNob7NqBUyyh6oxV1/img_640x640.jpg'),
	(617, '님이 새로운 댓글을 달았습니다.', '2024-02-15 14:10:13.646373', b'1', 'COMMENT', '/waggle/3', 16, NULL, '2024-02-15 22:44:10.388477', NULL, 'GM제이', 'http://k.kakaocdn.net/dn/b5A6YM/btsC9zpBXND/0LTprQNob7NqBUyyh6oxV1/img_640x640.jpg'),
	(618, '글 작성 보상으로 10골을 지급 받았습니다.', '2024-02-15 14:12:44.549277', b'1', 'GOAL', '/product/4', 4, NULL, '2024-02-15 15:40:45.943224', NULL, NULL, NULL),
	(619, '글 작성 보상으로 10골을 지급 받았습니다.', '2024-02-15 14:15:40.616848', b'1', 'GOAL', '/mate/5', 16, NULL, '2024-02-15 22:44:10.206683', NULL, NULL, NULL),
	(620, '글 작성 보상으로 10골을 지급 받았습니다.', '2024-02-15 14:16:05.621779', b'1', 'GOAL', '/product/6', 4, NULL, '2024-02-15 15:40:45.805874', NULL, NULL, NULL),
	(621, '출석 보상으로 10골을 지급 받았습니다.', '2024-02-15 14:17:39.775045', b'1', 'GOAL', '/mypage', 22, NULL, '2024-02-15 14:29:47.390395', NULL, NULL, NULL),
	(622, '닉네임 변경으로 1000골을 사용하셨습니다.', NULL, b'1', 'GOAL', '/mypage', 22, NULL, '2024-02-15 14:29:47.246078', NULL, NULL, NULL),
	(623, '글 작성 보상으로 10골을 지급 받았습니다.', '2024-02-15 14:23:12.633535', b'1', 'GOAL', '/waggle/7', 22, NULL, '2024-02-15 14:29:47.106726', NULL, NULL, NULL),
	(624, '님이 좋아요를 누르셨습니다.', '2024-02-15 14:23:36.543640', b'1', 'LIKE', '/waggle/1', 4, NULL, '2024-02-15 15:40:45.675194', NULL, '전북우승', 'https://lh3.googleusercontent.com/a/ACg8ocL4A7X9UyEjyNJzMAYyW64rNDG1rMf0g-6ERRWhSOo=s96-c'),
	(625, '출석 보상으로 10골을 지급 받았습니다.', '2024-02-15 14:23:55.543131', b'1', 'GOAL', '/mypage', 38, NULL, '2024-02-15 14:25:08.873218', NULL, NULL, NULL),
	(626, '글 작성 보상으로 10골을 지급 받았습니다.', '2024-02-15 14:25:52.489008', b'1', 'GOAL', '/product/8', 22, NULL, '2024-02-15 14:29:47.074266', NULL, NULL, NULL),
	(627, '닉네임 변경으로 1000골을 사용하셨습니다.', NULL, b'1', 'GOAL', '/mypage', 16, NULL, '2024-02-15 22:44:10.012037', NULL, NULL, NULL),
	(628, '닉네임 변경으로 1000골을 사용하셨습니다.', NULL, b'1', 'GOAL', '/mypage', 17, NULL, NULL, NULL, NULL, NULL),
	(629, '님이 새로운 대댓글을 달았습니다.', '2024-02-15 14:29:42.416765', b'1', 'COMMENT', '/waggle/3', 4, NULL, '2024-02-15 15:40:45.537293', NULL, '백슉좋아', 'https://k-l1verse.s3.ap-northeast-2.amazonaws.com/06b3dfe9-8c59-400d-9788-57578bce3321.jpg'),
	(630, '님이 새로운 댓글을 달았습니다.', '2024-02-15 14:30:19.473311', b'1', 'COMMENT', '/waggle/7', 22, NULL, NULL, NULL, '백슉좋아', 'https://k-l1verse.s3.ap-northeast-2.amazonaws.com/06b3dfe9-8c59-400d-9788-57578bce3321.jpg'),
	(631, '님이 댓글 좋아요를 누르셨습니다.', '2024-02-15 14:30:33.080553', b'1', 'LIKE', '/waggle/7', 16, NULL, '2024-02-15 22:44:09.115140', NULL, '전북우승', 'https://lh3.googleusercontent.com/a/ACg8ocL4A7X9UyEjyNJzMAYyW64rNDG1rMf0g-6ERRWhSOo=s96-c'),
	(632, '님이 새로운 댓글을 달았습니다.', '2024-02-15 14:30:38.264974', b'1', 'COMMENT', '/waggle/1', 4, NULL, '2024-02-15 15:40:45.423919', NULL, '백슉좋아', 'https://k-l1verse.s3.ap-northeast-2.amazonaws.com/06b3dfe9-8c59-400d-9788-57578bce3321.jpg'),
	(633, '글 작성 보상으로 10골을 지급 받았습니다.', '2024-02-15 14:34:52.282160', b'1', 'GOAL', '/product/9', 3, NULL, NULL, NULL, NULL, NULL),
	(634, '글 작성 보상으로 10골을 지급 받았습니다.', '2024-02-15 14:36:30.837041', b'1', 'GOAL', '/product/10', 16, NULL, '2024-02-15 22:44:08.945257', NULL, NULL, NULL),
	(635, '출석 보상으로 10골을 지급 받았습니다.', '2024-02-15 14:36:54.890643', b'0', 'GOAL', '/mypage', 23, NULL, NULL, NULL, NULL, NULL),
	(636, '닉네임 변경으로 1000골을 사용하셨습니다.', NULL, b'0', 'GOAL', '/mypage', 23, NULL, NULL, NULL, NULL, NULL),
	(637, '닉네임 변경으로 1000골을 사용하셨습니다.', NULL, b'1', 'GOAL', '/mypage', 37, NULL, NULL, NULL, NULL, NULL),
	(638, '글 작성 보상으로 10골을 지급 받았습니다.', '2024-02-15 14:41:00.469325', b'1', 'GOAL', '/waggle/11', 37, NULL, NULL, NULL, NULL, NULL),
	(639, '님이 새로운 댓글을 달았습니다.', '2024-02-15 14:41:46.802379', b'1', 'COMMENT', '/product/8', 22, NULL, NULL, NULL, '해림맘', 'https://k-l1verse.s3.ap-northeast-2.amazonaws.com/3f1622fc-9ae6-4b78-ac35-9250eeb960b3.jpg'),
	(640, '님이 좋아요를 누르셨습니다.', '2024-02-15 14:44:14.990521', b'1', 'LIKE', '/waggle/7', 22, NULL, NULL, NULL, '해림맘', 'https://k-l1verse.s3.ap-northeast-2.amazonaws.com/3f1622fc-9ae6-4b78-ac35-9250eeb960b3.jpg'),
	(641, '님이 좋아요를 누르셨습니다.', '2024-02-15 14:45:39.352985', b'1', 'LIKE', '/waggle/11', 37, NULL, NULL, NULL, 'GM궁예', 'https://k-l1verse.s3.ap-northeast-2.amazonaws.com/bd816c51-ac28-41ae-8985-7299935c3017.jpeg'),
	(642, '님이 새로운 댓글을 달았습니다.', '2024-02-15 15:04:13.294831', b'1', 'COMMENT', '/waggle/12', 17, NULL, NULL, NULL, '백슉좋아', 'https://k-l1verse.s3.ap-northeast-2.amazonaws.com/06b3dfe9-8c59-400d-9788-57578bce3321.jpg'),
	(643, '님이 좋아요를 누르셨습니다.', '2024-02-15 15:09:37.157248', b'1', 'LIKE', '/waggle/12', 17, NULL, NULL, NULL, 'GM제이', 'http://k.kakaocdn.net/dn/b5A6YM/btsC9zpBXND/0LTprQNob7NqBUyyh6oxV1/img_640x640.jpg'),
	(644, '님이 댓글 좋아요를 누르셨습니다.', '2024-02-15 15:09:37.819301', b'1', 'LIKE', '/waggle/12', 16, NULL, '2024-02-15 22:44:08.806448', NULL, 'GM제이', 'http://k.kakaocdn.net/dn/b5A6YM/btsC9zpBXND/0LTprQNob7NqBUyyh6oxV1/img_640x640.jpg'),
	(645, '글 작성 보상으로 10골을 지급 받았습니다.', '2024-02-15 15:15:48.164246', b'1', 'GOAL', '/waggle/13', 34, NULL, '2024-02-15 15:19:38.027923', NULL, NULL, NULL),
	(646, '닉네임 변경으로 1000골을 사용하셨습니다.', NULL, b'1', 'GOAL', '/mypage', 34, NULL, '2024-02-15 15:19:37.868186', NULL, NULL, NULL),
	(647, '님이 댓글 좋아요를 누르셨습니다.', '2024-02-15 15:16:42.551387', b'1', 'LIKE', '/waggle/12', 16, NULL, '2024-02-15 22:44:08.644474', NULL, 'GM성재', 'https://ssl.pstatic.net/static/pwe/address/img_profile.png'),
	(648, '님이 좋아요를 누르셨습니다.', '2024-02-15 15:16:43.297202', b'1', 'LIKE', '/waggle/12', 17, NULL, NULL, NULL, 'GM성재', 'https://ssl.pstatic.net/static/pwe/address/img_profile.png'),
	(649, '글 작성 보상으로 10골을 지급 받았습니다.', '2024-02-15 15:18:06.908678', b'1', 'GOAL', '/product/14', 4, NULL, '2024-02-15 15:40:45.342821', NULL, NULL, NULL),
	(650, '출석 보상으로 10골을 지급 받았습니다.', '2024-02-15 15:28:57.141514', b'1', 'GOAL', '/mypage', 39, NULL, '2024-02-15 15:30:57.867912', NULL, NULL, NULL),
	(651, '글 작성 보상으로 10골을 지급 받았습니다.', '2024-02-15 15:30:24.221407', b'1', 'GOAL', '/waggle/15', 39, NULL, '2024-02-15 15:30:57.327373', NULL, NULL, NULL),
	(652, '님이 좋아요를 누르셨습니다.', '2024-02-15 15:36:23.384261', b'1', 'LIKE', '/waggle/15', 39, NULL, NULL, NULL, 'GM성재', 'https://ssl.pstatic.net/static/pwe/address/img_profile.png'),
	(653, '님이 좋아요를 누르셨습니다.', '2024-02-15 15:36:26.088428', b'1', 'LIKE', '/waggle/15', 39, NULL, NULL, NULL, 'GM성재', 'https://ssl.pstatic.net/static/pwe/address/img_profile.png'),
	(654, '님이 좋아요를 누르셨습니다.', '2024-02-15 15:36:29.831925', b'1', 'LIKE', '/waggle/15', 39, NULL, NULL, NULL, 'GM대장', 'https://k-l1verse.s3.ap-northeast-2.amazonaws.com/be4826e6-eb90-4a67-9f59-cce3286bd844.png'),
	(655, '님이 새로운 댓글을 달았습니다.', '2024-02-15 15:36:54.080558', b'1', 'COMMENT', '/waggle/15', 39, NULL, NULL, NULL, 'GM성재', 'https://ssl.pstatic.net/static/pwe/address/img_profile.png'),
	(656, '님이 새로운 댓글을 달았습니다.', '2024-02-15 15:36:58.187803', b'1', 'COMMENT', '/waggle/15', 39, NULL, NULL, NULL, 'GM성재', 'https://ssl.pstatic.net/static/pwe/address/img_profile.png'),
	(657, '님이 새로운 댓글을 달았습니다.', '2024-02-15 15:39:08.319268', b'1', 'COMMENT', '/waggle/15', 39, NULL, NULL, NULL, '백슉좋아', 'https://k-l1verse.s3.ap-northeast-2.amazonaws.com/06b3dfe9-8c59-400d-9788-57578bce3321.jpg'),
	(658, '님이 새로운 댓글을 달았습니다.', '2024-02-15 15:39:14.921659', b'1', 'COMMENT', '/waggle/12', 17, NULL, NULL, NULL, 'GM성재', 'https://ssl.pstatic.net/static/pwe/address/img_profile.png'),
	(659, '님이 새로운 댓글을 달았습니다.', '2024-02-15 15:39:26.316089', b'1', 'COMMENT', '/waggle/15', 39, NULL, NULL, NULL, '백슉좋아', 'https://k-l1verse.s3.ap-northeast-2.amazonaws.com/06b3dfe9-8c59-400d-9788-57578bce3321.jpg'),
	(660, '님이 좋아요를 누르셨습니다.', '2024-02-15 15:39:53.137783', b'1', 'LIKE', '/waggle/15', 39, NULL, NULL, NULL, '백슉좋아', 'https://k-l1verse.s3.ap-northeast-2.amazonaws.com/06b3dfe9-8c59-400d-9788-57578bce3321.jpg'),
	(661, '글 작성 보상으로 10골을 지급 받았습니다.', '2024-02-15 15:58:11.947181', b'1', 'GOAL', '/waggle/17', 34, NULL, NULL, NULL, NULL, NULL),
	(662, '님이 새로운 댓글을 달았습니다.', '2024-02-15 16:10:54.951629', b'1', 'COMMENT', '/product/14', 4, NULL, '2024-02-15 16:23:42.381425', NULL, '백슉좋아', 'https://k-l1verse.s3.ap-northeast-2.amazonaws.com/06b3dfe9-8c59-400d-9788-57578bce3321.jpg'),
	(663, '출석 보상으로 10골을 지급 받았습니다.', '2024-02-15 16:13:00.082579', b'1', 'GOAL', '/mypage', 40, NULL, NULL, NULL, NULL, NULL),
	(664, '글 작성 보상으로 10골을 지급 받았습니다.', '2024-02-15 16:14:14.043144', b'1', 'GOAL', '/waggle/20', 2, NULL, NULL, NULL, NULL, NULL),
	(665, '글 작성 보상으로 10골을 지급 받았습니다.', '2024-02-15 16:19:29.884148', b'1', 'GOAL', '/waggle/21', 4, NULL, '2024-02-15 16:23:42.263342', NULL, NULL, NULL),
	(666, '닉네임 변경으로 1000골을 사용하셨습니다.', NULL, b'1', 'GOAL', '/mypage', 4, NULL, '2024-02-15 16:23:42.154302', NULL, NULL, NULL),
	(667, '님이 댓글 좋아요를 누르셨습니다.', '2024-02-15 16:53:58.144031', b'1', 'LIKE', '/waggle/15', 34, NULL, NULL, NULL, '소현', 'http://k.kakaocdn.net/dn/1G9kp/btsAot8liOn/8CWudi3uy07rvFNUkk3ER0/img_640x640.jpg'),
	(668, '경기가 30분 뒤에 시작합니다.', '2024-02-15 17:05:00.160300', b'1', 'MATCH', 'https://k-l1verse.site/matches/300', 5, NULL, NULL, NULL, NULL, NULL),
	(669, '님이 댓글 좋아요를 누르셨습니다.', '2024-02-15 17:19:47.555158', b'1', 'LIKE', '/waggle/21', 17, NULL, NULL, NULL, 'GM성재', 'https://ssl.pstatic.net/static/pwe/address/img_profile.png'),
	(670, '님이 좋아요를 누르셨습니다.', '2024-02-15 17:19:48.248197', b'1', 'LIKE', '/waggle/21', 4, NULL, '2024-02-15 23:22:15.735616', NULL, 'GM성재', 'https://ssl.pstatic.net/static/pwe/address/img_profile.png'),
	(671, '님이 댓글 좋아요를 누르셨습니다.', '2024-02-15 17:19:57.979646', b'0', 'LIKE', '/waggle/15', 39, NULL, NULL, NULL, 'GM성재', 'https://ssl.pstatic.net/static/pwe/address/img_profile.png'),
	(672, '글 작성 보상으로 10골을 지급 받았습니다.', '2024-02-15 17:28:34.173871', b'1', 'GOAL', '/waggle/26', 37, NULL, NULL, NULL, NULL, NULL),
	(673, '님이 새로운 댓글을 달았습니다.', '2024-02-15 17:31:08.705690', b'1', 'COMMENT', '/waggle/25', 16, NULL, '2024-02-15 22:44:08.500384', NULL, 'GM수풀림', 'https://k-l1verse.s3.ap-northeast-2.amazonaws.com/6cd2d67f-a8ce-4d6b-bca7-4b11dc2c90f5.jpg'),
	(674, '경기가 30분 뒤에 시작합니다.', '2024-02-15 17:47:00.221037', b'1', 'MATCH', 'https://k-l1verse.site/matches/300', 2, NULL, '2024-02-15 23:00:08.894521', NULL, NULL, NULL),
	(675, '경기가 30분 뒤에 시작합니다.', '2024-02-15 17:47:00.221087', b'1', 'MATCH', 'https://k-l1verse.site/matches/300', 1, NULL, '2024-02-15 21:26:55.713388', NULL, NULL, NULL),
	(676, '경기가 30분 뒤에 시작합니다.', '2024-02-15 17:47:00.221097', b'1', 'MATCH', 'https://k-l1verse.site/matches/300', 12, NULL, NULL, NULL, NULL, NULL),
	(677, '亞왕좌 탈환 노리는 울산 홍명보호, 반프레전 ‘스리백 가동’…김민우-설영우 윙백 출격 [현장 라인업]', '2024-02-15 18:15:01.216324', b'0', 'NEWS', 'https://sports.news.naver.com/news?oid=468&aid=0001030865', 23, NULL, NULL, NULL, NULL, NULL),
	(678, '[현장라인업]\'K리그 챔피언\' 홍명보 감독, \'깜짝\' 스리백 첫 발…\'亞컵 전경기\' 설영우 선발 출격', '2024-02-15 18:15:01.216353', b'0', 'NEWS', 'https://sports.news.naver.com/news?oid=076&aid=0004110376', 23, NULL, NULL, NULL, NULL, NULL),
	(679, '亞왕좌 탈환 노리는 울산 홍명보호, 반프레전 ‘스리백 가동’…김민우-설영우 윙백 출격 [현장 라인업]', '2024-02-15 18:15:01.216363', b'1', 'NEWS', 'https://sports.news.naver.com/news?oid=468&aid=0001030865', 3, NULL, NULL, NULL, NULL, NULL),
	(680, '[현장라인업]\'K리그 챔피언\' 홍명보 감독, \'깜짝\' 스리백 첫 발…\'亞컵 전경기\' 설영우 선발 출격', '2024-02-15 18:15:01.216370', b'1', 'NEWS', 'https://sports.news.naver.com/news?oid=076&aid=0004110376', 3, NULL, NULL, NULL, NULL, NULL),
	(681, '님이 좋아요를 누르셨습니다.', '2024-02-15 19:43:58.355159', b'0', 'LIKE', '/waggle/15', 39, NULL, NULL, NULL, 'GM수풀림', 'https://k-l1verse.s3.ap-northeast-2.amazonaws.com/6cd2d67f-a8ce-4d6b-bca7-4b11dc2c90f5.jpg'),
	(682, '님이 댓글 좋아요를 누르셨습니다.', '2024-02-15 19:44:03.129870', b'1', 'LIKE', '/waggle/15', 16, NULL, '2024-02-15 22:44:08.337218', NULL, 'GM수풀림', 'https://k-l1verse.s3.ap-northeast-2.amazonaws.com/6cd2d67f-a8ce-4d6b-bca7-4b11dc2c90f5.jpg'),
	(683, '님이 댓글 좋아요를 누르셨습니다.', '2024-02-15 19:53:16.987252', b'1', 'LIKE', '/waggle/1', 16, NULL, '2024-02-15 22:44:08.217049', NULL, 'GM수풀림', 'https://k-l1verse.s3.ap-northeast-2.amazonaws.com/6cd2d67f-a8ce-4d6b-bca7-4b11dc2c90f5.jpg'),
	(684, '님이 새로운 댓글을 달았습니다.', '2024-02-15 20:34:39.204620', b'0', 'COMMENT', '/waggle/26', 37, NULL, NULL, NULL, '전북우승', 'https://lh3.googleusercontent.com/a/ACg8ocL4A7X9UyEjyNJzMAYyW64rNDG1rMf0g-6ERRWhSOo=s96-c'),
	(685, '님이 좋아요를 누르셨습니다.', '2024-02-15 20:34:43.055097', b'0', 'LIKE', '/waggle/26', 37, NULL, NULL, NULL, '전북우승', 'https://lh3.googleusercontent.com/a/ACg8ocL4A7X9UyEjyNJzMAYyW64rNDG1rMf0g-6ERRWhSOo=s96-c'),
	(686, '님이 새로운 대댓글을 달았습니다.', '2024-02-15 20:35:15.705165', b'1', 'COMMENT', '/waggle/21', 17, NULL, NULL, NULL, '전북우승', 'https://lh3.googleusercontent.com/a/ACg8ocL4A7X9UyEjyNJzMAYyW64rNDG1rMf0g-6ERRWhSOo=s96-c'),
	(687, '[현장리뷰]"김민우 시프트" 주민규→설영우 골골골, \'챔피언\' 울산, 반포레 고후 3-0 완파…8강행 성큼', '2024-02-15 21:00:01.797239', b'0', 'NEWS', 'https://sports.news.naver.com/news?oid=076&aid=0004110450', 23, NULL, NULL, NULL, NULL, NULL),
	(688, '[ACL] ‘역시 K 득점왕’ 주민규, 한일전서 폭발... 울산 8강 보인다', '2024-02-15 21:00:01.797291', b'0', 'NEWS', 'https://sports.news.naver.com/news?oid=139&aid=0002197858', 23, NULL, NULL, NULL, NULL, NULL),
	(689, '[현장리뷰]"김민우 시프트" 주민규→설영우 골골골, \'챔피언\' 울산, 반포레 고후 3-0 완파…8강행 성큼', '2024-02-15 21:00:01.797303', b'1', 'NEWS', 'https://sports.news.naver.com/news?oid=076&aid=0004110450', 3, NULL, NULL, NULL, NULL, NULL),
	(690, '[ACL] ‘역시 K 득점왕’ 주민규, 한일전서 폭발... 울산 8강 보인다', '2024-02-15 21:00:01.797310', b'1', 'NEWS', 'https://sports.news.naver.com/news?oid=139&aid=0002197858', 3, NULL, NULL, NULL, NULL, NULL),
	(691, '님이 댓글 좋아요를 누르셨습니다.', '2024-02-15 21:10:30.673537', b'1', 'LIKE', '/mate/2', 17, NULL, NULL, NULL, '전북우승', 'https://lh3.googleusercontent.com/a/ACg8ocL4A7X9UyEjyNJzMAYyW64rNDG1rMf0g-6ERRWhSOo=s96-c'),
	(692, '님이 새로운 댓글을 달았습니다.', '2024-02-15 21:10:52.760417', b'1', 'COMMENT', '/mate/5', 16, NULL, '2024-02-15 22:44:08.052253', NULL, '전북우승', 'https://lh3.googleusercontent.com/a/ACg8ocL4A7X9UyEjyNJzMAYyW64rNDG1rMf0g-6ERRWhSOo=s96-c'),
	(693, '님이 댓글 좋아요를 누르셨습니다.', '2024-02-15 21:12:16.905907', b'0', 'LIKE', '/waggle/15', 39, NULL, NULL, NULL, '전북우승', 'https://lh3.googleusercontent.com/a/ACg8ocL4A7X9UyEjyNJzMAYyW64rNDG1rMf0g-6ERRWhSOo=s96-c'),
	(694, '님이 댓글 좋아요를 누르셨습니다.', '2024-02-15 21:12:21.191593', b'1', 'LIKE', '/waggle/15', 34, NULL, NULL, NULL, '전북우승', 'https://lh3.googleusercontent.com/a/ACg8ocL4A7X9UyEjyNJzMAYyW64rNDG1rMf0g-6ERRWhSOo=s96-c'),
	(695, '님이 좋아요를 누르셨습니다.', '2024-02-15 21:12:22.719642', b'0', 'LIKE', '/waggle/15', 39, NULL, NULL, NULL, '전북우승', 'https://lh3.googleusercontent.com/a/ACg8ocL4A7X9UyEjyNJzMAYyW64rNDG1rMf0g-6ERRWhSOo=s96-c'),
	(696, '울산, ACL 16강 1차전서 일본 고후 3-0 완파…설영우 쐐기골', '2024-02-15 21:15:01.442000', b'0', 'NEWS', 'https://sports.news.naver.com/news?oid=001&aid=0014508441', 23, NULL, NULL, NULL, NULL, NULL),
	(697, '울산, ACL 16강 1차전서 일본 고후 3-0 완파…설영우 쐐기골', '2024-02-15 21:15:01.442030', b'1', 'NEWS', 'https://sports.news.naver.com/news?oid=001&aid=0014508441', 3, NULL, NULL, NULL, NULL, NULL),
	(698, '경기가 30분 뒤에 시작합니다.', '2024-02-15 21:27:00.165845', b'1', 'MATCH', '/match/300', 2, NULL, '2024-02-15 23:00:08.584522', NULL, NULL, NULL),
	(699, '경기가 30분 뒤에 시작합니다.', '2024-02-15 21:27:00.165892', b'1', 'MATCH', '/match/300', 1, NULL, NULL, NULL, NULL, NULL),
	(700, '경기가 30분 뒤에 시작합니다.', '2024-02-15 21:27:00.165902', b'1', 'MATCH', '/match/300', 12, NULL, NULL, NULL, NULL, NULL),
	(701, '님이 댓글 좋아요를 누르셨습니다.', '2024-02-15 21:41:45.716441', b'0', 'LIKE', '/waggle/15', 39, NULL, NULL, NULL, '키키', 'https://k-l1verse.s3.ap-northeast-2.amazonaws.com/e56d53c3-3e2e-489a-88ff-a098607e35c2.jpg'),
	(702, '님이 댓글 좋아요를 누르셨습니다.', '2024-02-15 21:42:07.483385', b'1', 'LIKE', '/waggle/15', 16, NULL, '2024-02-15 22:44:07.973025', NULL, '키키', 'https://k-l1verse.s3.ap-northeast-2.amazonaws.com/e56d53c3-3e2e-489a-88ff-a098607e35c2.jpg'),
	(703, '님이 좋아요를 누르셨습니다.', '2024-02-15 21:42:14.992728', b'0', 'LIKE', '/waggle/15', 39, NULL, NULL, NULL, '키키', 'https://k-l1verse.s3.ap-northeast-2.amazonaws.com/e56d53c3-3e2e-489a-88ff-a098607e35c2.jpg'),
	(704, '경기가 30분 뒤에 시작합니다.', '2024-02-15 21:43:00.184916', b'1', 'MATCH', '/match/300', 2, NULL, '2024-02-15 23:00:08.280523', NULL, NULL, NULL),
	(705, '경기가 30분 뒤에 시작합니다.', '2024-02-15 21:43:00.184952', b'1', 'MATCH', '/match/300', 1, NULL, NULL, NULL, NULL, NULL),
	(706, '경기가 30분 뒤에 시작합니다.', '2024-02-15 21:43:00.184962', b'1', 'MATCH', '/match/300', 12, NULL, NULL, NULL, NULL, NULL),
	(707, '홍명보 감독 “탁구 사건에 설영우? 그건 몰라…국가대표로 더 높은 도덕성 지녀야” [현장인터뷰]', '2024-02-15 21:45:01.601025', b'0', 'NEWS', 'https://sports.news.naver.com/news?oid=468&aid=0001030973', 23, NULL, NULL, NULL, NULL, NULL),
	(708, '홍명보 감독 “탁구 사건에 설영우? 그건 몰라…국가대표로 더 높은 도덕성 지녀야” [현장인터뷰]', '2024-02-15 21:45:01.601057', b'1', 'NEWS', 'https://sports.news.naver.com/news?oid=468&aid=0001030973', 3, NULL, NULL, NULL, NULL, NULL),
	(709, '경기가 30분 뒤에 시작합니다.', '2024-02-15 21:46:53.842934', b'1', 'MATCH', 'http://localhost:3000/matches/300', 2, NULL, '2024-02-15 23:00:07.917527', NULL, NULL, NULL),
	(710, '경기가 30분 뒤에 시작합니다.', '2024-02-15 21:46:53.842934', b'0', 'MATCH', 'http://localhost:3000/matches/300', 23, NULL, NULL, NULL, NULL, NULL),
	(711, '경기가 30분 뒤에 시작합니다.', '2024-02-15 21:46:53.842934', b'1', 'MATCH', 'http://localhost:3000/matches/300', 12, NULL, NULL, NULL, NULL, NULL),
	(712, '출석 보상으로 10골을 지급 받았습니다.', '2024-02-15 21:48:33.266098', b'1', 'GOAL', '/mypage', 25, NULL, NULL, NULL, NULL, NULL),
	(713, '[현장목소리] 울산 홍명보 감독, “주민규 매 경기 한 골씩 넣었으면”', '2024-02-15 22:00:00.406722', b'0', 'NEWS', 'https://sports.news.naver.com/news?oid=139&aid=0002197860', 23, NULL, NULL, NULL, NULL, NULL),
	(714, '[현장인터뷰]홍명보 감독의 일침 "국가대표 높은 도덕성 가져야, 설영우는 잘할 것"', '2024-02-15 22:00:00.406751', b'0', 'NEWS', 'https://sports.news.naver.com/news?oid=076&aid=0004110459', 23, NULL, NULL, NULL, NULL, NULL),
	(715, '[현장목소리] 울산 홍명보 감독, “주민규 매 경기 한 골씩 넣었으면”', '2024-02-15 22:00:00.406761', b'1', 'NEWS', 'https://sports.news.naver.com/news?oid=139&aid=0002197860', 3, NULL, NULL, NULL, NULL, NULL),
	(716, '[현장인터뷰]홍명보 감독의 일침 "국가대표 높은 도덕성 가져야, 설영우는 잘할 것"', '2024-02-15 22:00:00.406971', b'1', 'NEWS', 'https://sports.news.naver.com/news?oid=076&aid=0004110459', 3, NULL, NULL, NULL, NULL, NULL),
	(717, '글 작성 보상으로 10골을 지급 받았습니다.', '2024-02-15 22:08:41.389994', b'0', 'GOAL', '/waggle/27', 22, NULL, NULL, NULL, NULL, NULL),
	(718, '뱃지 구매로 1000골을 사용하셨습니다.', NULL, b'1', 'GOAL', '/mypage', 16, NULL, '2024-02-15 22:44:07.822677', NULL, NULL, NULL),
	(719, '‘설영우 득점 후 부상’ 울산, ACL 16강 1차전서 대승', '2024-02-15 22:30:02.457063', b'0', 'NEWS', 'https://sports.news.naver.com/news?oid=119&aid=0002800064', 23, NULL, NULL, NULL, NULL, NULL),
	(720, '주민규 멀티골-설영우 쐐기골...울산, ACL 16강 1차전 3골차 완승', '2024-02-15 22:30:02.457125', b'0', 'NEWS', 'https://sports.news.naver.com/news?oid=018&aid=0005674552', 23, NULL, NULL, NULL, NULL, NULL),
	(721, '‘설영우 득점 후 부상’ 울산, ACL 16강 1차전서 대승', '2024-02-15 22:30:02.457136', b'1', 'NEWS', 'https://sports.news.naver.com/news?oid=119&aid=0002800064', 3, NULL, NULL, NULL, NULL, NULL),
	(722, '주민규 멀티골-설영우 쐐기골...울산, ACL 16강 1차전 3골차 완승', '2024-02-15 22:30:02.457144', b'1', 'NEWS', 'https://sports.news.naver.com/news?oid=018&aid=0005674552', 3, NULL, NULL, NULL, NULL, NULL),
	(723, '‘설영우 득점 후 부상’ 울산, ACL 16강 1차전서 대승', '2024-02-15 22:30:02.457151', b'1', 'NEWS', 'https://sports.news.naver.com/news?oid=119&aid=0002800064', 16, NULL, NULL, NULL, NULL, NULL),
	(724, '주민규 멀티골-설영우 쐐기골...울산, ACL 16강 1차전 3골차 완승', '2024-02-15 22:30:02.457159', b'1', 'NEWS', 'https://sports.news.naver.com/news?oid=018&aid=0005674552', 16, NULL, NULL, NULL, NULL, NULL),
	(725, '글 작성 보상으로 10골을 지급 받았습니다.', '2024-02-15 22:35:01.674626', b'1', 'GOAL', '/waggle/28', 1, NULL, NULL, NULL, NULL, NULL),
	(726, '님이 새로운 댓글을 달았습니다.', '2024-02-15 22:38:18.382630', b'0', 'COMMENT', '/waggle/26', 37, NULL, NULL, NULL, '백슉좋아', 'https://k-l1verse.s3.ap-northeast-2.amazonaws.com/06b3dfe9-8c59-400d-9788-57578bce3321.jpg'),
	(727, '글 작성 보상으로 10골을 지급 받았습니다.', '2024-02-15 22:46:44.853789', b'1', 'GOAL', '/waggle/29', 16, NULL, NULL, NULL, NULL, NULL),
	(728, '경기가 30분 뒤에 시작합니다.', '2024-02-15 22:59:35.174774', b'1', 'MATCH', '/match/999', 2, '11', NULL, '5', NULL, NULL),
	(729, '베팅 보상으로 500골이 지급되었습니다.', '2024-02-15 23:06:33.155758', b'1', 'GOAL', '/mypage', 16, NULL, '2024-02-16 00:22:32.462181', NULL, NULL, NULL),
	(730, '뱃지 구매로 1000골을 사용하셨습니다.', NULL, b'1', 'GOAL', '/mypage', 16, NULL, '2024-02-16 00:22:32.218918', NULL, NULL, NULL),
	(731, '글 작성 보상으로 10골을 지급 받았습니다.', '2024-02-15 23:12:49.077618', b'1', 'GOAL', '/waggle/30', 16, NULL, '2024-02-16 00:22:27.878947', NULL, NULL, NULL),
	(732, '경기가 30분 뒤에 시작합니다.', '2024-02-15 23:13:00.048650', b'1', 'MATCH', '/match/300', 16, '11', '2024-02-16 00:22:27.242826', '5', NULL, NULL),
	(733, '경기가 30분 뒤에 시작합니다.', '2024-02-15 23:13:00.048683', b'1', 'MATCH', '/match/300', 1, '11', NULL, '5', NULL, NULL),
	(734, '경기가 30분 뒤에 시작합니다.', '2024-02-15 23:13:00.048692', b'1', 'MATCH', '/match/300', 14, '11', NULL, '5', NULL, NULL),
	(735, '경기가 30분 뒤에 시작합니다.', '2024-02-15 23:13:00.048699', b'1', 'MATCH', '/match/300', 2, '11', NULL, '5', NULL, NULL),
	(736, '경기가 30분 뒤에 시작합니다.', '2024-02-15 23:13:00.048706', b'1', 'MATCH', '/match/300', 12, '11', NULL, '5', NULL, NULL),
	(737, '경기가 30분 뒤에 시작합니다.', '2024-02-15 23:13:00.048712', b'1', 'MATCH', '/match/300', 10, '11', NULL, '5', NULL, NULL),
	(738, '베팅 보상으로 10430골이 지급되었습니다.', '2024-02-15 23:18:03.067529', b'1', 'GOAL', '/mypage', 1, NULL, NULL, NULL, NULL, NULL),
	(739, '베팅 보상으로 1043000골이 지급되었습니다.', '2024-02-15 23:18:03.142792', b'1', 'GOAL', '/mypage', 10, NULL, NULL, NULL, NULL, NULL),
	(740, '뱃지 구매로 1000골을 사용하셨습니다.', NULL, b'1', 'GOAL', '/mypage', 16, NULL, '2024-02-16 00:22:31.635687', NULL, NULL, NULL),
	(741, '글 작성 보상으로 10골을 지급 받았습니다.', '2024-02-15 23:24:00.735342', b'1', 'GOAL', '/waggle/31', 16, NULL, '2024-02-16 00:22:31.436711', NULL, NULL, NULL),
	(742, '님이 새로운 대댓글을 달았습니다.', '2024-02-15 23:25:35.539326', b'1', 'COMMENT', '/waggle/25', 2, NULL, NULL, NULL, '백슉좋아', 'https://k-l1verse.s3.ap-northeast-2.amazonaws.com/06b3dfe9-8c59-400d-9788-57578bce3321.jpg'),
	(743, '경기가 30분 뒤에 시작합니다.', '2024-02-15 23:48:00.047468', b'1', 'MATCH', '/match/300', 16, '11', '2024-02-16 00:22:31.289428', '5', NULL, NULL),
	(744, '경기가 30분 뒤에 시작합니다.', '2024-02-15 23:48:00.047528', b'1', 'MATCH', '/match/300', 2, '11', NULL, '5', NULL, NULL),
	(745, '경기가 30분 뒤에 시작합니다.', '2024-02-15 23:48:00.047572', b'1', 'MATCH', '/match/300', 1, '11', NULL, '5', NULL, NULL),
	(746, '경기가 30분 뒤에 시작합니다.', '2024-02-15 23:48:00.047581', b'1', 'MATCH', '/match/300', 10, '11', NULL, '5', NULL, NULL),
	(747, '경기가 30분 뒤에 시작합니다.', '2024-02-15 23:48:00.047588', b'1', 'MATCH', '/match/300', 12, '11', NULL, '5', NULL, NULL),
	(748, '경기가 30분 뒤에 시작합니다.', '2024-02-15 23:48:00.047595', b'1', 'MATCH', '/match/300', 17, '11', NULL, '5', NULL, NULL),
	(749, '경기가 30분 뒤에 시작합니다.', '2024-02-15 23:48:00.047601', b'1', 'MATCH', '/match/300', 14, '11', NULL, '5', NULL, NULL),
	(750, '경기가 30분 뒤에 시작합니다.', '2024-02-15 23:48:00.047613', b'1', 'MATCH', '/match/300', 3, '11', NULL, '5', NULL, NULL),
	(751, '글 작성 보상으로 10골을 지급 받았습니다.', '2024-02-15 23:49:56.201016', b'1', 'GOAL', '/waggle/32', 12, NULL, NULL, NULL, NULL, NULL),
	(752, '님이 좋아요를 누르셨습니다.', '2024-02-15 23:50:59.171106', b'1', 'LIKE', '/waggle/32', 12, NULL, NULL, NULL, 'GM궁예', 'https://k-l1verse.s3.ap-northeast-2.amazonaws.com/bd816c51-ac28-41ae-8985-7299935c3017.jpeg'),
	(753, '베팅 보상으로 20966골이 지급되었습니다.', '2024-02-15 23:53:00.070160', b'1', 'GOAL', '/mypage', 1, NULL, NULL, NULL, NULL, NULL),
	(754, '베팅 보상으로 62899골이 지급되었습니다.', '2024-02-15 23:53:00.151099', b'1', 'GOAL', '/mypage', 3, NULL, NULL, NULL, NULL, NULL),
	(755, '베팅 보상으로 1048317골이 지급되었습니다.', '2024-02-15 23:53:00.228681', b'1', 'GOAL', '/mypage', 5, NULL, NULL, NULL, NULL, NULL),
	(756, '베팅 보상으로 1048317골이 지급되었습니다.', '2024-02-15 23:53:00.306347', b'1', 'GOAL', '/mypage', 4, NULL, NULL, NULL, NULL, NULL),
	(757, '뱃지 구매로 1000골을 사용하셨습니다.', NULL, b'1', 'GOAL', '/mypage', 16, NULL, '2024-02-16 00:22:30.268113', NULL, NULL, NULL),
	(758, '글 작성 보상으로 10골을 지급 받았습니다.', '2024-02-16 00:06:42.656473', b'1', 'GOAL', '/waggle/33', 16, NULL, '2024-02-16 00:22:30.093911', NULL, NULL, NULL),
	(759, '님이 좋아요를 누르셨습니다.', '2024-02-16 00:06:54.821726', b'1', 'LIKE', '/waggle/32', 12, NULL, NULL, NULL, '백슉좋아', 'https://k-l1verse.s3.ap-northeast-2.amazonaws.com/06b3dfe9-8c59-400d-9788-57578bce3321.jpg'),
	(760, '님이 새로운 댓글을 달았습니다.', '2024-02-16 00:06:58.456029', b'1', 'COMMENT', '/waggle/32', 12, NULL, NULL, NULL, '백슉좋아', 'https://k-l1verse.s3.ap-northeast-2.amazonaws.com/06b3dfe9-8c59-400d-9788-57578bce3321.jpg'),
	(761, '출석 보상으로 10골을 지급 받았습니다.', '2024-02-16 00:18:14.393010', b'1', 'GOAL', '/mypage', 16, NULL, '2024-02-16 00:22:29.943595', NULL, NULL, NULL),
	(762, '출석 보상으로 10골을 지급 받았습니다.', '2024-02-16 00:25:18.260550', b'1', 'GOAL', '/mypage', 41, NULL, NULL, NULL, NULL, NULL),
	(763, '출석 보상으로 10골을 지급 받았습니다.', '2024-02-16 00:25:21.889724', b'1', 'GOAL', '/mypage', 42, NULL, NULL, NULL, NULL, NULL),
	(764, '출석 보상으로 10골을 지급 받았습니다.', '2024-02-16 01:02:33.464374', b'1', 'GOAL', '/mypage', 16, NULL, NULL, NULL, NULL, NULL),
	(765, '출석 보상으로 10골을 지급 받았습니다.', '2024-02-16 01:03:36.290598', b'1', 'GOAL', '/mypage', 4, NULL, NULL, NULL, NULL, NULL),
	(766, '뱃지 구매로 1000골을 사용하셨습니다.', NULL, b'1', 'GOAL', '/mypage', 16, NULL, NULL, NULL, NULL, NULL),
	(767, '님이 새로운 댓글을 달았습니다.', '2024-02-16 01:11:25.156953', b'1', 'COMMENT', '/waggle/32', 12, NULL, NULL, NULL, '백슉좋아', 'https://k-l1verse.s3.ap-northeast-2.amazonaws.com/06b3dfe9-8c59-400d-9788-57578bce3321.jpg'),
	(768, '출석 보상으로 10골을 지급 받았습니다.', '2024-02-16 01:14:01.281143', b'1', 'GOAL', '/mypage', 3, NULL, NULL, NULL, NULL, NULL),
	(769, '글 작성 보상으로 10골을 지급 받았습니다.', '2024-02-16 01:14:27.477284', b'1', 'GOAL', '/product/34', 3, NULL, NULL, NULL, NULL, NULL),
	(770, '글 작성 보상으로 10골을 지급 받았습니다.', '2024-02-16 01:15:07.873680', b'1', 'GOAL', '/mate/35', 3, NULL, NULL, NULL, NULL, NULL),
	(771, '출석 보상으로 10골을 지급 받았습니다.', '2024-02-16 01:44:15.167294', b'1', 'GOAL', '/mypage', 1, NULL, NULL, NULL, NULL, NULL),
	(772, '출석 보상으로 10골을 지급 받았습니다.', '2024-02-16 01:44:39.374858', b'1', 'GOAL', '/mypage', 14, NULL, NULL, NULL, NULL, NULL),
	(773, '글 작성 보상으로 10골을 지급 받았습니다.', '2024-02-16 01:50:26.493987', b'1', 'GOAL', '/waggle/36', 1, NULL, NULL, NULL, NULL, NULL),
	(774, '출석 보상으로 10골을 지급 받았습니다.', '2024-02-16 02:10:58.716052', b'1', 'GOAL', '/mypage', 10, NULL, NULL, NULL, NULL, NULL),
	(775, '님이 새로운 댓글을 달았습니다.', '2024-02-16 02:14:26.307892', b'1', 'COMMENT', '/product/34', 3, NULL, NULL, NULL, '김동훈', 'http://k.kakaocdn.net/dn/1G9kp/btsAot8liOn/8CWudi3uy07rvFNUkk3ER0/img_640x640.jpg'),
	(776, '[현장인터뷰]이강인 \'막내 라인\' 설영우 "할 수 있는 말 없지만 축구 외적으로도 중요"', '2024-02-16 02:45:01.194273', b'0', 'NEWS', 'https://sports.news.naver.com/news?oid=076&aid=0004110480', 23, NULL, NULL, NULL, NULL, NULL),
	(777, '[현장인터뷰]이강인 \'막내 라인\' 설영우 "할 수 있는 말 없지만 축구 외적으로도 중요"', '2024-02-16 02:45:01.194302', b'1', 'NEWS', 'https://sports.news.naver.com/news?oid=076&aid=0004110480', 3, NULL, NULL, NULL, NULL, NULL),
	(778, '출석 보상으로 10골을 지급 받았습니다.', '2024-02-16 07:20:37.576277', b'1', 'GOAL', '/mypage', 5, NULL, NULL, NULL, NULL, NULL),
	(779, '출석 보상으로 10골을 지급 받았습니다.', '2024-02-16 07:33:04.029458', b'1', 'GOAL', '/mypage', 35, NULL, NULL, NULL, NULL, NULL),
	(780, '출석 보상으로 10골을 지급 받았습니다.', '2024-02-16 07:51:55.215653', b'1', 'GOAL', '/mypage', 17, NULL, NULL, NULL, NULL, NULL),
	(781, '글 작성 보상으로 10골을 지급 받았습니다.', '2024-02-16 08:14:37.909207', b'1', 'GOAL', '/waggle/37', 16, NULL, NULL, NULL, NULL, NULL),
	(782, '닉네임 변경으로 1000골을 사용하셨습니다.', NULL, b'1', 'GOAL', '/mypage', 4, NULL, NULL, NULL, NULL, NULL),
	(783, '글 작성 보상으로 10골을 지급 받았습니다.', '2024-02-16 08:19:50.019825', b'1', 'GOAL', '/mate/38', 4, NULL, NULL, NULL, NULL, NULL),
	(784, '님이 댓글 좋아요를 누르셨습니다.', '2024-02-16 08:21:01.845471', b'0', 'LIKE', '/waggle/15', 34, NULL, NULL, NULL, '백슉좋아', 'https://k-l1verse.s3.ap-northeast-2.amazonaws.com/06b3dfe9-8c59-400d-9788-57578bce3321.jpg'),
	(785, '님이 댓글 좋아요를 누르셨습니다.', '2024-02-16 08:21:05.138252', b'0', 'LIKE', '/waggle/15', 39, NULL, NULL, NULL, '백슉좋아', 'https://k-l1verse.s3.ap-northeast-2.amazonaws.com/06b3dfe9-8c59-400d-9788-57578bce3321.jpg'),
	(786, '출석 보상으로 10골을 지급 받았습니다.', '2024-02-16 08:52:07.429325', b'1', 'GOAL', '/mypage', 12, NULL, NULL, NULL, NULL, NULL),
	(787, '출석 보상으로 10골을 지급 받았습니다.', '2024-02-16 08:54:01.731293', b'1', 'GOAL', '/mypage', 2, NULL, NULL, NULL, NULL, NULL),
	(788, '\'주민규 멀티골\' 울산 HD, 日 반포레 고후에 \'완승\'...ACL 16강 1차전', '2024-02-16 09:00:01.452895', b'0', 'NEWS', 'https://sports.news.naver.com/news?oid=629&aid=0000267534', 23, NULL, NULL, NULL, NULL, NULL),
	(789, '\'주민규 멀티골\' 울산 HD, 日 반포레 고후에 \'완승\'...ACL 16강 1차전', '2024-02-16 09:00:01.452935', b'1', 'NEWS', 'https://sports.news.naver.com/news?oid=629&aid=0000267534', 3, NULL, NULL, NULL, NULL, NULL),
	(790, '글 작성 보상으로 10골을 지급 받았습니다.', '2024-02-16 09:00:29.895657', b'1', 'GOAL', '/waggle/40', 1, NULL, NULL, NULL, NULL, NULL),
	(791, '글 작성 보상으로 10골을 지급 받았습니다.', '2024-02-16 09:00:30.008415', b'1', 'GOAL', '/waggle/39', 1, NULL, NULL, NULL, NULL, NULL),
	(792, '경기가 3분 뒤에 시작합니다.', '2024-02-16 09:19:00.050611', b'1', 'MATCH', '/match/300', 1, '11', NULL, '5', NULL, NULL),
	(793, '경기가 3분 뒤에 시작합니다.', '2024-02-16 09:19:00.050675', b'1', 'MATCH', '/match/300', 2, '11', NULL, '5', NULL, NULL),
	(794, '베팅 보상으로 10100골이 지급되었습니다.', '2024-02-16 09:24:00.153121', b'1', 'GOAL', '/mypage', 2, NULL, NULL, NULL, NULL, NULL),
	(795, '‘클린스만호 불화설’ 설영우 “선수는 축구 외적으로도 중요하다는 마음”', '2024-02-16 09:45:01.156391', b'0', 'NEWS', 'https://sports.news.naver.com/news?oid=018&aid=0005674739', 23, NULL, NULL, NULL, NULL, NULL),
	(796, '‘클린스만호 불화설’ 설영우 “선수는 축구 외적으로도 중요하다는 마음”', '2024-02-16 09:45:01.156424', b'1', 'NEWS', 'https://sports.news.naver.com/news?oid=018&aid=0005674739', 3, NULL, NULL, NULL, NULL, NULL),
	(797, '글 작성 보상으로 10골을 지급 받았습니다.', '2024-02-16 10:11:05.659792', b'1', 'GOAL', '/mate/41', 1, NULL, '2024-02-16 10:11:43.198049', NULL, NULL, NULL),
	(798, '글 작성 보상으로 10골을 지급 받았습니다.', '2024-02-16 10:11:34.898276', b'1', 'GOAL', '/mate/42', 1, NULL, '2024-02-16 10:11:42.748501', NULL, NULL, NULL),
	(799, 'FC서울 유니폼도 싹 바꿨다, 20주년 기념 \'SEOUL RETURNS\' 공개', '2024-02-16 10:45:02.758959', b'0', 'NEWS', 'https://sports.news.naver.com/news?oid=108&aid=0003215141', 24, NULL, NULL, NULL, NULL, NULL),
	(800, 'FC서울 유니폼도 싹 바꿨다, 20주년 기념 \'SEOUL RETURNS\' 공개', '2024-02-16 10:45:02.759013', b'0', 'NEWS', 'https://sports.news.naver.com/news?oid=108&aid=0003215141', 17, NULL, NULL, NULL, NULL, NULL),
	(801, 'FC서울 유니폼도 싹 바꿨다, 20주년 기념 \'SEOUL RETURNS\' 공개', '2024-02-16 10:45:02.759028', b'1', 'NEWS', 'https://sports.news.naver.com/news?oid=108&aid=0003215141', 35, NULL, NULL, NULL, NULL, NULL),
	(802, 'FC서울 유니폼도 싹 바꿨다, 20주년 기념 \'SEOUL RETURNS\' 공개', '2024-02-16 10:45:02.759037', b'0', 'NEWS', 'https://sports.news.naver.com/news?oid=108&aid=0003215141', 36, NULL, NULL, NULL, NULL, NULL),
	(803, '글 작성 보상으로 10골을 지급 받았습니다.', '2024-02-16 10:48:11.204222', b'1', 'GOAL', '/waggle/43', 35, NULL, NULL, NULL, NULL, NULL),
	(804, '글 작성 보상으로 10골을 지급 받았습니다.', '2024-02-16 10:52:19.808294', b'1', 'GOAL', '/mate/44', 35, NULL, NULL, NULL, NULL, NULL),
	(805, '글 작성 보상으로 10골을 지급 받았습니다.', '2024-02-16 10:53:59.264990', b'1', 'GOAL', '/waggle/45', 16, NULL, NULL, NULL, NULL, NULL),
	(806, '출석 보상으로 10골을 지급 받았습니다.', '2024-02-16 11:01:52.113631', b'0', 'GOAL', '/mypage', 43, NULL, NULL, NULL, NULL, NULL),
	(807, '글 작성 보상으로 10골을 지급 받았습니다.', '2024-02-16 11:02:42.228910', b'0', 'GOAL', '/waggle/46', 43, NULL, NULL, NULL, NULL, NULL),
	(808, '님이 새로운 댓글을 달았습니다.', '2024-02-16 11:03:41.158670', b'0', 'COMMENT', '/product/34', 3, NULL, NULL, NULL, '거뮤니티', 'https://k-l1verse.s3.ap-northeast-2.amazonaws.com/57ca8712-fd4f-4e0e-8be8-933e2c347884.jpg'),
	(809, '글 작성 보상으로 10골을 지급 받았습니다.', '2024-02-16 11:05:25.786394', b'1', 'GOAL', '/product/47', 35, NULL, NULL, NULL, NULL, NULL),
	(810, '님이 새로운 댓글을 달았습니다.', '2024-02-16 11:06:04.342807', b'1', 'COMMENT', '/product/47', 35, NULL, NULL, NULL, '거뮤니티', 'https://k-l1verse.s3.ap-northeast-2.amazonaws.com/57ca8712-fd4f-4e0e-8be8-933e2c347884.jpg'),
	(811, '출석 보상으로 10골을 지급 받았습니다.', '2024-02-16 11:06:33.563722', b'1', 'GOAL', '/mypage', 44, NULL, NULL, NULL, NULL, NULL),
	(812, '글 작성 보상으로 10골을 지급 받았습니다.', '2024-02-16 11:10:48.544370', b'1', 'GOAL', '/waggle/48', 16, NULL, NULL, NULL, NULL, NULL),
	(813, '‘테크니션 부활 꿈’ 강성진 “미토마 드리블 연구…김기동 축구 경험 영광” [SS가고시마in]', '2024-02-16 11:15:03.020583', b'0', 'NEWS', 'https://sports.news.naver.com/news?oid=468&aid=0001031069', 24, NULL, NULL, NULL, NULL, NULL),
	(814, '‘테크니션 부활 꿈’ 강성진 “미토마 드리블 연구…김기동 축구 경험 영광” [SS가고시마in]', '2024-02-16 11:15:03.020614', b'0', 'NEWS', 'https://sports.news.naver.com/news?oid=468&aid=0001031069', 17, NULL, NULL, NULL, NULL, NULL),
	(815, '‘테크니션 부활 꿈’ 강성진 “미토마 드리블 연구…김기동 축구 경험 영광” [SS가고시마in]', '2024-02-16 11:15:03.020623', b'0', 'NEWS', 'https://sports.news.naver.com/news?oid=468&aid=0001031069', 35, NULL, NULL, NULL, NULL, NULL),
	(816, '‘테크니션 부활 꿈’ 강성진 “미토마 드리블 연구…김기동 축구 경험 영광” [SS가고시마in]', '2024-02-16 11:15:03.020631', b'0', 'NEWS', 'https://sports.news.naver.com/news?oid=468&aid=0001031069', 36, NULL, NULL, NULL, NULL, NULL);

-- 테이블 s10p12a409.product 구조 내보내기
CREATE TABLE IF NOT EXISTS `product` (
  `product_id` bigint(20) NOT NULL AUTO_INCREMENT,
  `deal_flag` bit(1) DEFAULT NULL,
  `price` bigint(20) DEFAULT NULL,
  `board_id` bigint(20) DEFAULT NULL,
  PRIMARY KEY (`product_id`),
  KEY `FKb2jkw4ykiljlycy09v80e9r3b` (`board_id`),
  CONSTRAINT `FKb2jkw4ykiljlycy09v80e9r3b` FOREIGN KEY (`board_id`) REFERENCES `board` (`board_id`)
) ENGINE=InnoDB AUTO_INCREMENT=9 DEFAULT CHARSET=utf8mb4 COLLATE=utf8mb4_bin;

-- 테이블 데이터 s10p12a409.product:~5 rows (대략적) 내보내기
INSERT INTO `product` (`product_id`, `deal_flag`, `price`, `board_id`) VALUES
	(2, b'0', 80000, 6),
	(3, b'0', 179000, 8),
	(5, b'0', 10000, 10),
	(6, b'0', 10000, 14),
	(7, b'0', 30000, 34),
	(8, b'0', 1000000, 47);

-- 테이블 s10p12a409.question 구조 내보내기
CREATE TABLE IF NOT EXISTS `question` (
  `question_id` bigint(20) NOT NULL AUTO_INCREMENT,
  `content` varchar(255) COLLATE utf8mb4_bin DEFAULT NULL,
  `survey_id` bigint(20) DEFAULT NULL,
  PRIMARY KEY (`question_id`),
  KEY `FK65ro96jafjvulbqu8ia0pb254` (`survey_id`),
  CONSTRAINT `FK65ro96jafjvulbqu8ia0pb254` FOREIGN KEY (`survey_id`) REFERENCES `survey` (`survey_id`)
) ENGINE=InnoDB AUTO_INCREMENT=8 DEFAULT CHARSET=utf8mb4 COLLATE=utf8mb4_bin;

-- 테이블 데이터 s10p12a409.question:~7 rows (대략적) 내보내기
INSERT INTO `question` (`question_id`, `content`, `survey_id`) VALUES
	(1, '삶에서 가장 중요한 것은?', 1),
	(2, '내가 생각했을 땐..', 1),
	(3, '운동할 때 입고 싶은 티셔츠 색은?', 1),
	(4, '축구는 역시 !', 1),
	(5, '나는 과정보다 결과를 중요시 하는 편이다.', 1),
	(6, '이번 휴가 땐 여기로~', 1),
	(7, '과거와 현재 중 어떤 것을 중요하게 생각하시나요?', 1);

-- 테이블 s10p12a409.song 구조 내보내기
CREATE TABLE IF NOT EXISTS `song` (
  `song_id` int(11) NOT NULL,
  `uri` varchar(255) COLLATE utf8mb4_bin DEFAULT NULL,
  PRIMARY KEY (`song_id`)
) ENGINE=InnoDB DEFAULT CHARSET=utf8mb4 COLLATE=utf8mb4_bin;

-- 테이블 데이터 s10p12a409.song:~0 rows (대략적) 내보내기

-- 테이블 s10p12a409.survey 구조 내보내기
CREATE TABLE IF NOT EXISTS `survey` (
  `survey_id` bigint(20) NOT NULL AUTO_INCREMENT,
  `survey_name` varchar(255) COLLATE utf8mb4_bin DEFAULT NULL,
  PRIMARY KEY (`survey_id`)
) ENGINE=InnoDB AUTO_INCREMENT=2 DEFAULT CHARSET=utf8mb4 COLLATE=utf8mb4_bin;

-- 테이블 데이터 s10p12a409.survey:~1 rows (대략적) 내보내기
INSERT INTO `survey` (`survey_id`, `survey_name`) VALUES
	(1, '구단 추천 설문');

-- 테이블 s10p12a409.team 구조 내보내기
CREATE TABLE IF NOT EXISTS `team` (
  `team_id` int(11) NOT NULL AUTO_INCREMENT,
  `team_description` varchar(255) COLLATE utf8mb4_bin DEFAULT NULL,
  `team_name` varchar(255) COLLATE utf8mb4_bin DEFAULT NULL,
  `homepage` varchar(255) COLLATE utf8mb4_bin DEFAULT NULL,
  `facebook` varchar(255) COLLATE utf8mb4_bin DEFAULT NULL,
  `instagram` varchar(255) COLLATE utf8mb4_bin DEFAULT NULL,
  `youtube` varchar(255) COLLATE utf8mb4_bin DEFAULT NULL,
  `song_id` int(11) DEFAULT NULL,
  PRIMARY KEY (`team_id`)
) ENGINE=InnoDB AUTO_INCREMENT=14 DEFAULT CHARSET=utf8mb4 COLLATE=utf8mb4_bin;

-- 테이블 데이터 s10p12a409.team:~12 rows (대략적) 내보내기
INSERT INTO `team` (`team_id`, `team_description`, `team_name`, `homepage`, `facebook`, `instagram`, `youtube`, `song_id`) VALUES
	(0, '무승부', NULL, NULL, NULL, NULL, NULL, NULL),
	(1, '울산 HD FC는 1983년에 창단되어 울산광역시를 연고로 하는 K리그1 소속의 프로 축구단이다. \'호랑이\'라는 별명을 가지고 있으며, 홈 스타디움은 Munsu Football Stadium(문수축구경기장)이다. 국내외에서 많은 성공을 거둔 팀으로서 아시아 클럽 챔피언십(현재 아시안 챔피언스 리그)에서 2회 우승한 바 있다. 또한 K리그 챔피언십에서 5회 우승하여 국내에서도 많은 성과를 보였다.', '울산 HD FC', 'https://www.uhfc.tv/', 'https://www.facebook.com/ulsanfc', 'https://www.instagram.com/uhdfc_1983/', 'https://www.youtube.com/user/ULSANHYUNDAI', NULL),
	(2, '포항스틸러스는 1973년에 창단되어 현재 포항스틸 주관 하에 운영되고 있는 K리그1 소속의 프로 축구단이다. \'철강왕자\'라는 별명을 가지고 있으며, 홈 스타디움은 포항스틸야드이다. 아시아 클럽 챔피언십(현재 아시안 챔피언스 리그)에서 3회, K리그 챔피언십에서 5회 우승한 바 있어 국내외에서 많은 성공을 거둔 팀으로 알려져 있다.', '포항스틸러스', 'https://www.steelers.co.kr/', 'https://www.facebook.com/fcpohangsteelers', 'https://www.instagram.com/fc.pohangsteelers/', 'https://www.youtube.com/channel/UCOZQIw1I6ixjQZ_va_eCn7w', NULL),
	(3, '제주유나이티드FC는 1982년에 창단되어 현재 제주도 주관 하에 운영되고 있는 K리그1 소속의 프로 축구단이다. \'오렌지\'라는 별명을 가지고 있으며, 홈 스타디움은 제주 월드컵 경기장이다. K리그에서 1회 우승한 바 있는 팀으로서 국내에서 성과를 이루어 왔다. 또한, 아시아에서도 경쟁력을 보여주기 위해 노력하고 있다.', '제주유나이티드FC', 'https://www.jeju-utd.com/', '', 'https://www.instagram.com/jejuunitedfc/', 'https://www.youtube.com/channel/UCQfQeoiJTN2EVqde4_0PlUA/featured', NULL),
	(4, '전북현대모터스는 1994년에 창단되어현재 현대자동차가 주관하고 있는 K리그1 소속의 프로 축구단이다. \'전사\'라는 별명을 가지고 있으며, 홈 스타디움은 전주 월드컵 경기장이다. 아시아 클럽 챔피언십(현재 아시안 챔피언스 리그)에서 4회, K리그 챔피언십에서 8회 우승한 바 있어 국내외에서 많은 성공을 거둔 팀으로 알려져 있다.', '전북현대모터스', 'https://hyundai-motorsfc.com/', 'https://www.facebook.com/jeonbuk1994', 'https://www.instagram.com/jeonbuk1994/', 'https://www.youtube.com/user/JEONBUKHYUNDAI', NULL),
	(5, 'FC서울은 1983년에 창단되어현재 GS그룹이 주관하고 있는 K리그1 소속의 프로 축구단이다. \'서울의 자랑\'이라는 별명을 가지고 있으며, 홈 스타디움은 서울 월드컵 경기장이다. K리그에서 6회 우승한 바 있으며, 아시아 클럽 챔피언십(현재 아시안 챔피언스 리그)에서는 준우승 2회를 기록하였다. 이밖에도 국내외에서 많은 성공을 거두었다.', 'FC서울', 'https://www.fcseoul.com/', 'https://www.facebook.com/fcseoul', 'https://www.instagram.com/fcseoul/', 'https://www.youtube.com/user/FCSEOUL', NULL),
	(6, '대전하나시티즌은 1997년에 창단되어 현재 대전시가 주관하고 있는 K리그1 소속의 프로 축구단이다. \'시티즌\'이라는 별명을 가지고 있으며, 홈 스타디움은 대전 월드컵 경기장이다. K리그에서 1회 우승한 바 있는 팀으로 국내 뿐만 아니라 아시아에서도 경쟁력을 보여주기 위해 노력하고 있다.', '대전하나시티즌', 'https://www.dhcfc.kr/', 'https://www.facebook.com/dhcfc.kr', 'https://www.instagram.com/daejeon_hana/', 'https://www.youtube.com/user/1997dcfc', NULL),
	(7, '대구FC는 2002년에 설립되어 현재 대구시가 주관하고 있는 K리그1 소속의 프로 축구단이다. \'스카이 블루\'라는 별명을 가지고 있으며, 홈 스타디움은 DGB Daegu Bank Park이다. FA컵에서 2회 우승을 하며 국내에서 많은 인정을 받고 있다.', '대구FC', 'https://www.daegufc.co.kr/main/', 'https://www.facebook.com/daegufc2002', 'https://www.instagram.com/daegufc.co.kr/', 'https://www.youtube.com/user/TheDaeguFC', NULL),
	(8, '인천유나이티드 FC는 2003년에 설립되어 현재 인천시가 주관하고 있는 K리그1 소속의 프로 축구단이다. \'무궁화\'라는 별명을 가지고 있으며, 홈 스타디움은 인천 축구 전용경기장이다. FA컵에서 1회 우승한 바 있는 팀으로 국내에서 성과를 이루어 왔다.', '인천유나이티드FC', 'https://www.incheonutd.com/main/index.php', 'https://www.facebook.com/incheonutd2003', 'https://www.instagram.com/incheonutd/', 'https://www.youtube.com/channel/UCGA9gUrYCb4hRk_wHBzB_nQ', NULL),
	(9, '강원FC는 2008년에 설립되어 현재 강원도가 주관하고 있는 K리그1 소속의 프로 축구단이다. \'폭풍\'이라는 별명을 가지고 있으며, 홈 스타디움은 강릉종합운동장 체육관이다.', '강원FC', 'https://gangwon-fc.com/', 'https://www.facebook.com/gangwonfc', 'https://www.instagram.com/gangwon_fc', 'https://www.youtube.com/user/gangwonfc/featured', NULL),
	(10, '광주FC는 2010년에 설립되어 현재 광주시가 주관하고 있는 K리그1 소속의 프로 축구단이다. \'용\'이라는 별명을 가지고 있으며, 홈 스타디움은 광주월드컵경기장이다.', '광주FC', 'https://www.gwangjufc.com/', 'https://www.facebook.com/gjfc2010/', 'https://www.instagram.com/gwangju_fc/', 'https://www.youtube.com/user/GwnagjuFC', NULL),
	(11, '수원FC는 2003년에 설립되어 현재 수원시가 주관하고 있는 K리그1 소속의 프로 축구단이다. \'독수리\'라는 별명을 가지고 있으며, 홈 스타디움은 수원 종합운동장이다.', '수원FC', 'https://suwonfc.com/', 'https://www.facebook.com/suwonfc2003', 'https://www.instagram.com/suwonfc/', 'https://www.youtube.com/channel/UCHPiDeQQyVcYe-nhyUanSWg', NULL),
	(12, '김천상무프로축구단는 1998년에 설립되어 현재 국방부가 주관하고 있는 K리그1 소속의 프로 축구단이다. \'용사\'라는 별명을 가지고 있으며, 홈 스타디움은 김천 종합운동장이다. 김천상무프로축구단는 국방부 소속으로 운영되는 팀으로서, 군 복무를 하는 선수들로 구성되어 있다. 이 팀은 K리그2에서 우승한 경력이 있으며, 국내에서 뛰어난 성과를 보여주고 있다.', '김천상무프로축구단', 'https://www.gimcheonfc.com/', 'https://www.facebook.com/gimcheonsangmu', 'https://www.instagram.com/gimcheonfc/', 'https://www.youtube.com/channel/UCSZ-CvpbBm6JnZnWYmiNrlQ', NULL);

-- 테이블 s10p12a409.team1 구조 내보내기
CREATE TABLE IF NOT EXISTS `team1` (
  `team_id` bigint(20) NOT NULL AUTO_INCREMENT,
  `name` varchar(255) COLLATE utf8mb4_bin DEFAULT NULL,
  PRIMARY KEY (`team_id`)
) ENGINE=InnoDB AUTO_INCREMENT=13 DEFAULT CHARSET=utf8mb4 COLLATE=utf8mb4_bin;

-- 테이블 데이터 s10p12a409.team1:~12 rows (대략적) 내보내기
INSERT INTO `team1` (`team_id`, `name`) VALUES
	(1, '울산'),
	(2, '포항'),
	(3, '제주'),
	(4, '전북'),
	(5, '서울'),
	(6, '대전'),
	(7, '대구'),
	(8, '인천'),
	(9, '강원'),
	(10, '광주'),
	(11, '수원'),
	(12, '김천');

-- 테이블 s10p12a409.timeline 구조 내보내기
CREATE TABLE IF NOT EXISTS `timeline` (
  `timeline_id` int(11) NOT NULL AUTO_INCREMENT,
  `back_no` int(11) DEFAULT NULL,
  `event_name` varchar(255) COLLATE utf8mb4_bin DEFAULT NULL,
  `home_or_away` varchar(255) COLLATE utf8mb4_bin DEFAULT NULL,
  `match_id` int(11) DEFAULT NULL,
  `member_name` varchar(255) COLLATE utf8mb4_bin DEFAULT NULL,
  `team_name` varchar(255) COLLATE utf8mb4_bin DEFAULT NULL,
  `time_min` int(11) DEFAULT NULL,
  `member_name2` varchar(255) COLLATE utf8mb4_bin DEFAULT NULL,
  PRIMARY KEY (`timeline_id`)
) ENGINE=InnoDB DEFAULT CHARSET=utf8mb4 COLLATE=utf8mb4_bin;

-- 테이블 데이터 s10p12a409.timeline:~0 rows (대략적) 내보내기

-- 테이블 s10p12a409.timeline_seq 구조 내보내기
CREATE TABLE IF NOT EXISTS `timeline_seq` (
  `next_not_cached_value` bigint(21) NOT NULL,
  `minimum_value` bigint(21) NOT NULL,
  `maximum_value` bigint(21) NOT NULL,
  `start_value` bigint(21) NOT NULL COMMENT 'start value when sequences is created or value if RESTART is used',
  `increment` bigint(21) NOT NULL COMMENT 'increment value',
  `cache_size` bigint(21) unsigned NOT NULL,
  `cycle_option` tinyint(1) unsigned NOT NULL COMMENT '0 if no cycles are allowed, 1 if the sequence should begin a new cycle when maximum_value is passed',
  `cycle_count` bigint(21) NOT NULL COMMENT 'How many cycles have been done'
) ENGINE=InnoDB SEQUENCE=1;

-- 테이블 데이터 s10p12a409.timeline_seq:~1 rows (대략적) 내보내기
INSERT INTO `timeline_seq` (`next_not_cached_value`, `minimum_value`, `maximum_value`, `start_value`, `increment`, `cache_size`, `cycle_option`, `cycle_count`) VALUES
	(1, 1, 9223372036854775806, 1, 50, 0, 0, 0);

-- 테이블 s10p12a409.token 구조 내보내기
CREATE TABLE IF NOT EXISTS `token` (
  `token_id` int(11) NOT NULL AUTO_INCREMENT,
  `refresh_token` varchar(255) COLLATE utf8mb4_bin DEFAULT NULL,
  `user_id` int(11) DEFAULT NULL,
  PRIMARY KEY (`token_id`),
  UNIQUE KEY `UK_g7im3j7f0g31yhl6qco2iboy5` (`user_id`),
  CONSTRAINT `FKe32ek7ixanakfqsdaokm4q9y2` FOREIGN KEY (`user_id`) REFERENCES `user` (`user_id`)
) ENGINE=InnoDB DEFAULT CHARSET=utf8mb4 COLLATE=utf8mb4_bin;

-- 테이블 데이터 s10p12a409.token:~0 rows (대략적) 내보내기

-- 테이블 s10p12a409.user 구조 내보내기
CREATE TABLE IF NOT EXISTS `user` (
  `user_id` int(11) NOT NULL AUTO_INCREMENT,
  `domain` varchar(255) COLLATE utf8mb4_bin DEFAULT NULL,
  `email` varchar(255) COLLATE utf8mb4_bin DEFAULT NULL,
  `goal` int(11) DEFAULT NULL,
  `main_badge` varchar(255) COLLATE utf8mb4_bin DEFAULT NULL,
  `nickname` varchar(255) COLLATE utf8mb4_bin DEFAULT NULL,
  `password` varchar(255) COLLATE utf8mb4_bin DEFAULT NULL,
  `profile` varchar(255) COLLATE utf8mb4_bin DEFAULT NULL,
  `total_bet` int(11) DEFAULT NULL,
  `win_bet` int(11) DEFAULT NULL,
  `badge_id` int(11) DEFAULT NULL,
  `notification_flag` bit(1) DEFAULT NULL,
  PRIMARY KEY (`user_id`),
  UNIQUE KEY `UK_cs3f2s3nt6w0pdgys9fc19mjn` (`badge_id`),
  CONSTRAINT `FKq81p5aqc9pajgp72x8qvrry8a` FOREIGN KEY (`badge_id`) REFERENCES `badge` (`badge_id`)
) ENGINE=InnoDB AUTO_INCREMENT=45 DEFAULT CHARSET=utf8mb4 COLLATE=utf8mb4_bin;

-- 테이블 데이터 s10p12a409.user:~41 rows (대략적) 내보내기
INSERT INTO `user` (`user_id`, `domain`, `email`, `goal`, `main_badge`, `nickname`, `password`, `profile`, `total_bet`, `win_bet`, `badge_id`, `notification_flag`) VALUES
	(1, 'google', 'huni19541@gmail.com', 2420, NULL, 'GM후니', '$2a$10$2jnGv18lBUHCGC2FSqUSvujSR8vgc3dTSQpVwgNCOTM4pNRzvBzjm', 'https://k-l1verse.s3.ap-northeast-2.amazonaws.com/3441560d-7bd7-4b3a-9093-426a966ef5dc.jpg', 1, 0, 43, b'1'),
	(2, 'google', 'sulim0314@gmail.com', 2600, NULL, 'GM수풀림', '$2a$10$7K2LJ3EWjgpKKJPYAO.PjOk7IlJhilBqJtlVnj9MnXz9r1Sp4GKDO', 'https://k-l1verse.s3.ap-northeast-2.amazonaws.com/6cd2d67f-a8ce-4d6b-bca7-4b11dc2c90f5.jpg', 1, 1, 11, b'1'),
	(3, 'google', 'haelimgo12@gmail.com', 2510, NULL, 'GM궁예', '$2a$10$aWDHT.DIBWJA8iq.QiwY5OG1DduO1f.M88xReyWjjjNzW8CIJYU36', 'https://k-l1verse.s3.ap-northeast-2.amazonaws.com/bd816c51-ac28-41ae-8985-7299935c3017.jpeg', 40, 33, 47, b'1'),
	(4, 'kakao', 'jeonseongjae@naver.com', 2500, NULL, '성재', '$2a$10$1Yo5WgO8rtM0QAmbOtMj1uo5zld5sCuZ7Db4FMnKEYEiFeI9L6Ma2', 'http://k.kakaocdn.net/dn/b5A6YM/btsC9zpBXND/0LTprQNob7NqBUyyh6oxV1/img_640x640.jpg', 0, 0, 42, b'1'),
	(5, 'kakao', 'lion0077v@hanmail.net', 2500, NULL, 'GM대장', '$2a$10$A9hhXJfutAb2bdEljKjc3eYdoz02oDuNYKZ4QTHt9EofxUdVqbapC', 'https://k-l1verse.s3.ap-northeast-2.amazonaws.com/be4826e6-eb90-4a67-9f59-cce3286bd844.png', 0, 0, 23, b'1'),
	(6, 'kakao', 'jeonseongjae@hanmail.net', 2500, NULL, '멋쟁이성재', '$10$A9hhXJfutAb2bdEljKjc3eYdoz02oDuNYKZ4QTHt9EofxUdVqbapC', 'http://k.kakaocdn.net/dn/1G9kp/btsAot8liOn/8CWudi3uy07rvFNUkk3ER0/img_640x640.jpg', 0, 0, NULL, b'1'),
	(7, 'google', 'lion0077v@gmail.com', 2500, NULL, '서울_임시17반_홍윤기', '$2a$10$jWuLgA9H.VtRNh/vG6/kLePXSVsKIGLcLq37eQQI/sbWTIA4J2haW', 'https://lh3.googleusercontent.com/a/ACg8ocK7MumBjB8r97phrek1kTrMq2lbKBMWO-KqPadSo23K=s96-c', 0, 0, NULL, b'1'),
	(8, 'kakao', 'tmdgjs317@naver.com', 1100, NULL, '이승헌', '$2a$10$EwXyax/.ZvrwSm60md6hDOrf0vI/WfNSgMqDi0ZUlN5VzMvOn7SnW', 'http://k.kakaocdn.net/dn/1G9kp/btsAot8liOn/8CWudi3uy07rvFNUkk3ER0/img_640x640.jpg', 0, 0, NULL, b'1'),
	(10, 'kakao', 'ehdgnsqjtm@naver.com', 2500, NULL, '김동훈', '$2a$10$SDhVlFNcOTkJfXVEMrQCTekwM/.gH.b4j4TJ7rOyRSwlsw50yFN0.', 'http://k.kakaocdn.net/dn/1G9kp/btsAot8liOn/8CWudi3uy07rvFNUkk3ER0/img_640x640.jpg', 0, 0, NULL, b'1'),
	(11, 'kakao', 'ruddkxoddl@naver.com', 1100, NULL, '염종섭', '$2a$10$AGM5qR6rUPyzu0cJoGXBiugQLv5xPQJEOjtZXTX6Ih//TdCKlnB36', 'http://k.kakaocdn.net/dn/cfn5v4/btsCtHjyHdo/zKFBiGSMFuUVPRrhol2qn0/img_640x640.jpg', 0, 0, NULL, b'1'),
	(12, 'kakao', 'sulim314@nate.com', 2500, NULL, '츄리미', '$2a$10$LrTR/yg821BlIE1YNSQ70.XD.qqtV.p52lw5RCyohwdTlo6hTHP.C', 'https://k-l1verse.s3.ap-northeast-2.amazonaws.com/aea8004e-c402-4185-8b90-8e565241aae8.jpeg', 0, 0, 49, b'1'),
	(13, 'naver', 'gmlakd4142@jr.naver.com', 2500, NULL, 'GM윤기', '$2a$10$Vf6B0ADRLfdgiq0PHqpTyeXeRic9ZoxLdqkZdZ6Zhj29cbH6q47Va', 'https://ssl.pstatic.net/static/pwe/address/img_profile.png', 0, 0, 44, b'1'),
	(14, 'naver', 'ehs19541@naver.com', 2500, NULL, '홍윤기짱', '$2a$10$NyPvNgwpDNANKNQK9Vc.VuQw6o8WW6.BI5ykJb.4s3QUaUaHLItD6', 'https://k-l1verse.s3.ap-northeast-2.amazonaws.com/64b34cf1-2d15-4e27-896f-8ffa2137c25a.png', 0, 0, 45, b'1'),
	(15, 'naver', 'sunny9612@naver.com', 2500, NULL, '고해림', '$2a$10$kwV5tMJVR90EW2zkpo81H.c5Ggz9j5OkVXq5lgNfFxC0rurSoRAYa', 'https://ssl.pstatic.net/static/pwe/address/img_profile.png', 0, 0, NULL, b'1'),
	(16, 'kakao', 'sunny9612@naver.com', 2520, NULL, '백슉좋아', '$2a$10$.xkLfiDc6AyR65itlh.FQeuxFuNKABYjcgeiFzcWggqvR2VmHaWrS', 'https://k-l1verse.s3.ap-northeast-2.amazonaws.com/06b3dfe9-8c59-400d-9788-57578bce3321.jpg', 40, 38, 59, b'1'),
	(17, 'google', 'sohy19@gmail.com', 2500, NULL, '키키', '$2a$10$THWngFB2f1KR.HYKfnBIx.hsHywtWOAJEVrMFjhSIEnQESM7SkBru', 'https://k-l1verse.s3.ap-northeast-2.amazonaws.com/e56d53c3-3e2e-489a-88ff-a098607e35c2.jpg', 0, 0, 50, b'1'),
	(18, 'kakao', 'sohy19@gmail.com', 2500, NULL, '소현', '$2a$10$vvt8mzntPto20rZLdi54/edPrrStRys9m8U0XxVUlCIryHTIdN/ti', 'http://k.kakaocdn.net/dn/1G9kp/btsAot8liOn/8CWudi3uy07rvFNUkk3ER0/img_640x640.jpg', 0, 0, NULL, b'1'),
	(19, 'kakao', 'eunbi1122@kakao.com', 1010, NULL, '최은비', '$2a$10$QlwKZwjrdlON6osG1LBlx.xaPkhmMSmxfg0qelQzuP851ruzrhQIi', 'http://k.kakaocdn.net/dn/1G9kp/btsAot8liOn/8CWudi3uy07rvFNUkk3ER0/img_640x640.jpg', 0, 0, NULL, b'1'),
	(20, 'google', 'joyongun417@gmail.com', 1020, NULL, '서울_4반_조용운', '$2a$10$TfvaPOz5knmyixtsFFQBl.YyXhzOGdNoanPyrU5z/WBdRPsfRb1x2', 'https://k-l1verse.s3.ap-northeast-2.amazonaws.com/abbbd898-1b0d-4d84-94ef-8fa2708315ca.png', 0, 0, NULL, b'1'),
	(21, 'google', 'sulim33314@gmail.com', 2500, NULL, '수림2', '$2a$10$PIR7BgRwpJWhtZYRb7FdbOtBLfDsmDTSeh1iPXACJRO8kTzTv6PJ2', 'https://k-l1verse.s3.ap-northeast-2.amazonaws.com/7f390bdd-9ad7-48ed-8b61-1e68d2f8a3e9.jpeg', 0, 0, NULL, b'1'),
	(22, 'google', 'jeonseongjae98@gmail.com', 2500, NULL, '전북우승', '$2a$10$t4Z64vL4LFeHck.rIzclTewaan1bCtoKglVpBG8gy2cbu506r6Fue', 'https://lh3.googleusercontent.com/a/ACg8ocL4A7X9UyEjyNJzMAYyW64rNDG1rMf0g-6ERRWhSOo=s96-c', 40, 35, 38, b'1'),
	(23, 'naver', 'sulim0314@naver.com', 2500, NULL, '큐티', '$2a$10$Pfn6jiqKMnRanPA1nMxZceEuY4qC799yZ/vqwPI5SZoY3AQ6NN.YG', 'https://k-l1verse.s3.ap-northeast-2.amazonaws.com/21037f19-04c6-4944-9372-177715867eba.jpeg', 0, 0, 26, b'1'),
	(24, 'kakao', 'yuri9610@naver.com', 2500, NULL, '율리', '$2a$10$cToDpQqrIoljtHeKUVpIt.cqqFAetIhrtzUROObxN0g1jcqeSQmFS', 'https://k-l1verse.s3.ap-northeast-2.amazonaws.com/17a4c598-92f3-4965-a747-b590a7e2fce1.jpeg', 0, 0, 31, b'1'),
	(25, 'google', 'sohy19@hufs.ac.kr', 2500, NULL, '호호아줌마', '$2a$10$eZufidLo/AfD4O1AxR0J2ODKdNuM5e6U/Sf04xZEDh4.TZVqXT0c2', 'https://lh3.googleusercontent.com/a/ACg8ocIRPRrW9vowwknsJxo6u-dcAMbWc-jXbTtOUFPMaFcD=s96-c', 0, 0, NULL, b'1'),
	(26, 'kakao', 'tlzmflt452@naver.com', 1010, NULL, NULL, '$2a$10$jxLOwfGMWZqJeOZTcDV6COHe2DZaVwaYEKqDCq8Dzdwt1mRAyb6Fa', 'http://k.kakaocdn.net/dn/1G9kp/btsAot8liOn/8CWudi3uy07rvFNUkk3ER0/img_640x640.jpg', 0, 0, NULL, b'1'),
	(27, 'kakao', 'suninis@naver.com', 80, NULL, '수연', '$2a$10$ppBzV48vUQXjoC0LNxncGetFDrT8YQCVmdEJ8qIArrdklqJmP/SI.', 'http://k.kakaocdn.net/dn/1G9kp/btsAot8liOn/8CWudi3uy07rvFNUkk3ER0/img_640x640.jpg', 0, 0, 40, b'1'),
	(28, 'kakao', 'sunju5402@naver.com', 1010, NULL, NULL, '$2a$10$n0.6fIJhunNvdvdh4H.QHuqSlLSyWPf7RvMspOw5bcJdGF4HRBpFG', 'http://k.kakaocdn.net/dn/1G9kp/btsAot8liOn/8CWudi3uy07rvFNUkk3ER0/img_640x640.jpg', 0, 0, NULL, b'1'),
	(29, 'kakao', 'takealook97@naver.com', 1020, NULL, '축구공', '$2a$10$g.gx64.oSKiwAMRVKp/mRe2ZBOQwhuHN98zFD6Zlo8OYW3KuOai2G', 'http://k.kakaocdn.net/dn/1G9kp/btsAot8liOn/8CWudi3uy07rvFNUkk3ER0/img_640x640.jpg', 0, 0, NULL, b'1'),
	(30, 'kakao', 'brilliantkkh@kakao.com', 1010, NULL, NULL, '$2a$10$1jZUYi0bBMV7deSF2MsRJ.kL8713fnFVIfUmmHuM78sypIJVMo7vC', 'http://k.kakaocdn.net/dn/99IID/btsEFekDGYt/rgFFZiQ945QMGqW9xW2oTK/img_640x640.jpg', 0, 0, NULL, b'1'),
	(31, 'google', 'bbookng@gmail.com', 1010, NULL, NULL, '$2a$10$g1CmHNFJ.C1YQ8NEcbjRh.fpITkhyok942TZgN5fLoFV./Jgw/M66', 'https://lh3.googleusercontent.com/a/ACg8ocKy5JAfadjuwunN-YQb_qV4XkSuetde2U2PG9XNdkrP=s96-c', 0, 0, NULL, b'1'),
	(32, 'kakao', 'alsqja0668@naver.com', 1020, NULL, '강원곰밤', '$2a$10$LqdzDxR.i6IPCHKpwgiH3OJPXsNNUB1XaCd2SNKisbn5bdt5I6woq', 'http://k.kakaocdn.net/dn/1G9kp/btsAot8liOn/8CWudi3uy07rvFNUkk3ER0/img_640x640.jpg', 0, 0, NULL, b'1'),
	(33, 'kakao', 'choiyubin10@naver.com', 1020, NULL, '멘붕직', '$2a$10$eVpaWGnCDC.CnnhvjLeA9.8HfY0d3rCj/17ax5BD.qh3NO2lCz..W', 'http://k.kakaocdn.net/dn/1G9kp/btsAot8liOn/8CWudi3uy07rvFNUkk3ER0/img_640x640.jpg', 0, 0, NULL, b'1'),
	(34, 'naver', 'jeonseongjae@naver.com', 2500, NULL, 'GM성재', '$2a$10$AdGrFvbFiPChhu/T3xS9ZeMVU3yL2sxAWBHfdQR4EiMbImNi1EggK', 'https://ssl.pstatic.net/static/pwe/address/img_profile.png', 0, 0, 46, b'1'),
	(35, 'google', 'kgh2120@gmail.com', 115, NULL, '린가동자', '$2a$10$41dNDUKI7U8nH09smhD6QOuq.Z4D92Db42fHpjMb3MOofQYILI/b2', 'https://k-l1verse.s3.ap-northeast-2.amazonaws.com/3e1e1014-1202-4192-ba2a-abfde4384afe.webp', 2, 0, 52, b'1'),
	(36, 'kakao', 'gusalstn91@naver.com', 10, NULL, '캘린더', '$2a$10$pNUv.5M.Xv6FW0mxNC29iO5jC6EWL5NAdhd8YfTDYM3KaMjxstq4e', 'http://k.kakaocdn.net/dn/1G9kp/btsAot8liOn/8CWudi3uy07rvFNUkk3ER0/img_640x640.jpg', 0, 0, 53, b'0'),
	(37, 'google', 'sunny9612@sookmyung.ac.kr', 70, NULL, '해림맘', '$2a$10$YcK/X0C..qxYGv1rGHKsX.5/6RzPeN66I3bxvU3p4RPmm.iPY0pNS', 'https://k-l1verse.s3.ap-northeast-2.amazonaws.com/3f1622fc-9ae6-4b78-ac35-9250eeb960b3.jpg', 0, 0, NULL, b'1'),
	(38, 'kakao', 'dlrjsgml109@naver.com', 1010, NULL, '삼성회장', '$2a$10$qTwaxBQVOf2rUFXTdkS/6eX90JVVnVsdQ6ZtWH/AaW4aifXA/Uzq6', 'http://k.kakaocdn.net/dn/eprvmT/btr8vshma0A/iOlflshdGsBP5RiKNG1XpK/img_640x640.jpg', 0, 0, NULL, b'1'),
	(39, 'kakao', 'asya390@gmail.com', 1170, NULL, '한기철', '$2a$10$f70H9E6L2Z7D7HoaFTEwSu.yOnTNn3PVfDtD4olyZIYKrqMMIEzue', 'http://k.kakaocdn.net/dn/czMOdK/btrHn0REJz6/zYDWOKpO2ilLpjTyKV9iB0/img_640x640.jpg', 0, 0, NULL, b'1'),
	(40, 'kakao', 'urina842@gmail.com', 2510, NULL, '이싸피', '$2a$10$LXutdl9PTMs1cxXGpx7voOfUCaxVEDcpT0Vk8UOr6aZDBmEzmyeMC', 'http://k.kakaocdn.net/dn/eIkiki/btsEEEdGUSj/CGUiTBT33Kq62aoNGj3Wr0/img_640x640.jpg', 0, 0, NULL, b'1'),
	(41, 'google', 'sulim0314@khu.ac.kr', 2510, NULL, '수림학교', '$2a$10$xGcRWMPpRzR9y9tysWIzm.R.ljrdABYbcFQvpjtpaQXVLkn/djHza', 'https://lh3.googleusercontent.com/a/ACg8ocKnM6bF-oM-nXwT7IR4P6jFsEV5d8WgTJp_RzagoeaA=s96-c', 0, 0, NULL, b'1'),
	(42, 'google', 'tosem92@gmail.com', 2510, NULL, '방가', '$2a$10$ogZB2.mVl0s3hMJsgK6HPOB06NTJx5npkGuuOasYW5oLp22NowkMm', 'https://lh3.googleusercontent.com/a/ACg8ocKUtRxDPZn86ddC8vCw1cSmCTXB97mAyyCbgZETxI8M=s96-c', 0, 0, NULL, b'1'),
	(43, 'google', 'goumunity@gmail.com', 2520, NULL, '거뮤니티', '$2a$10$soWI6iExUm8YHdAajhpW6.og/gETnSvxnArJswbBm4leN9n3fhYLy', 'https://k-l1verse.s3.ap-northeast-2.amazonaws.com/57ca8712-fd4f-4e0e-8be8-933e2c347884.jpg', 0, 0, NULL, b'1'),
	(44, 'google', 'wntjrdbs@gmail.com', 2510, NULL, '메시', '$2a$10$d5s2xnW8dfWBiJ2ck32d7.qLP464iU8hRAKt/.JsdfF3EoC9m5/lW', 'https://lh3.googleusercontent.com/a/ACg8ocKjGP64scWllNOxoHg8eRX3Hd2PkmIcCs_4Sd13DjOV=s96-c', 0, 0, NULL, b'1');

-- 테이블 s10p12a409.user_image 구조 내보내기
CREATE TABLE IF NOT EXISTS `user_image` (
  `user_image_id` bigint(20) NOT NULL AUTO_INCREMENT,
  `file_id` bigint(20) DEFAULT NULL,
  `user_id` int(11) DEFAULT NULL,
  PRIMARY KEY (`user_image_id`),
  UNIQUE KEY `UK_otpphy3ls64vjl5pgyxa65dv5` (`file_id`),
  KEY `FK5m3lhx7tcj9h9ju10xo4ruqcn` (`user_id`),
  CONSTRAINT `FK5m3lhx7tcj9h9ju10xo4ruqcn` FOREIGN KEY (`user_id`) REFERENCES `user` (`user_id`),
  CONSTRAINT `FKe9pdg1qa2keiox2xh84guvs` FOREIGN KEY (`file_id`) REFERENCES `file` (`file_id`)
) ENGINE=InnoDB AUTO_INCREMENT=75 DEFAULT CHARSET=utf8mb4 COLLATE=utf8mb4_bin;

-- 테이블 데이터 s10p12a409.user_image:~71 rows (대략적) 내보내기
INSERT INTO `user_image` (`user_image_id`, `file_id`, `user_id`) VALUES
	(1, 1, 1),
	(2, 2, 2),
	(3, 3, 3),
	(4, 4, 4),
	(5, 5, 5),
	(6, 6, 7),
	(7, 7, 8),
	(8, 8, 10),
	(9, 9, 11),
	(10, 10, 12),
	(11, 11, 13),
	(12, 12, 14),
	(13, 13, 15),
	(14, 14, 16),
	(15, 15, 5),
	(16, 16, 14),
	(17, 17, 14),
	(18, 18, 17),
	(19, 22, 2),
	(20, 28, 18),
	(21, 41, 19),
	(22, 46, 3),
	(23, 48, 20),
	(24, 49, 20),
	(25, 65, 21),
	(26, 81, 22),
	(27, 90, 21),
	(28, 91, 12),
	(29, 92, 12),
	(30, 93, 12),
	(31, 158, 23),
	(32, 191, 1),
	(33, 192, 1),
	(34, 194, 1),
	(35, 195, 1),
	(36, 227, 24),
	(37, 230, 24),
	(38, 266, 1),
	(39, 267, 23),
	(40, 268, 12),
	(41, 379, 1),
	(42, 380, 1),
	(43, 381, 1),
	(44, 382, 1),
	(45, 384, 1),
	(46, 385, 1),
	(47, 386, 25),
	(48, 393, 26),
	(49, 394, 27),
	(50, 418, 28),
	(51, 419, 29),
	(52, 467, 30),
	(53, 508, 31),
	(54, 513, 32),
	(55, 579, 33),
	(56, 598, 34),
	(57, 610, 35),
	(58, 611, 35),
	(59, 614, 36),
	(60, 618, 37),
	(61, 626, 16),
	(62, 628, 16),
	(63, 630, 38),
	(64, 632, 16),
	(65, 633, 17),
	(66, 634, 16),
	(67, 639, 37),
	(68, 644, 39),
	(69, 648, 40),
	(70, 666, 41),
	(71, 667, 42),
	(72, 680, 43),
	(73, 682, 43),
	(74, 685, 44);

-- 테이블 s10p12a409.waggle 구조 내보내기
CREATE TABLE IF NOT EXISTS `waggle` (
  `waggle_id` bigint(20) NOT NULL AUTO_INCREMENT,
  `board_id` bigint(20) DEFAULT NULL,
  PRIMARY KEY (`waggle_id`),
  KEY `FKo3w57sgy4uwl94ck0sbr7ee12` (`board_id`),
  CONSTRAINT `FKo3w57sgy4uwl94ck0sbr7ee12` FOREIGN KEY (`board_id`) REFERENCES `board` (`board_id`)
) ENGINE=InnoDB AUTO_INCREMENT=31 DEFAULT CHARSET=utf8mb4 COLLATE=utf8mb4_bin;

-- 테이블 데이터 s10p12a409.waggle:~14 rows (대략적) 내보내기
INSERT INTO `waggle` (`waggle_id`, `board_id`) VALUES
	(1, 1),
	(2, 3),
	(3, 7),
	(4, 11),
	(5, 12),
	(6, 13),
	(7, 15),
	(10, 21),
	(14, 25),
	(15, 26),
	(16, 27),
	(20, 31),
	(21, 32),
	(27, 43);

-- 테이블 s10p12a409.wagglelike 구조 내보내기
CREATE TABLE IF NOT EXISTS `wagglelike` (
  `likes_id` bigint(20) NOT NULL AUTO_INCREMENT,
  `user_id` int(11) DEFAULT NULL,
  `waggle_id` bigint(20) DEFAULT NULL,
  PRIMARY KEY (`likes_id`),
  KEY `FKahtxfsba9xr5ue6pexgu7euap` (`waggle_id`),
  CONSTRAINT `FKahtxfsba9xr5ue6pexgu7euap` FOREIGN KEY (`waggle_id`) REFERENCES `waggle` (`waggle_id`)
) ENGINE=InnoDB AUTO_INCREMENT=27 DEFAULT CHARSET=utf8mb4 COLLATE=utf8mb4_bin;

-- 테이블 데이터 s10p12a409.wagglelike:~21 rows (대략적) 내보내기
INSERT INTO `wagglelike` (`likes_id`, `user_id`, `waggle_id`) VALUES
	(3, 4, 2),
	(4, 22, 1),
	(5, 22, 3),
	(6, 37, 3),
	(7, 3, 4),
	(8, 4, 5),
	(9, 34, 6),
	(10, 34, 5),
	(12, 34, 7),
	(13, 5, 7),
	(14, 16, 7),
	(16, 4, 1),
	(17, 34, 10),
	(18, 2, 7),
	(19, 22, 15),
	(20, 22, 7),
	(21, 17, 7),
	(23, 16, 14),
	(24, 3, 21),
	(25, 16, 21);

-- 테이블 s10p12a409.waggle_colikes 구조 내보내기
CREATE TABLE IF NOT EXISTS `waggle_colikes` (
  `comment_like_id` bigint(20) NOT NULL AUTO_INCREMENT,
  `user_id` bigint(20) DEFAULT NULL,
  `comment_id` bigint(20) DEFAULT NULL,
  PRIMARY KEY (`comment_like_id`),
  KEY `FKnmljmxalfvjvrhroeeu9ngwvn` (`comment_id`),
  CONSTRAINT `FKnmljmxalfvjvrhroeeu9ngwvn` FOREIGN KEY (`comment_id`) REFERENCES `comment` (`comment_id`)
) ENGINE=InnoDB AUTO_INCREMENT=21 DEFAULT CHARSET=utf8mb4 COLLATE=utf8mb4_bin;

-- 테이블 데이터 s10p12a409.waggle_colikes:~15 rows (대략적) 내보내기
INSERT INTO `waggle_colikes` (`comment_like_id`, `user_id`, `comment_id`) VALUES
	(1, 22, 3),
	(2, 4, 6),
	(3, 34, 6),
	(6, 17, 6),
	(7, 34, 8),
	(9, 34, 15),
	(10, 34, 13),
	(11, 2, 12),
	(12, 2, 4),
	(13, 22, 16),
	(14, 22, 13),
	(15, 22, 8),
	(16, 17, 13),
	(18, 16, 8),
	(19, 16, 13),
	(20, 16, 10);

-- 테이블 s10p12a409.waggle_hashtags 구조 내보내기
CREATE TABLE IF NOT EXISTS `waggle_hashtags` (
  `waggle_id` bigint(20) NOT NULL,
  `hashtag` varchar(255) COLLATE utf8mb4_bin DEFAULT NULL,
  KEY `FKn65cuc56c4md0hpye7rsiiy5v` (`waggle_id`),
  CONSTRAINT `FKn65cuc56c4md0hpye7rsiiy5v` FOREIGN KEY (`waggle_id`) REFERENCES `waggle` (`waggle_id`)
) ENGINE=InnoDB DEFAULT CHARSET=utf8mb4 COLLATE=utf8mb4_bin;

-- 테이블 데이터 s10p12a409.waggle_hashtags:~23 rows (대략적) 내보내기
INSERT INTO `waggle_hashtags` (`waggle_id`, `hashtag`) VALUES
	(1, '이강인'),
	(1, '손흥민'),
	(1, '대표팀불화'),
	(3, '우승'),
	(3, '전북'),
	(3, '전북현대'),
	(3, 'K리그'),
	(2, '울산'),
	(2, '울산맛집'),
	(2, '울산fc'),
	(4, '꽃'),
	(4, '딸맘'),
	(4, '케이리그'),
	(4, '케사모'),
	(10, '셀카'),
	(10, 'k리그'),
	(6, '셀카'),
	(6, '이승우'),
	(16, '울산'),
	(16, '설영우'),
	(16, 'K리그'),
	(21, '무승부'),
	(21, '30만원');

-- 테이블 s10p12a409.waggle_user_hashtag 구조 내보내기
CREATE TABLE IF NOT EXISTS `waggle_user_hashtag` (
  `id` bigint(20) NOT NULL AUTO_INCREMENT,
  `created_at` datetime(6) DEFAULT NULL,
  `hashtags` varchar(255) COLLATE utf8mb4_bin DEFAULT NULL,
  `is_liked` bit(1) DEFAULT NULL,
  `user_id` int(11) DEFAULT NULL,
  `waggle_id` bigint(20) DEFAULT NULL,
  PRIMARY KEY (`id`),
  KEY `FK5rj7iq28bqeq9mcn2d9q1a5ip` (`waggle_id`),
  CONSTRAINT `FK5rj7iq28bqeq9mcn2d9q1a5ip` FOREIGN KEY (`waggle_id`) REFERENCES `waggle` (`waggle_id`)
) ENGINE=InnoDB AUTO_INCREMENT=264 DEFAULT CHARSET=utf8mb4 COLLATE=utf8mb4_bin;

-- 테이블 데이터 s10p12a409.waggle_user_hashtag:~179 rows (대략적) 내보내기
INSERT INTO `waggle_user_hashtag` (`id`, `created_at`, `hashtags`, `is_liked`, `user_id`, `waggle_id`) VALUES
	(1, '2024-02-15 16:06:27.463001', '[]', b'0', 4, 7),
	(2, '2024-02-15 16:06:30.204891', '[셀카, 이승우]', b'0', 4, 6),
	(3, '2024-02-15 16:06:35.962206', '[이강인, 손흥민, 대표팀불화]', b'1', 4, 1),
	(4, '2024-02-15 16:06:39.556290', '[꽃, 딸맘, 케이리그, 케사모]', b'0', 4, 4),
	(5, '2024-02-15 16:06:45.563783', '[이강인, 손흥민, 대표팀불화]', b'1', 4, 1),
	(6, '2024-02-15 16:07:43.494968', '[]', b'1', 5, 7),
	(7, '2024-02-15 16:08:22.632069', '[]', b'1', 16, 7),
	(8, '2024-02-15 16:12:41.688257', '[]', b'0', 2, 7),
	(9, '2024-02-15 16:13:11.004959', '[셀카, 이승우]', b'0', 2, 6),
	(10, '2024-02-15 16:13:18.019491', '[셀카, 이승우]', b'0', 4, 6),
	(11, '2024-02-15 16:13:38.455087', '[]', b'0', 4, 7),
	(12, '2024-02-15 16:14:02.087985', '[셀카, 이승우]', b'0', 4, 6),
	(15, '2024-02-15 16:14:55.882696', '[]', b'0', 2, 7),
	(16, '2024-02-15 16:15:07.341092', '[]', b'0', 17, 7),
	(17, '2024-02-15 16:15:10.907964', '[]', b'0', 2, 7),
	(18, '2024-02-15 16:15:13.302482', '[]', b'0', 17, 7),
	(19, '2024-02-15 16:16:31.095967', '[]', b'0', 4, 7),
	(20, '2024-02-15 16:16:36.284443', '[]', b'1', 16, 7),
	(21, '2024-02-15 16:16:45.006506', '[셀카, 이승우]', b'0', 4, 6),
	(22, '2024-02-15 16:16:46.171125', '[꽃, 딸맘, 케이리그, 케사모]', b'0', 16, 4),
	(23, '2024-02-15 16:19:30.035890', '[셀카, k리그]', b'0', 4, 10),
	(24, '2024-02-15 16:20:56.976191', '[셀카, k리그]', b'0', 37, 10),
	(25, '2024-02-15 16:34:45.675636', '[]', b'1', 16, 7),
	(26, '2024-02-15 16:34:52.258571', '[셀카, k리그]', b'0', 16, 10),
	(27, '2024-02-15 16:36:07.496519', '[셀카, k리그]', b'0', 17, 10),
	(28, '2024-02-15 16:43:33.134521', '[셀카, k리그]', b'0', 17, 10),
	(29, '2024-02-15 16:45:24.926514', '[꽃, 딸맘, 케이리그, 케사모]', b'0', 16, 4),
	(30, '2024-02-15 16:46:13.554067', '[셀카, k리그]', b'0', 4, 10),
	(31, '2024-02-15 16:47:10.595489', '[셀카, k리그]', b'0', 4, 10),
	(32, '2024-02-15 16:47:56.944422', '[셀카, k리그]', b'0', 17, 10),
	(33, '2024-02-15 16:48:30.033076', '[셀카, k리그]', b'0', 4, 10),
	(34, '2024-02-15 16:48:40.107605', '[셀카, 이승우]', b'0', 17, 6),
	(35, '2024-02-15 16:51:31.284525', '[셀카, k리그]', b'0', 18, 10),
	(36, '2024-02-15 16:51:44.366666', '[]', b'0', 18, 7),
	(37, '2024-02-15 16:54:46.853488', '[셀카, 이승우]', b'0', 18, 6),
	(38, '2024-02-15 16:54:50.604606', '[]', b'0', 18, 7),
	(39, '2024-02-15 16:56:46.391972', '[셀카, k리그]', b'0', 17, 10),
	(40, '2024-02-15 16:57:59.587240', '[셀카, k리그]', b'0', 17, 10),
	(41, '2024-02-15 17:01:38.953615', '[셀카, k리그]', b'0', 17, 10),
	(45, '2024-02-15 17:10:36.067246', '[셀카, 이승우]', b'1', 34, 6),
	(51, '2024-02-15 17:11:51.677248', '[]', b'0', 16, 14),
	(52, '2024-02-15 17:11:55.707026', '[]', b'0', 16, 14),
	(53, '2024-02-15 17:12:43.663987', '[]', b'0', 16, 14),
	(54, '2024-02-15 17:14:18.566907', '[]', b'0', 16, 14),
	(59, '2024-02-15 17:14:45.903444', '[셀카, k리그]', b'0', 16, 10),
	(60, '2024-02-15 17:15:06.803752', '[]', b'0', 34, 14),
	(61, '2024-02-15 17:15:46.098043', '[셀카, 이승우]', b'0', 17, 6),
	(62, '2024-02-15 17:15:47.446606', '[셀카, 이승우]', b'1', 34, 6),
	(63, '2024-02-15 17:15:51.632737', '[]', b'0', 18, 7),
	(64, '2024-02-15 17:15:56.363830', '[]', b'0', 34, 14),
	(65, '2024-02-15 17:16:47.294746', '[]', b'0', 18, 14),
	(66, '2024-02-15 17:17:08.702785', '[셀카, k리그]', b'0', 18, 10),
	(67, '2024-02-15 17:18:43.808239', '[셀카, 이승우]', b'1', 34, 6),
	(68, '2024-02-15 17:19:10.853402', '[셀카, 이승우]', b'1', 34, 6),
	(69, '2024-02-15 17:19:16.014891', '[]', b'0', 34, 14),
	(70, '2024-02-15 17:19:43.504129', '[셀카, k리그]', b'0', 34, 10),
	(71, '2024-02-15 17:19:48.221486', '[셀카, k리그]', b'1', 34, 10),
	(72, '2024-02-15 17:19:53.253738', '[]', b'0', 17, 14),
	(73, '2024-02-15 17:19:55.243657', '[]', b'1', 34, 7),
	(74, '2024-02-15 17:28:34.464288', '[]', b'0', 37, 15),
	(75, '2024-02-15 17:31:02.196149', '[]', b'0', 2, 14),
	(76, '2024-02-15 17:32:36.018612', '[]', b'0', 2, 15),
	(77, '2024-02-15 17:33:59.681425', '[]', b'0', 16, 15),
	(78, '2024-02-15 17:34:33.906107', '[]', b'0', 16, 14),
	(79, '2024-02-15 17:34:37.439678', '[]', b'0', 16, 5),
	(80, '2024-02-15 17:34:47.125650', '[]', b'0', 17, 5),
	(81, '2024-02-15 17:38:16.048017', '[셀카, k리그]', b'0', 18, 10),
	(82, '2024-02-15 17:38:41.732657', '[]', b'0', 18, 15),
	(83, '2024-02-15 17:39:05.057552', '[]', b'0', 18, 7),
	(84, '2024-02-15 17:40:05.938853', '[우승, 전북, 전북현대, K리그]', b'0', 16, 3),
	(85, '2024-02-15 17:43:49.571398', '[셀카, 이승우]', b'0', 18, 6),
	(86, '2024-02-15 17:43:56.918615', '[]', b'0', 18, 5),
	(87, '2024-02-15 18:12:33.390370', '[셀카, k리그]', b'0', 37, 10),
	(88, '2024-02-15 18:13:37.854038', '[]', b'0', 18, 5),
	(89, '2024-02-15 19:28:32.672455', '[]', b'0', 2, 15),
	(90, '2024-02-15 19:29:00.554034', '[]', b'0', 2, 14),
	(91, '2024-02-15 19:29:05.071994', '[셀카, k리그]', b'0', 2, 10),
	(92, '2024-02-15 19:43:23.814368', '[]', b'0', 2, 15),
	(93, '2024-02-15 19:43:30.450896', '[]', b'0', 2, 14),
	(94, '2024-02-15 19:43:38.149806', '[셀카, 이승우]', b'0', 2, 6),
	(95, '2024-02-15 19:43:41.439061', '[]', b'0', 2, 7),
	(96, '2024-02-15 19:43:56.047175', '[]', b'0', 2, 7),
	(97, '2024-02-15 19:43:57.863209', '[]', b'1', 2, 7),
	(98, '2024-02-15 19:44:15.572977', '[]', b'0', 2, 5),
	(99, '2024-02-15 19:44:29.256498', '[셀카, k리그]', b'0', 2, 10),
	(100, '2024-02-15 19:44:36.586426', '[꽃, 딸맘, 케이리그, 케사모]', b'0', 2, 4),
	(101, '2024-02-15 19:44:55.144387', '[우승, 전북, 전북현대, K리그]', b'0', 2, 3),
	(102, '2024-02-15 19:45:12.760674', '[이강인, 손흥민, 대표팀불화]', b'0', 2, 1),
	(103, '2024-02-15 19:51:43.050721', '[]', b'0', 1, 15),
	(104, '2024-02-15 19:52:09.369502', '[]', b'0', 1, 14),
	(105, '2024-02-15 19:53:13.176029', '[이강인, 손흥민, 대표팀불화]', b'0', 2, 1),
	(106, '2024-02-15 19:53:50.612257', '[]', b'0', 2, 15),
	(107, '2024-02-15 19:54:47.870617', '[]', b'0', 1, 14),
	(108, '2024-02-15 19:58:59.362013', '[]', b'1', 2, 7),
	(109, '2024-02-15 20:10:07.162662', '[]', b'0', 37, 15),
	(110, '2024-02-15 20:10:18.678285', '[셀카, 이승우]', b'0', 37, 6),
	(111, '2024-02-15 20:33:33.626801', '[]', b'0', 22, 15),
	(112, '2024-02-15 20:33:46.858854', '[]', b'0', 22, 14),
	(113, '2024-02-15 20:34:35.148168', '[]', b'0', 22, 15),
	(114, '2024-02-15 20:34:43.031324', '[]', b'1', 22, 15),
	(115, '2024-02-15 20:34:56.109263', '[]', b'0', 22, 14),
	(116, '2024-02-15 20:35:00.053349', '[셀카, k리그]', b'0', 22, 10),
	(117, '2024-02-15 20:35:21.576046', '[우승, 전북, 전북현대, K리그]', b'1', 22, 3),
	(118, '2024-02-15 20:35:27.887951', '[이강인, 손흥민, 대표팀불화]', b'1', 22, 1),
	(119, '2024-02-15 20:47:01.128348', '[]', b'1', 22, 15),
	(120, '2024-02-15 20:48:07.717516', '[]', b'0', 4, 15),
	(121, '2024-02-15 20:53:56.582171', '[]', b'1', 22, 15),
	(122, '2024-02-15 21:09:59.778503', '[]', b'1', 22, 15),
	(123, '2024-02-15 21:10:10.132774', '[셀카, k리그]', b'0', 22, 10),
	(124, '2024-02-15 21:12:00.242224', '[셀카, 이승우]', b'0', 22, 6),
	(125, '2024-02-15 21:12:11.975289', '[]', b'0', 22, 7),
	(126, '2024-02-15 21:12:22.695242', '[]', b'1', 22, 7),
	(127, '2024-02-15 21:40:33.526963', '[]', b'0', 17, 15),
	(128, '2024-02-15 21:41:12.550694', '[]', b'0', 17, 15),
	(129, '2024-02-15 21:41:32.309600', '[]', b'0', 17, 7),
	(130, '2024-02-15 21:42:14.965845', '[]', b'1', 17, 7),
	(131, '2024-02-15 21:42:45.126482', '[셀카, k리그]', b'0', 17, 10),
	(132, '2024-02-15 21:45:07.674868', '[셀카, k리그]', b'0', 17, 10),
	(133, '2024-02-15 21:45:17.400474', '[셀카, 이승우]', b'0', 17, 6),
	(134, '2024-02-15 21:45:23.867296', '[꽃, 딸맘, 케이리그, 케사모]', b'0', 17, 4),
	(135, '2024-02-15 21:45:34.593053', '[이강인, 손흥민, 대표팀불화]', b'0', 17, 1),
	(136, '2024-02-15 22:06:32.366045', '[]', b'0', 5, 14),
	(137, '2024-02-15 22:06:45.560826', '[]', b'0', 5, 15),
	(138, '2024-02-15 22:07:52.917635', '[]', b'1', 22, 15),
	(139, '2024-02-15 22:08:41.615842', '[]', b'0', 22, 16),
	(140, '2024-02-15 22:08:47.696392', '[]', b'0', 22, 16),
	(141, '2024-02-15 22:08:58.419993', '[울산, 설영우, K리그]', b'0', 22, 16),
	(142, '2024-02-15 22:15:30.576315', '[울산, 설영우, K리그]', b'0', 5, 16),
	(143, '2024-02-15 22:34:56.407763', '[울산, 설영우, K리그]', b'0', 1, 16),
	(146, '2024-02-15 22:36:20.264770', '[]', b'1', 16, 7),
	(147, '2024-02-15 22:37:58.992922', '[]', b'0', 16, 15),
	(148, '2024-02-15 22:46:32.880548', '[울산, 설영우, K리그]', b'0', 2, 16),
	(150, '2024-02-15 22:55:18.964424', '[]', b'0', 16, 14),
	(154, '2024-02-15 23:13:14.303392', '[울산, 설영우, K리그]', b'0', 4, 16),
	(155, '2024-02-15 23:15:52.414439', '[]', b'0', 16, 15),
	(157, '2024-02-15 23:24:00.915790', '[]', b'0', 16, 20),
	(160, '2024-02-15 23:25:09.243009', '[]', b'0', 16, 14),
	(161, '2024-02-15 23:25:42.565853', '[]', b'0', 16, 14),
	(162, '2024-02-15 23:25:54.322210', '[]', b'0', 2, 14),
	(163, '2024-02-15 23:25:55.499392', '[]', b'1', 16, 14),
	(166, '2024-02-15 23:49:56.360005', '[무승부, 30만원]', b'0', 12, 21),
	(167, '2024-02-15 23:50:48.801137', '[무승부, 30만원]', b'0', 3, 21),
	(168, '2024-02-15 23:50:57.622581', '[무승부, 30만원]', b'0', 3, 21),
	(169, '2024-02-15 23:50:59.145991', '[무승부, 30만원]', b'1', 3, 21),
	(171, '2024-02-16 00:06:48.676462', '[무승부, 30만원]', b'0', 16, 21),
	(172, '2024-02-16 00:06:53.275920', '[무승부, 30만원]', b'0', 16, 21),
	(173, '2024-02-16 00:06:54.796821', '[무승부, 30만원]', b'1', 16, 21),
	(174, '2024-02-16 00:09:25.150498', '[무승부, 30만원]', b'1', 16, 21),
	(176, '2024-02-16 00:17:20.430136', '[무승부, 30만원]', b'0', 12, 21),
	(177, '2024-02-16 00:19:20.753838', '[우승, 전북, 전북현대, K리그]', b'0', 16, 3),
	(181, '2024-02-16 01:04:19.524775', '[울산, 설영우, K리그]', b'0', 4, 16),
	(182, '2024-02-16 01:04:30.483900', '[무승부, 30만원]', b'0', 4, 21),
	(183, '2024-02-16 01:11:18.675330', '[무승부, 30만원]', b'1', 16, 21),
	(185, '2024-02-16 01:11:48.178256', '[울산, 설영우, K리그]', b'0', 16, 16),
	(186, '2024-02-16 01:12:37.970062', '[]', b'0', 16, 5),
	(187, '2024-02-16 01:13:19.303114', '[이강인, 손흥민, 대표팀불화]', b'0', 16, 1),
	(188, '2024-02-16 01:20:40.337859', '[]', b'0', 16, 20),
	(194, '2024-02-16 02:12:25.856208', '[무승부, 30만원]', b'0', 10, 21),
	(195, '2024-02-16 02:12:34.933920', '[무승부, 30만원]', b'0', 10, 21),
	(196, '2024-02-16 02:12:46.791785', '[]', b'0', 10, 20),
	(198, '2024-02-16 07:52:07.276387', '[무승부, 30만원]', b'0', 17, 21),
	(199, '2024-02-16 07:52:24.765412', '[]', b'0', 17, 20),
	(200, '2024-02-16 07:52:33.431916', '[울산, 설영우, K리그]', b'0', 17, 16),
	(202, '2024-02-16 07:52:55.389079', '[]', b'1', 17, 7),
	(203, '2024-02-16 07:53:06.946240', '[]', b'0', 17, 14),
	(207, '2024-02-16 08:15:53.431736', '[무승부, 30만원]', b'1', 16, 21),
	(209, '2024-02-16 08:18:22.588566', '[]', b'0', 4, 20),
	(210, '2024-02-16 08:20:04.790395', '[무승부, 30만원]', b'0', 4, 21),
	(211, '2024-02-16 08:20:25.091899', '[셀카, k리그]', b'0', 4, 10),
	(212, '2024-02-16 08:20:56.242051', '[]', b'1', 16, 7),
	(213, '2024-02-16 08:32:09.939358', '[무승부, 30만원]', b'0', 4, 21),
	(215, '2024-02-16 08:57:14.967930', '[무승부, 30만원]', b'1', 16, 21),
	(216, '2024-02-16 08:59:31.739247', '[무승부, 30만원]', b'0', 1, 21),
	(217, '2024-02-16 08:59:36.620975', '[셀카, k리그]', b'0', 4, 10),
	(218, '2024-02-16 08:59:38.750847', '[이강인, 손흥민, 대표팀불화]', b'1', 4, 1),
	(223, '2024-02-16 09:06:00.106868', '[무승부, 30만원]', b'0', 2, 21),
	(224, '2024-02-16 10:03:34.010602', '[무승부, 30만원]', b'0', 4, 21),
	(225, '2024-02-16 10:04:31.292967', '[이강인, 손흥민, 대표팀불화]', b'1', 4, 1),
	(226, '2024-02-16 10:04:33.661589', '[셀카, k리그]', b'0', 4, 10),
	(227, '2024-02-16 10:05:19.236321', '[]', b'0', 17, 5),
	(228, '2024-02-16 10:10:38.484328', '[무승부, 30만원]', b'0', 1, 21),
	(229, '2024-02-16 10:37:36.582254', '[무승부, 30만원]', b'0', 4, 21),
	(230, '2024-02-16 10:48:11.375009', '[]', b'0', 35, 27),
	(231, '2024-02-16 10:48:31.575893', '[]', b'0', 35, 27),
	(232, '2024-02-16 10:48:56.324406', '[]', b'0', 35, 27),
	(233, '2024-02-16 10:49:07.583940', '[]', b'0', 35, 27),
	(234, '2024-02-16 10:49:20.786023', '[]', b'0', 35, 27),
	(236, '2024-02-16 10:54:58.876889', '[]', b'0', 16, 5),
	(239, '2024-02-16 10:57:31.539074', '[]', b'1', 16, 7),
	(240, '2024-02-16 10:57:51.849259', '[셀카, k리그]', b'0', 16, 10),
	(242, '2024-02-16 10:59:35.554018', '[]', b'0', 35, 27),
	(243, '2024-02-16 10:59:42.145307', '[울산, 설영우, K리그]', b'0', 35, 16),
	(244, '2024-02-16 10:59:55.132675', '[]', b'0', 35, 7),
	(245, '2024-02-16 11:00:28.156189', '[]', b'0', 35, 27),
	(247, '2024-02-16 11:02:00.238164', '[]', b'0', 16, 27),
	(248, '2024-02-16 11:02:13.916119', '[]', b'0', 16, 20),
	(249, '2024-02-16 11:02:32.392677', '[]', b'0', 1, 27),
	(252, '2024-02-16 11:02:53.187307', '[]', b'0', 35, 15),
	(255, '2024-02-16 11:03:22.326287', '[]', b'0', 43, 27),
	(256, '2024-02-16 11:03:40.760829', '[무승부, 30만원]', b'0', 35, 21),
	(257, '2024-02-16 11:03:57.795379', '[]', b'0', 35, 5),
	(259, '2024-02-16 11:10:59.604968', '[]', b'1', 16, 7),
	(260, '2024-02-16 11:14:16.445924', '[]', b'0', 16, 27),
	(263, '2024-02-16 11:16:49.958439', '[]', b'0', 16, 27);

-- 테이블 s10p12a409.weight 구조 내보내기
CREATE TABLE IF NOT EXISTS `weight` (
  `id` bigint(20) NOT NULL,
  `weight_value` int(11) DEFAULT NULL,
  `answer_id` bigint(20) DEFAULT NULL,
  `team_id` bigint(20) DEFAULT NULL,
  PRIMARY KEY (`id`),
  KEY `FKcvljmxp5rdf7nd33708ts5f5e` (`answer_id`),
  KEY `FK63p3hbn7dxq93egakrij7yja5` (`team_id`),
  CONSTRAINT `FK63p3hbn7dxq93egakrij7yja5` FOREIGN KEY (`team_id`) REFERENCES `team1` (`team_id`),
  CONSTRAINT `FKcvljmxp5rdf7nd33708ts5f5e` FOREIGN KEY (`answer_id`) REFERENCES `answer` (`answer_id`)
) ENGINE=InnoDB DEFAULT CHARSET=utf8mb4 COLLATE=utf8mb4_bin;

-- 테이블 데이터 s10p12a409.weight:~264 rows (대략적) 내보내기
INSERT INTO `weight` (`id`, `weight_value`, `answer_id`, `team_id`) VALUES
	(1, 4, 1, 1),
	(2, 0, 1, 2),
	(3, 2, 1, 3),
	(4, 5, 1, 4),
	(5, 3, 1, 5),
	(6, 0, 1, 6),
	(7, 0, 1, 7),
	(8, 0, 1, 8),
	(9, 0, 1, 9),
	(10, 0, 1, 10),
	(11, 0, 1, 11),
	(12, 0, 1, 12),
	(13, 2, 2, 1),
	(14, 3, 2, 2),
	(15, 1, 2, 3),
	(16, 5, 2, 4),
	(17, 4, 2, 5),
	(18, 0, 2, 6),
	(19, 0, 2, 7),
	(20, 0, 2, 8),
	(21, 0, 2, 9),
	(22, 0, 2, 10),
	(23, 0, 2, 11),
	(24, 0, 2, 12),
	(25, 5, 3, 1),
	(26, 4, 3, 2),
	(27, 0, 3, 3),
	(28, 2, 3, 4),
	(29, 0, 3, 5),
	(30, 0, 3, 6),
	(31, 1, 3, 7),
	(32, 0, 3, 8),
	(33, 0, 3, 9),
	(34, 3, 3, 10),
	(35, 0, 3, 11),
	(36, 0, 3, 12),
	(37, 0, 4, 1),
	(38, 0, 4, 2),
	(39, 0, 4, 3),
	(40, 0, 4, 4),
	(41, 0, 4, 5),
	(42, 0, 4, 6),
	(43, 0, 4, 7),
	(44, 0, 4, 8),
	(45, 0, 4, 9),
	(46, 0, 4, 10),
	(47, 0, 4, 11),
	(48, 5, 4, 12),
	(49, 5, 5, 1),
	(50, 0, 5, 2),
	(51, 0, 5, 3),
	(52, 0, 5, 4),
	(53, 0, 5, 5),
	(54, 0, 5, 6),
	(55, 0, 5, 7),
	(56, 0, 5, 8),
	(57, 0, 5, 9),
	(58, 0, 5, 10),
	(59, 0, 5, 11),
	(60, 0, 5, 12),
	(61, 0, 6, 1),
	(62, 0, 6, 2),
	(63, 0, 6, 3),
	(64, 0, 6, 4),
	(65, 5, 6, 5),
	(66, 0, 6, 6),
	(67, 0, 6, 7),
	(68, 0, 6, 8),
	(69, 0, 6, 9),
	(70, 0, 6, 10),
	(71, 0, 6, 11),
	(72, 0, 6, 12),
	(73, 0, 7, 1),
	(74, 50, 7, 2),
	(75, 0, 7, 3),
	(76, 0, 7, 4),
	(77, 50, 7, 5),
	(78, 0, 7, 6),
	(79, 0, 7, 7),
	(80, 0, 7, 8),
	(81, 0, 7, 9),
	(82, 0, 7, 10),
	(83, 50, 7, 11),
	(84, 50, 7, 12),
	(85, 0, 8, 1),
	(86, 0, 8, 2),
	(87, 50, 8, 3),
	(88, 0, 8, 4),
	(89, 0, 8, 5),
	(90, 0, 8, 6),
	(91, 0, 8, 7),
	(92, 0, 8, 8),
	(93, 50, 8, 9),
	(94, 0, 8, 10),
	(95, 0, 8, 11),
	(96, 0, 8, 12),
	(97, 50, 9, 1),
	(98, 0, 9, 2),
	(99, 0, 9, 3),
	(100, 0, 9, 4),
	(101, 0, 9, 5),
	(102, 0, 9, 6),
	(103, 50, 9, 7),
	(104, 50, 9, 8),
	(105, 0, 9, 9),
	(106, 0, 9, 10),
	(107, 50, 9, 11),
	(108, 0, 9, 12),
	(109, 0, 10, 1),
	(110, 0, 10, 2),
	(111, 0, 10, 3),
	(112, 50, 10, 4),
	(113, 0, 10, 5),
	(114, 50, 10, 6),
	(115, 0, 10, 7),
	(116, 0, 10, 8),
	(117, 0, 10, 9),
	(118, 0, 10, 10),
	(119, 0, 10, 11),
	(120, 0, 10, 12),
	(121, 50, 11, 1),
	(122, 0, 11, 2),
	(123, 0, 11, 3),
	(124, 0, 11, 4),
	(125, 0, 11, 5),
	(126, 0, 11, 6),
	(127, 0, 11, 7),
	(128, 0, 11, 8),
	(129, 0, 11, 9),
	(130, 50, 11, 10),
	(131, 0, 11, 11),
	(132, 0, 11, 12),
	(133, 0, 12, 1),
	(134, 50, 12, 2),
	(135, 0, 12, 3),
	(136, 0, 12, 4),
	(137, 50, 12, 5),
	(138, 0, 12, 6),
	(139, 0, 12, 7),
	(140, 50, 12, 8),
	(141, 0, 12, 9),
	(142, 0, 12, 10),
	(143, 0, 12, 11),
	(144, 0, 12, 12),
	(145, 5, 13, 1),
	(146, 0, 13, 2),
	(147, 0, 13, 3),
	(148, 0, 13, 4),
	(149, 0, 13, 5),
	(150, 5, 13, 6),
	(151, 0, 13, 7),
	(152, 0, 13, 8),
	(153, 0, 13, 9),
	(154, 0, 13, 10),
	(155, 0, 13, 11),
	(156, 0, 13, 12),
	(157, 0, 14, 1),
	(158, 0, 14, 2),
	(159, 0, 14, 3),
	(160, 5, 14, 4),
	(161, 0, 14, 5),
	(162, 0, 14, 6),
	(163, 0, 14, 7),
	(164, 0, 14, 8),
	(165, 0, 14, 9),
	(166, 0, 14, 10),
	(167, 0, 14, 11),
	(168, 0, 14, 12),
	(169, 0, 15, 1),
	(170, 0, 15, 2),
	(171, 0, 15, 3),
	(172, 0, 15, 4),
	(173, 0, 15, 5),
	(174, 0, 15, 6),
	(175, 0, 15, 7),
	(176, 0, 15, 8),
	(177, 0, 15, 9),
	(178, 5, 15, 10),
	(179, 0, 15, 11),
	(180, 0, 15, 12),
	(181, 0, 16, 1),
	(182, 5, 16, 2),
	(183, 0, 16, 3),
	(184, 0, 16, 4),
	(185, 0, 16, 5),
	(186, 0, 16, 6),
	(187, 0, 16, 7),
	(188, 0, 16, 8),
	(189, 0, 16, 9),
	(190, 0, 16, 10),
	(191, 0, 16, 11),
	(192, 0, 16, 12),
	(193, 10, 17, 1),
	(194, 10, 17, 2),
	(195, 0, 17, 3),
	(196, 0, 17, 4),
	(197, 0, 17, 5),
	(198, 0, 17, 6),
	(199, 0, 17, 7),
	(200, 0, 17, 8),
	(201, 0, 17, 9),
	(202, 0, 17, 10),
	(203, 0, 17, 11),
	(204, 0, 17, 12),
	(205, 0, 18, 1),
	(206, 0, 18, 2),
	(207, 0, 18, 3),
	(208, 0, 18, 4),
	(209, 0, 18, 5),
	(210, 0, 18, 6),
	(211, 0, 18, 7),
	(212, 0, 18, 8),
	(213, 10, 18, 9),
	(214, 0, 18, 10),
	(215, 10, 18, 11),
	(216, 10, 18, 12),
	(217, 0, 19, 1),
	(218, 0, 19, 2),
	(219, 0, 19, 3),
	(220, 50, 19, 4),
	(221, 50, 19, 5),
	(222, 50, 19, 6),
	(223, 50, 19, 7),
	(224, 0, 19, 8),
	(225, 50, 19, 9),
	(226, 50, 19, 10),
	(227, 50, 19, 11),
	(228, 50, 19, 12),
	(229, 50, 20, 1),
	(230, 50, 20, 2),
	(231, 50, 20, 3),
	(232, 0, 20, 4),
	(233, 0, 20, 5),
	(234, 0, 20, 6),
	(235, 0, 20, 7),
	(236, 50, 20, 8),
	(237, 0, 20, 9),
	(238, 0, 20, 10),
	(239, 0, 20, 11),
	(240, 0, 20, 12),
	(241, 5, 21, 1),
	(242, 5, 21, 2),
	(243, 5, 21, 3),
	(244, 0, 21, 4),
	(245, 5, 21, 5),
	(246, 0, 21, 6),
	(247, 0, 21, 7),
	(248, 0, 21, 8),
	(249, 0, 21, 9),
	(250, 0, 21, 10),
	(251, 0, 21, 11),
	(252, 5, 21, 12),
	(253, 0, 22, 1),
	(254, 0, 22, 2),
	(255, 0, 22, 3),
	(256, 5, 22, 4),
	(257, 0, 22, 5),
	(258, 5, 22, 6),
	(259, 5, 22, 7),
	(260, 5, 22, 8),
	(261, 5, 22, 9),
	(262, 5, 22, 10),
	(263, 5, 22, 11),
	(264, 0, 22, 12);

-- 테이블 s10p12a409.youtube 구조 내보내기
CREATE TABLE IF NOT EXISTS `youtube` (
  `rank` int(11) NOT NULL,
  `youtube_id` varchar(100) COLLATE utf8mb4_bin DEFAULT NULL,
  `saved_at` timestamp NULL DEFAULT current_timestamp(),
  `thumbnail` varchar(100) COLLATE utf8mb4_bin DEFAULT NULL,
  PRIMARY KEY (`rank`)
) ENGINE=InnoDB DEFAULT CHARSET=utf8mb4 COLLATE=utf8mb4_bin;

-- 테이블 데이터 s10p12a409.youtube:~10 rows (대략적) 내보내기
INSERT INTO `youtube` (`rank`, `youtube_id`, `saved_at`, `thumbnail`) VALUES
	(1, 'gBf3zMXdzzo', '2024-02-15 11:57:29', 'https://i.ytimg.com/vi/gBf3zMXdzzo/mqdefault.jpg'),
	(2, 'DFaxVBLISOE', '2024-02-15 11:57:29', 'https://i.ytimg.com/vi/DFaxVBLISOE/mqdefault.jpg'),
	(3, 'gI4SEeLAJyE', '2024-02-15 11:57:29', 'https://i.ytimg.com/vi/gI4SEeLAJyE/mqdefault.jpg'),
	(4, 'PGkTZBvMc10', '2024-02-15 11:57:29', 'https://i.ytimg.com/vi/PGkTZBvMc10/mqdefault.jpg'),
	(5, 'yRSSToYC5Qs', '2024-02-15 11:57:29', 'https://i.ytimg.com/vi/yRSSToYC5Qs/mqdefault.jpg'),
	(6, 'Bq2La_g84NY', '2024-02-15 11:57:30', 'https://i.ytimg.com/vi/Bq2La_g84NY/mqdefault.jpg'),
	(7, 'Y3T4jSWH4ds', '2024-02-15 11:57:30', 'https://i.ytimg.com/vi/Y3T4jSWH4ds/mqdefault.jpg'),
	(8, 'ZRMQIzJnQa8', '2024-02-15 11:57:30', 'https://i.ytimg.com/vi/ZRMQIzJnQa8/mqdefault.jpg'),
	(9, 'NXtF1U7EIe4', '2024-02-15 11:57:30', 'https://i.ytimg.com/vi/NXtF1U7EIe4/mqdefault.jpg'),
	(10, '2kqSPpy9l-w', '2024-02-15 11:57:30', 'https://i.ytimg.com/vi/2kqSPpy9l-w/mqdefault.jpg');

/*!40103 SET TIME_ZONE=IFNULL(@OLD_TIME_ZONE, 'system') */;
/*!40101 SET SQL_MODE=IFNULL(@OLD_SQL_MODE, '') */;
/*!40014 SET FOREIGN_KEY_CHECKS=IFNULL(@OLD_FOREIGN_KEY_CHECKS, 1) */;
/*!40101 SET CHARACTER_SET_CLIENT=@OLD_CHARACTER_SET_CLIENT */;
/*!40111 SET SQL_NOTES=IFNULL(@OLD_SQL_NOTES, 1) */;
